personnel_number;subtype;end_date;start_date;full_name;subtype_name;position_name;business_unit;divisi;dept;nama_training;tanggal_training;nama_provider;jenis_training;kategori;venue;cost_center;currency;price;training_by_company;pillar;stem;skill_name;validity_period;license_certif_no;time_from;time_to;learning_hours;learning_days;currency_training;start_date_training;end_date_training;dev_point;kategori_training;jenis_training_t;pillar_training;stem_training
54735;TRAIN;12/10/2024;11/10/2024;Eko Salim;Training Interface;Coordinator;INFORMATION TECHNOLOGY;INTERNAL AUDIT DIVISION;ACCOUNTING DEPT DEPARTMENT;Keselamatan Pertambangan ;2024;Internal Trainer;WORKSHOP;SOFT;Surabaya HQ;CC9724;IDR;0;X;FIN;NSGML;Safety;;;08:00;17:00;16;2;IDR;11/10/2024;12/10/2024;3;Technical Skill;Training;Finance;STEM Technical
EMP085345;;22/05/2023;18/05/2023;Employee EMP085345;Self Reported;Department Head;PROPERTY;MAINTENANCE DIVISION;TAX DEPARTMENT;Leadership Essential;2023;Internal Trainer;CERT;SOFT;Bali Resort;CC3925;IDR;0;X;FIN;STEM;Leadership;;;08:00;17:00;16;2;IDR;18/05/2023;22/05/2023;2;Leadership;Certification;Finance;STEM Engineering
20178;;13/05/2022;11/05/2022;Hana Pangestu;Self Reported;Analyst;LEGAL & COMPLIANCE;TREASURY DIVISION;LEGAL DEPT DEPARTMENT;Cybersecurity Fundamental;2022;Coursera;CERT;SOFT;Jakarta Office;CC9541;USD;0;;HRS;NSTEM;CYBERSECURITY;;;08:00;17:00;24;3;IDR;11/05/2022;13/05/2022;4;Technical Skill;Certification;Engineering;Non-STEM General Management Le
EMP085068;;10/07/2025;26/06/2025;Employee EMP085068;Manual Entry;Senior Analyst;FORESTRY & PLANTATION;ENGINEERING DIVISION;DRILLING DEPARTMENT;ESG Reporting;2025;GRI;WORKSHOP;COMPL;Surabaya HQ;CC6417;USD;3500000;Y;FIN;STEM;ESG;;;08:00;17:00;12;1;IDR;26/06/2025;10/07/2025;4;Technical Skill;Certification;Management Science;Non-STEM General Management Le
EMP087048;TRAIN;18/02/2023;08/02/2023;Employee EMP087048;Training Interface;Department Head;LOGISTICS;INTERNAL AUDIT DIVISION;TAX DEPARTMENT;Finance for Non Finance;2023;Coursera;TRAIN;COMPL;Online;CC9147;USD;0;Y;TEC;NSGML;Finance;36;CERT-20138;08:00;17:00;12;1;IDR;08/02/2023;18/02/2023;4;Technical Skill;Certification;Engineering;Non-STEM General Management Le
EMP085030;;06/05/2024;01/05/2024;Bunga Jaya;Manual Entry;Senior Operator;FINANCIAL SERVICES;INTERNAL AUDIT DIVISION;LOGISTICS DEPARTMENT;PMP Preparation;2024;PMI Indonesia;WORKSHOP;COMPL;Jakarta Office;CC4546;USD;3500000;Y;HRS;NSGML;PROJECT MANAGEMENT;12;CERT-42801;08:00;17:00;32;4;IDR;01/05/2024;06/05/2024;4;Soft Skill;Workshop;Human Capital;STEM Engineering
EMP085127;;15/10/2024;10/10/2024;F. Nainggolan;Training Interface;Operator;TRADING;PROCUREMENT DIVISION;RECRUITMENT DEPARTMENT;Keselamatan Pertambangan;2024;Internal Trainer;CERT;COMPL;Jakarta Office;CC4043;IDR;3500000;X;TEC;STEM;Safety;;;08:00;17:00;16;2;IDR;10/10/2024;15/10/2024;1;Technical Skill;Certification;Engineering;Non-STEM General Management Le
25391;CERT;24/08/2023;23/08/2023;Joko Hidayat;Manual Entry;Senior Analyst;FINANCE & ACCOUNTING;TREASURY DIVISION;TAX DEPARTMENT;pmp preparation;2023;PMI Indonesia;WORKSHOP;TECH;Surabaya HQ;CC9113;USD;3500000;Y;FIN;STEM;PROJECT MANAGEMENT;;;08:00;17:00;32;4;IDR;23/08/2023;24/08/2023;5;Soft Skill;Workshop;Finance;Non-STEM General Management Le
EMP085144;;04/01/2026;26/12/2025;GALIH YULIANTO;Manual Entry;General Manager;FORESTRY & PLANTATION;PROCUREMENT DIVISION;QUALITY CONTROL DEPARTMENT;Risk Factor In Merger Acquisition;2025;Internal Trainer;DEVEL;LEAD;Jakarta Office;CC3796;IDR;3500000;X;FIN;STEM;M&A;;;08:00;17:00;8;1;IDR;26/12/2025;04/01/2026;2;Technical Skill;Workshop;Management Science;STEM Engineering
EMP089030;TRAIN;12/08/2025;29/07/2025;Fahmi Halim;Self Reported;Manager;TRADING;TREASURY DIVISION;LOGISTICS DEPARTMENT;Pengambilan Keputusan Strategis;2025;INSEAD;DEVEL;COMPL;Surabaya HQ;CC9398;USD;1500000;X;MGS;STEM;Strategy;0;CERT-34013;08:00;17:00;20;2;IDR;29/07/2025;12/08/2025;3;Leadership;Training;Finance;STEM Technical
EMP085353;CERT;14/07/2023;03/07/2023;Wendi Handoko;Manual Entry;Section Head;PROPERTY;TALENT MANAGEMENT DIVISION;QUALITY CONTROL DEPARTMENT;ESG Reporting ;2023;GRI;TRAIN;SOFT;Bali Resort;CC8577;USD;0;X;HRS;NSGML;ESG;24;CERT-90533;08:00;17:00;12;1;IDR;03/07/2023;14/07/2023;4;Technical Skill;Seminar;Finance;Non-STEM General Management Le
EMP087016;CERT;27/07/2025;13/07/2025;Employee EMP087016;Manual Entry;Officer;LOGISTICS;ENGINEERING DIVISION;TAX DEPARTMENT;Komunikasi Efektif ;2025;Dale Carnegie ID;DEVEL;TECH;Jakarta Office;CC4808;IDR;7500000;X;HRS;NSGML;COMMUNICATION;;;08:00;17:00;8;1;IDR;13/07/2025;27/07/2025;5;Soft Skill;Workshop;Management Science;STEM Technical
82471;TRAIN;05/08/2025;25/07/2025;Ivan Oetomo;Self Reported;Senior Engineer;SUPPLY CHAIN;TALENT MANAGEMENT DIVISION;LEGAL DEPT DEPARTMENT;Komunikasi Efektif ;2025;Dale Carnegie ID;DEVEL;LEAD;Jakarta Office;CC1284;IDR;7500000;X;MGS;NSTEM;COMMUNICATION;;;08:00;17:00;8;1;IDR;25/07/2025;05/08/2025;4;Soft Skill;Certification;Engineering;STEM Technical
EMP085245;TRAIN;09/01/2024;26/12/2023;Doni Widodo;Training Interface;Specialist;AGRIBUSINESS;PROCUREMENT DIVISION;TAX DEPARTMENT;Strategi Transformasi Digital;2023;MIT Sloan Executive;TRAIN;COMPL;Jakarta Office;CC8320;USD;7500000;X;FIN;STEM;DIGITAL STRATEGY;24;CERT-72213;08:00;17:00;24;3;IDR;26/12/2023;09/01/2024;3;Leadership;Workshop;Engineering;STEM Technical
56835;CERT;17/08/2023;09/08/2023;Bayu Nasution;Manual Entry;Senior Engineer;SUPPLY CHAIN;TREASURY DIVISION;FINANCE DEPT DEPARTMENT;PMP Preparation ;2023;PMI Indonesia;WORKSHOP;LEAD;;CC1234;USD;3500000;X;TEC;NSGML;Project Management;36;CERT-92577;08:00;17:00;32;4;IDR;09/08/2023;17/08/2023;4;Soft Skill;Training;Management Science;STEM Technical
48847;TRAIN;04/10/2025;21/09/2025;Kartika Iskandar;Manual Entry;Engineer;HUMAN RESOURCES;PRODUCTION DIVISION;CORPORATE QUALITY CONTROL DEPARTMENT;Risk Factor In Merger Acquisition;2025;Internal Trainer;CERT;LEAD;Bali Resort;CC2960;IDR;3500000;;HRS;NSTEM;M&A;12;CERT-69849;08:00;17:00;8;1;IDR;21/09/2025;04/10/2025;4;Technical Skill;Certification;Finance;Non-STEM General Management Le
EMP089020;;08/08/2022;05/08/2022;Sri Wijaya;Manual Entry;Operator;TRADING;ENGINEERING DIVISION;DRILLING DEPARTMENT;Data Analytics Advance;2022;Coursera;WORKSHOP;TECH;Jakarta Office;CC4618;USD;1500000;X;MGS;NSGML;DATA ANALYTICS;;;08:00;17:00;40;5;IDR;05/08/2022;08/08/2022;1;Technical Skill;Seminar;Engineering;STEM Engineering
EMP089023;;09/05/2022;27/04/2022;Taufik Sari;Self Reported;Senior Operator;LOGISTICS;MAINTENANCE DIVISION;LOGISTICS DEPARTMENT;ESG Reporting;2022;GRI;DEVEL;TECH;Bali Resort;CC7373;USD;0;Y;FIN;NSGML;ESG;;;08:00;17:00;12;1;IDR;27/04/2022;09/05/2022;4;Technical Skill;Certification;Human Capital;STEM Technical
EMP085258;;16/06/2024;09/06/2024;Aldhi Usman;Self Reported;Operator;TRADING;TALENT MANAGEMENT DIVISION;TAX DEPARTMENT;Data Analytics Advance;2024;Coursera;WORKSHOP;TECH;Jakarta Office;CC7962;USD;0;Y;FIN;STEM;DATA ANALYTICS;24;CERT-64769;08:00;17:00;40;5;IDR;09/06/2024;16/06/2024;4;Technical Skill;Workshop;Finance;Non-STEM General Management Le
EMP085415;TRAIN;27/09/2024;19/09/2024;Ayu Ginanjar;Self Reported;General Manager;PETROCHEMICAL;TALENT MANAGEMENT DIVISION;PLANT 2 DEPARTMENT;Finance for Non Finance;2024;Coursera;CERT;SOFT;Online;CC1295;USD;3500000;;MGS;NSGML;FINANCE;36;CERT-81883;08:00;17:00;12;1;IDR;19/09/2024;27/09/2024;2;Technical Skill;Training;Management Science;STEM Engineering
EMP085059;CERT;10/06/2025;08/06/2025;HADI TANJUNG;Training Interface;Specialist;AGRIBUSINESS;TREASURY DIVISION;LOGISTICS DEPARTMENT;Leadership Essential;2025;Internal Trainer;TRAIN;COMPL;Online;CC8640;IDR;1500000;;HRS;NSTEM;Leadership;12;CERT-69641;08:00;17:00;16;2;IDR;08/06/2025;10/06/2025;3;Leadership;Seminar;Finance;Non-STEM General Management Le
EMP085397;CERT;19/05/2022;10/05/2022;Qomar Usman;Training Interface;Manager;PROPERTY;PROCUREMENT DIVISION;LOGISTICS DEPARTMENT;Komunikasi Efektif ;2022;Dale Carnegie ID;DEVEL;COMPL;;CC9160;IDR;1500000;;MGS;NSTEM;Communication;36;CERT-22730;08:00;17:00;8;1;IDR;10/05/2022;19/05/2022;1;Soft Skill;Training;Finance;Non-STEM General Management Le
EMP089024;CERT;13/08/2024;12/08/2024;Yuni Wibowo;Manual Entry;Department Head;LOGISTICS;ENGINEERING DIVISION;LOGISTICS DEPARTMENT;pengambilan keputusan strategis;2024;INSEAD;CERT;LEAD;;CC9876;USD;1500000;;MGS;NSTEM;STRATEGY;;;08:00;17:00;20;2;IDR;12/08/2024;13/08/2024;4;Leadership;Training;Finance;STEM Technical
78933;TRAIN;21/01/2025;13/01/2025;Yogi Nasution;Training Interface;Section Head;ENGINEERING;INTERNAL AUDIT DIVISION;OPERATIONS DEPT DEPARTMENT;SAP S4HANA Basic ;2025;SAP Education ID;CERT;COMPL;Bali Resort;CC5908;IDR;0;X;FIN;NSTEM;SAP;;;08:00;17:00;32;4;IDR;13/01/2025;21/01/2025;4;Technical Skill;Seminar;Engineering;Non-STEM General Management Le
EMP087033;CERT;09/10/2025;02/10/2025;Dewi Nainggolan;Manual Entry;Specialist;FORESTRY & PLANTATION;PROCUREMENT DIVISION;TAX DEPARTMENT;Komunikasi Efektif;2025;Dale Carnegie ID;TRAIN;SOFT;;CC9570;IDR;0;Y;TEC;NSTEM;COMMUNICATION;12;CERT-71718;08:00;17:00;8;1;IDR;02/10/2025;09/10/2025;2;Soft Skill;Workshop;Engineering;Non-STEM General Management Le
90085;;29/04/2022;16/04/2022;Qomar Haryadi;Manual Entry;Section Head;SUPPLY CHAIN;INTERNAL AUDIT DIVISION;HSE DEPT DEPARTMENT;Data Analytics Advance;2022;Coursera;TRAIN;SOFT;Surabaya HQ;CC9914;USD;1500000;;MGS;NSGML;Data Analytics;36;CERT-69489;08:00;17:00;40;5;IDR;16/04/2022;29/04/2022;2;Technical Skill;Workshop;Management Science;STEM Engineering
34966;;24/03/2022;15/03/2022;Arief Atmaja;Self Reported;Operator;MINING OPERATIONS (HOLDING);INTERNAL AUDIT DIVISION;PLANT 1 DEPARTMENT;Komunikasi Efektif;2022;Dale Carnegie ID;TRAIN;TECH;Jakarta Office;CC7038;IDR;0;Y;HRS;NSTEM;COMMUNICATION;0;CERT-77849;08:00;17:00;8;1;IDR;15/03/2022;24/03/2022;3;Soft Skill;Workshop;Engineering;Non-STEM General Management Le
EMP087045;;17/09/2022;12/09/2022;Joko Nainggolan;Training Interface;Senior Operator;FINANCIAL SERVICES;TALENT MANAGEMENT DIVISION;PAYROLL DEPARTMENT;Strategi Transformasi Digital;2022;MIT Sloan Executive;TRAIN;SOFT;Bali Resort;CC9171;USD;0;Y;HRS;NSGML;DIGITAL STRATEGY;0;CERT-66164;08:00;17:00;24;3;IDR;12/09/2022;17/09/2022;2;Leadership;Seminar;Finance;Non-STEM General Management Le
EMP085241;;13/01/2024;03/01/2024;Haris Adiputra;Self Reported;Senior Operator;AGRIBUSINESS;PROCUREMENT DIVISION;DRILLING DEPARTMENT;Cybersecurity Fundamental;2024;Coursera;DEVEL;TECH;;CC5823;USD;0;X;HRS;NSTEM;Cybersecurity;;;08:00;17:00;24;3;IDR;03/01/2024;13/01/2024;4;Technical Skill;Certification;Finance;STEM Engineering
EMP085332;TRAIN;18/07/2025;07/07/2025;Wahyu Gunadi;Manual Entry;Specialist;FINANCIAL SERVICES;INTERNAL AUDIT DIVISION;RECRUITMENT DEPARTMENT;Data Analytics Advance;2025;Coursera;DEVEL;SOFT;Bali Resort;CC3176;USD;1500000;X;HRS;NSGML;Data Analytics;36;CERT-15916;08:00;17:00;40;5;IDR;07/07/2025;18/07/2025;2;Technical Skill;Certification;Finance;Non-STEM General Management Le
99593;CERT;23/11/2022;12/11/2022;A. Salim;Training Interface;Department Head;INFORMATION TECHNOLOGY;ENGINEERING DIVISION;ENGINEERING DEPT DEPARTMENT;Data Analytics Advance;2022;Coursera;WORKSHOP;COMPL;Online;CC8738;USD;500000;;TEC;STEM;Data Analytics;0;CERT-59054;08:00;17:00;40;5;IDR;12/11/2022;23/11/2022;4;Technical Skill;Workshop;Finance;Non-STEM General Management Le
56178;TRAIN;01/12/2022;25/11/2022;BENNY HALIM;Manual Entry;Senior Engineer;CORPORATE AFFAIRS;ENGINEERING DIVISION;CORPORATE AFFAIRS DEPT DEPARTMENT;ESG Reporting;2022;GRI;CERT;COMPL;Jakarta Office;CC3224;USD;0;;TEC;NSGML;ESG;;;08:00;17:00;12;1;IDR;25/11/2022;01/12/2022;3;Technical Skill;Workshop;Management Science;STEM Engineering
EMP087012;TRAIN;16/03/2023;07/03/2023;Doni Setiawan;Training Interface;Engineer;ENERGY GROUP;MAINTENANCE DIVISION;CORPORATE PLANT 2 DEPARTMENT;Coaching Performance;2023;Internal Trainer;TRAIN;LEAD;Surabaya HQ;CC1615;IDR;0;X;FIN;STEM;COACHING;0;CERT-75902;08:00;17:00;16;2;IDR;07/03/2023;16/03/2023;1;Leadership;Seminar;Finance;STEM Engineering
EMP085095;CERT;22/02/2024;12/02/2024;Employee EMP085095;Manual Entry;Supervisor;PROPERTY;TREASURY DIVISION;PLANT 1 DEPARTMENT;Komunikasi Efektif;2024;Dale Carnegie ID;CERT;SOFT;Surabaya HQ;CC8531;IDR;0;Y;TEC;STEM;COMMUNICATION;12;CERT-90005;08:00;17:00;8;1;IDR;12/02/2024;22/02/2024;4;Soft Skill;Certification;Human Capital;Non-STEM General Management Le
10954;CERT;11/08/2024;10/08/2024;Siti Wahyudi;Self Reported;Senior Engineer;MINING OPERATIONS;MAINTENANCE DIVISION;TAX DEPARTMENT;coaching performance;2024;Internal Trainer;TRAIN;SOFT;Jakarta Office;CC5388;IDR;3500000;;HRS;NSGML;COACHING;24;CERT-93188;08:00;17:00;16;2;IDR;10/08/2024;11/08/2024;3;Leadership;Seminar;Engineering;Non-STEM General Management Le
EMP085292;TRAIN;09/01/2026;29/12/2025;Veri Fajari;Manual Entry;Senior Analyst;FORESTRY & PLANTATION;TREASURY DIVISION;LOGISTICS DEPARTMENT;Pengambilan Keputusan Strategis;2025;INSEAD;DEVEL;LEAD;Online;CC7089;USD;0;Y;HRS;NSGML;Strategy;12;CERT-65698;08:00;17:00;20;2;IDR;29/12/2025;09/01/2026;3;Leadership;Workshop;Finance;Non-STEM General Management Le
EMP085275;CERT;09/04/2022;31/03/2022;Employee EMP085275;Training Interface;Specialist;TRADING;PROCUREMENT DIVISION;DRILLING DEPARTMENT;leadership essential;2022;Internal Trainer;WORKSHOP;COMPL;Surabaya HQ;CC5660;IDR;0;;FIN;NSTEM;Leadership;36;CERT-23863;08:00;17:00;16;2;IDR;31/03/2022;09/04/2022;2;Leadership;Workshop;Management Science;STEM Engineering
EMP085306;TRAIN;13/01/2024;06/01/2024;Benny Zainal;Self Reported;Coordinator;CORPORATE CENTER;TREASURY DIVISION;PIPELINE DEPARTMENT;Data Analytics Advance;2024;Coursera;DEVEL;LEAD;Jakarta Office;CC3054;USD;500000;X;FIN;STEM;DATA ANALYTICS;;;08:00;17:00;40;5;IDR;06/01/2024;13/01/2024;4;Technical Skill;Seminar;Management Science;STEM Engineering
EMP087004;;25/10/2022;11/10/2022;Doni Iskandar;Self Reported;Senior Operator;LOGISTICS (HOLDING);MAINTENANCE DIVISION;LOGISTICS DEPARTMENT;MS Excel Lanjutan ;2022;kelas.work;CERT;COMPL;Jakarta Office;CC4023;USD;500000;Y;TEC;NSGML;MS EXCEL;0;CERT-22564;08:00;17:00;16;2;IDR;11/10/2022;25/10/2022;3;Technical Skill;Seminar;Management Science;STEM Engineering
EMP085409;TRAIN;21/08/2022;10/08/2022;Xena Nasution;Manual Entry;Manager;TRADING;ENGINEERING DIVISION;PLANT 1 DEPARTMENT;ESG Reporting;2022;GRI;CERT;SOFT;;CC2201;USD;1500000;X;FIN;NSTEM;ESG;36;CERT-30154;08:00;17:00;12;1;IDR;10/08/2022;21/08/2022;3;Technical Skill;Training;Management Science;STEM Technical
22812;TRAIN;28/02/2022;22/02/2022;Bambang Nugroho;Manual Entry;Specialist;HUMAN RESOURCES;ENGINEERING DIVISION;HEAVY EQUIPMENT DEPARTMENT;Keselamatan Pertambangan;2022;Internal Trainer;TRAIN;COMPL;Jakarta Office;CC5921;IDR;3500000;;FIN;STEM;Safety;12;CERT-95005;08:00;17:00;16;2;IDR;22/02/2022;28/02/2022;5;Technical Skill;Certification;Engineering;STEM Engineering
EMP085207;CERT;17/06/2024;15/06/2024;Hendra Chandra;Training Interface;Manager;FINANCIAL SERVICES;PROCUREMENT DIVISION;DRILLING DEPARTMENT;Pengambilan Keputusan Strategis;2024;INSEAD;DEVEL;SOFT;Jakarta Office;CC7804;USD;500000;X;MGS;STEM;Strategy;12;CERT-11178;08:00;17:00;20;2;IDR;15/06/2024;17/06/2024;4;Leadership;Workshop;Human Capital;STEM Engineering
16061;;09/06/2023;30/05/2023;VICTOR DIANTO;Training Interface;Specialist;INFORMATION TECHNOLOGY;INTERNAL AUDIT DIVISION;FINANCE DEPT DEPARTMENT;ESG Reporting;2023;GRI;CERT;TECH;Surabaya HQ;CC5385;USD;0;X;MGS;NSTEM;ESG;24;CERT-32843;08:00;17:00;12;1;IDR;30/05/2023;09/06/2023;3;Technical Skill;Seminar;Finance;Non-STEM General Management Le
EMP085266;;10/11/2025;31/10/2025;Bambang Kusuma;Manual Entry;General Manager;PROPERTY;INTERNAL AUDIT DIVISION;PAYROLL DEPARTMENT;Coaching Performance ;2025;Internal Trainer;DEVEL;COMPL;Surabaya HQ;CC1439;IDR;0;;TEC;NSTEM;Coaching;24;CERT-60467;08:00;17:00;16;2;IDR;31/10/2025;10/11/2025;4;Leadership;Certification;Human Capital;STEM Technical
22812;;03/11/2022;21/10/2022;Bambang Nugroho;Manual Entry;Specialist;HUMAN RESOURCES;ENGINEERING DIVISION;HEAVY EQUIPMENT DEPARTMENT;PMP Preparation;2022;PMI Indonesia;DEVEL;TECH;Surabaya HQ;CC6133;USD;0;X;MGS;NSTEM;Project Management;;;08:00;17:00;32;4;IDR;21/10/2022;03/11/2022;2;Soft Skill;Training;Finance;STEM Technical
EMP085417;;24/09/2024;22/09/2024;Jaka Sari;Training Interface;General Manager;MINING OPERATIONS;MAINTENANCE DIVISION;PLANT 1 DEPARTMENT;Data Analytics Advance;2024;Coursera;DEVEL;SOFT;Bali Resort;CC2759;USD;3500000;X;HRS;NSTEM;DATA ANALYTICS;36;CERT-63267;08:00;17:00;40;5;IDR;22/09/2024;24/09/2024;4;Technical Skill;Workshop;Engineering;Non-STEM General Management Le
EMP085438;TRAIN;22/10/2022;19/10/2022;Okky Budiman;Training Interface;Section Head;FORESTRY & PLANTATION;MAINTENANCE DIVISION;TAX DEPARTMENT;Teknik Negosiasi;2022;Harvard Online;CERT;SOFT;Bali Resort;CC9069;USD;7500000;Y;TEC;NSGML;NEGOTIATION;24;CERT-87525;08:00;17:00;16;2;IDR;19/10/2022;22/10/2022;3;Soft Skill;Seminar;Finance;Non-STEM General Management Le
35473;CERT;24/12/2025;17/12/2025;Veri Purwanto;Manual Entry;Senior Analyst;FINANCE & ACCOUNTING;PRODUCTION DIVISION;IT DEPT DEPARTMENT;Teknik Negosiasi;2025;Harvard Online;TRAIN;TECH;Jakarta Office;CC5523;USD;0;Y;HRS;STEM;NEGOTIATION;;;08:00;17:00;16;2;IDR;17/12/2025;24/12/2025;2;Soft Skill;Seminar;Finance;STEM Technical
90635;;02/02/2024;23/01/2024;M. Susanto;Manual Entry;Manager;FINANCE & ACCOUNTING;INTERNAL AUDIT DIVISION;QUALITY CONTROL DEPARTMENT;Risk Factor In Merger Acquisition;2024;Internal Trainer;DEVEL;TECH;;CC3497;IDR;0;X;HRS;STEM;M&A;;;08:00;17:00;8;1;IDR;23/01/2024;02/02/2024;5;Technical Skill;Training;Engineering;STEM Engineering
EMP085028;;06/05/2025;24/04/2025;RAHMAD SIREGAR;Manual Entry;Senior Operator;ENERGY GROUP;MAINTENANCE DIVISION;RECRUITMENT DEPARTMENT;Coaching Performance;2025;Internal Trainer;WORKSHOP;SOFT;Jakarta Office;CC6796;IDR;3500000;;TEC;NSTEM;COACHING;;;08:00;17:00;16;2;IDR;24/04/2025;06/05/2025;2;Leadership;Certification;Engineering;Non-STEM General Management Le
EMP085030;TRAIN;18/12/2024;10/12/2024;Bunga Jaya;Training Interface;Senior Operator;FINANCIAL SERVICES;INTERNAL AUDIT DIVISION;LOGISTICS DEPARTMENT;Coaching Performance;2024;Internal Trainer;DEVEL;SOFT;Bali Resort;CC7238;IDR;0;X;FIN;STEM;Coaching;;;08:00;17:00;16;2;IDR;10/12/2024;18/12/2024;4;Leadership;Workshop;Human Capital;STEM Technical
38435;CERT;04/05/2024;30/04/2024;Yogi Kartono;Training Interface;Supervisor;HUMAN RESOURCES;MAINTENANCE DIVISION;HR DEPT DEPARTMENT;leadership essential;2024;Internal Trainer;TRAIN;LEAD;;CC9452;IDR;1500000;;MGS;NSTEM;LEADERSHIP;0;CERT-21483;08:00;17:00;16;2;IDR;30/04/2024;04/05/2024;5;Leadership;Certification;Engineering;STEM Engineering
EMP085024;TRAIN;13/05/2023;11/05/2023;Hana Cokro;Training Interface;Senior Engineer;AGRIBUSINESS;TALENT MANAGEMENT DIVISION;CORPORATE PLANT 2 DEPARTMENT;MS Excel Lanjutan;2023;kelas.work;CERT;TECH;Online;CC8802;USD;7500000;;HRS;NSTEM;MS EXCEL;24;CERT-79059;08:00;17:00;16;2;IDR;11/05/2023;13/05/2023;3;Technical Skill;Certification;Engineering;STEM Technical
EMP089022;;09/05/2022;03/05/2022;Fahmi Susanto;Self Reported;Section Head;TRADING;PRODUCTION DIVISION;PIPELINE DEPARTMENT;Finance for Non Finance;2022;Coursera;CERT;SOFT;Online;CC9499;USD;1500000;Y;HRS;STEM;FINANCE;;;08:00;17:00;12;1;IDR;03/05/2022;09/05/2022;3;Technical Skill;Workshop;Finance;STEM Engineering
91838;TRAIN;22/07/2023;09/07/2023;Bayu Purnama;Manual Entry;Supervisor;HUMAN RESOURCES (HOLDING);ENGINEERING DIVISION;LOGISTICS DEPARTMENT;Leadership Essential;2023;Internal Trainer;WORKSHOP;SOFT;;CC6555;IDR;1500000;;HRS;NSGML;LEADERSHIP;36;CERT-51652;08:00;17:00;16;2;IDR;09/07/2023;22/07/2023;4;Leadership;Workshop;Finance;Non-STEM General Management Le
EMP085407;CERT;13/11/2022;12/11/2022;Kevin Fajari;Manual Entry;Manager;TRADING;PROCUREMENT DIVISION;DRILLING DEPARTMENT;Teknik Negosiasi;2022;Harvard Online;WORKSHOP;LEAD;Online;CC8735;USD;7500000;Y;FIN;NSGML;NEGOTIATION;;;08:00;17:00;16;2;IDR;12/11/2022;13/11/2022;4;Soft Skill;Seminar;Engineering;Non-STEM General Management Le
62054;CERT;08/08/2022;02/08/2022;Krisna Yulianto;Self Reported;Manager;ENGINEERING;ENGINEERING DIVISION;OPERATIONS DEPT DEPARTMENT;ESG Reporting ;2022;GRI;WORKSHOP;SOFT;Bali Resort;CC2193;USD;3500000;Y;HRS;NSTEM;ESG;0;CERT-35278;08:00;17:00;12;1;IDR;02/08/2022;08/08/2022;2;Technical Skill;Certification;Finance;STEM Technical
EMP085160;TRAIN;02/03/2024;26/02/2024;Cika Wijaya;Manual Entry;Coordinator;FINANCIAL SERVICES;ENGINEERING DIVISION;RECRUITMENT DEPARTMENT;MS Excel Lanjutan;2024;kelas.work;DEVEL;LEAD;Surabaya HQ;CC6682;USD;3500000;X;HRS;NSTEM;MS EXCEL;36;CERT-44939;08:00;17:00;16;2;IDR;26/02/2024;02/03/2024;4;Technical Skill;Seminar;Engineering;Non-STEM General Management Le
96900;CERT;03/03/2025;21/02/2025;Cika Firmansyah;Manual Entry;Engineer;HSE;MAINTENANCE DIVISION;HR DEPT DEPARTMENT;Risk Factor In Merger Acquisition;2025;Internal Trainer;CERT;TECH;Surabaya HQ;CC6692;IDR;500000;X;FIN;NSTEM;M&A;24;CERT-81589;08:00;17:00;8;1;IDR;21/02/2025;03/03/2025;2;Technical Skill;Workshop;Human Capital;STEM Engineering
31872;;16/08/2025;14/08/2025;Leni Gunawan;Training Interface;Engineer;HSE;MAINTENANCE DIVISION;HSE DEPT DEPARTMENT;ESG Reporting;2025;GRI;DEVEL;SOFT;Jakarta Office;CC9035;USD;500000;;FIN;NSTEM;ESG;12;CERT-89894;08:00;17:00;12;1;IDR;14/08/2025;16/08/2025;2;Technical Skill;Training;Management Science;Non-STEM General Management Le
EMP085396;;22/03/2023;12/03/2023;Lisa Basuki;Manual Entry;Analyst;MINING OPERATIONS;PROCUREMENT DIVISION;LOGISTICS DEPARTMENT;Finance for Non Finance;2023;Coursera;TRAIN;LEAD;Jakarta Office;CC7476;USD;500000;;MGS;NSGML;Finance;;;08:00;17:00;12;1;IDR;12/03/2023;22/03/2023;3;Technical Skill;Seminar;Engineering;STEM Engineering
92616;TRAIN;22/02/2024;12/02/2024;Tara Indrawan;Training Interface;Senior Operator;SUPPLY CHAIN;PROCUREMENT DIVISION;FINANCE DEPT DEPARTMENT;Komunikasi Efektif ;2024;Dale Carnegie ID;CERT;COMPL;;CC6760;IDR;0;X;MGS;STEM;Communication;24;CERT-59034;08:00;17:00;8;1;IDR;12/02/2024;22/02/2024;4;Soft Skill;Seminar;Human Capital;STEM Technical
56694;;10/08/2025;06/08/2025;Wulan Nugroho;Manual Entry;Senior Operator;CORPORATE;TREASURY DIVISION;HEAVY EQUIPMENT DEPARTMENT;Finance for Non Finance;2025;Coursera;DEVEL;TECH;Bali Resort;CC5469;USD;0;X;MGS;NSTEM;Finance;0;CERT-88964;08:00;17:00;12;1;IDR;06/08/2025;10/08/2025;1;Technical Skill;Seminar;Finance;STEM Technical
20644;CERT;06/11/2022;29/10/2022;Joko Atmaja;Manual Entry;Manager;CORPORATE;MAINTENANCE DIVISION;PLANT 1 DEPARTMENT;Data Analytics Advance;2022;Coursera;WORKSHOP;COMPL;;CC2977;USD;0;Y;MGS;STEM;DATA ANALYTICS;24;CERT-19831;08:00;17:00;40;5;IDR;29/10/2022;06/11/2022;2;Technical Skill;Certification;Management Science;STEM Technical
EMP085465;TRAIN;06/05/2022;28/04/2022;Yogi Rizaldi;Training Interface;Specialist;PETROCHEMICAL;TALENT MANAGEMENT DIVISION;PLANT 2 DEPARTMENT;Risk Factor In Merger Acquisition ;2022;Internal Trainer;DEVEL;TECH;Jakarta Office;CC1061;IDR;7500000;;TEC;STEM;M&A;12;CERT-84500;08:00;17:00;8;1;IDR;28/04/2022;06/05/2022;2;Technical Skill;Workshop;Human Capital;STEM Engineering
92815;CERT;08/06/2024;05/06/2024;Teguh Utama;Self Reported;Section Head;FINANCE & ACCOUNTING;ENGINEERING DIVISION;ENGINEERING DEPT DEPARTMENT;Cybersecurity Fundamental;2024;Coursera;CERT;COMPL;Bali Resort;CC5312;USD;500000;;FIN;NSTEM;CYBERSECURITY;12;CERT-51060;08:00;17:00;24;3;IDR;05/06/2024;08/06/2024;3;Technical Skill;Seminar;Engineering;STEM Engineering
EMP085226;TRAIN;01/08/2024;18/07/2024;Galih Gunadi;Self Reported;Senior Operator;PETROCHEMICAL;MAINTENANCE DIVISION;CORPORATE PAYROLL DEPARTMENT;Komunikasi Efektif ;2024;Dale Carnegie ID;DEVEL;SOFT;Online;CC1273;IDR;500000;;FIN;STEM;Communication;;;08:00;17:00;8;1;IDR;18/07/2024;01/08/2024;5;Soft Skill;Certification;Management Science;STEM Technical
35134;TRAIN;05/11/2025;23/10/2025;Budi Ertanto;Training Interface;Analyst;CORPORATE;PROCUREMENT DIVISION;OPERATIONS DEPT DEPARTMENT;Finance for Non Finance;2025;Coursera;TRAIN;TECH;Online;CC2741;USD;0;Y;FIN;NSTEM;Finance;24;CERT-63220;08:00;17:00;12;1;IDR;23/10/2025;05/11/2025;3;Technical Skill;Workshop;Engineering;STEM Technical
27206;CERT;07/04/2022;29/03/2022;Elsa Mahendra;Training Interface;Section Head;FINANCE & ACCOUNTING;PROCUREMENT DIVISION;ACCOUNTING DEPT DEPARTMENT;Finance for Non Finance;2022;Coursera;TRAIN;LEAD;Surabaya HQ;CC7274;USD;0;X;TEC;NSGML;Finance;0;CERT-85479;08:00;17:00;12;1;IDR;29/03/2022;07/04/2022;1;Technical Skill;Certification;Human Capital;STEM Engineering
EMP085377;;23/09/2025;10/09/2025;Hadi Santoso;Manual Entry;Supervisor;FINANCIAL SERVICES;TALENT MANAGEMENT DIVISION;PLANT 1 DEPARTMENT;Strategi Transformasi Digital;2025;MIT Sloan Executive;WORKSHOP;LEAD;;CC4168;USD;1500000;;HRS;NSGML;DIGITAL STRATEGY;;;08:00;17:00;24;3;IDR;10/09/2025;23/09/2025;5;Leadership;Workshop;Engineering;STEM Technical
77151;CERT;18/04/2024;11/04/2024;BAMBANG WIJAYA;Training Interface;Manager;CORPORATE;TALENT MANAGEMENT DIVISION;PLANT 2 DEPARTMENT;cybersecurity fundamental;2024;Coursera;DEVEL;LEAD;Jakarta Office;CC4529;USD;0;X;HRS;NSTEM;CYBERSECURITY;;;08:00;17:00;24;3;IDR;11/04/2024;18/04/2024;1;Technical Skill;Certification;Finance;Non-STEM General Management Le
EMP085497;CERT;24/08/2025;22/08/2025;Jihan Gunadi;Manual Entry;Senior Operator;PROPERTY;PROCUREMENT DIVISION;PLANT 1 DEPARTMENT;Pengambilan Keputusan Strategis;2025;INSEAD;TRAIN;COMPL;Bali Resort;CC8440;USD;1500000;X;FIN;NSTEM;Strategy;36;CERT-46967;08:00;17:00;20;2;IDR;22/08/2025;24/08/2025;1;Leadership;Training;Human Capital;Non-STEM General Management Le
EMP089047;TRAIN;24/10/2022;19/10/2022;Wulan Santoso;Training Interface;Engineer;TRADING;ENGINEERING DIVISION;LOGISTICS DEPARTMENT;Leadership Essential;2022;Internal Trainer;DEVEL;SOFT;Bali Resort;CC3853;IDR;1500000;X;FIN;NSTEM;LEADERSHIP;12;CERT-92750;08:00;17:00;16;2;IDR;19/10/2022;24/10/2022;2;Leadership;Workshop;Management Science;Non-STEM General Management Le
EMP085139;;05/09/2025;04/09/2025;Aldhi Usman;Self Reported;Senior Operator;ENERGY GROUP;PROCUREMENT DIVISION;RECRUITMENT DEPARTMENT;Risk Factor In Merger Acquisition ;2025;Internal Trainer;CERT;COMPL;Online;CC6677;IDR;7500000;Y;TEC;NSTEM;M&A;36;CERT-59146;08:00;17:00;8;1;IDR;04/09/2025;05/09/2025;2;Technical Skill;Training;Engineering;STEM Engineering
EMP085332;TRAIN;25/04/2022;22/04/2022;Wahyu Gunadi;Manual Entry;Specialist;FINANCIAL SERVICES;INTERNAL AUDIT DIVISION;RECRUITMENT DEPARTMENT;SAP S4HANA Basic;2022;SAP Education ID;DEVEL;COMPL;Surabaya HQ;CC7807;IDR;0;;FIN;NSTEM;SAP;36;CERT-96941;08:00;17:00;32;4;IDR;22/04/2022;25/04/2022;3;Technical Skill;Seminar;Finance;STEM Engineering
EMP087014;CERT;18/03/2024;05/03/2024;Rina Kusuma;Training Interface;General Manager;LOGISTICS;INTERNAL AUDIT DIVISION;PAYROLL DEPARTMENT;leadership essential;2024;Internal Trainer;DEVEL;TECH;Jakarta Office;CC5907;IDR;3500000;;TEC;NSTEM;LEADERSHIP;;;08:00;17:00;16;2;IDR;05/03/2024;18/03/2024;1;Leadership;Seminar;Human Capital;Non-STEM General Management Le
93622;TRAIN;13/03/2023;09/03/2023;Siti Wahyudi;Self Reported;Senior Operator;IT;INTERNAL AUDIT DIVISION;DRILLING DEPARTMENT;SAP S4HANA Basic;2023;SAP Education ID;DEVEL;SOFT;;CC8020;IDR;3500000;Y;TEC;NSTEM;SAP;0;CERT-29844;08:00;17:00;32;4;IDR;09/03/2023;13/03/2023;5;Technical Skill;Workshop;Finance;STEM Engineering
EMP085067;TRAIN;02/05/2022;20/04/2022;Employee EMP085067;Training Interface;Officer;TRADING;PRODUCTION DIVISION;TAX DEPARTMENT;Teknik Negosiasi;2022;Harvard Online;TRAIN;SOFT;Surabaya HQ;CC2237;USD;0;Y;TEC;NSGML;Negotiation;36;CERT-39961;08:00;17:00;16;2;IDR;20/04/2022;02/05/2022;4;Soft Skill;Training;Management Science;STEM Technical
EMP089016;CERT;30/09/2023;22/09/2023;Maya Purnama;Training Interface;Senior Analyst;ENERGY GROUP;TREASURY DIVISION;PIPELINE DEPARTMENT;data analytics advance;2023;Coursera;TRAIN;LEAD;Surabaya HQ;CC4810;USD;0;X;MGS;NSGML;Data Analytics;;;08:00;17:00;40;5;IDR;22/09/2023;30/09/2023;2;Technical Skill;Training;Engineering;Non-STEM General Management Le
55357;;05/01/2026;22/12/2025;IRMA YUSUF;Training Interface;Section Head;HSE;ENGINEERING DIVISION;IT DEPT DEPARTMENT;Teknik Negosiasi;2025;Harvard Online;TRAIN;TECH;Bali Resort;CC5299;USD;500000;;MGS;STEM;Negotiation;36;CERT-63068;08:00;17:00;16;2;IDR;22/12/2025;05/01/2026;2;Soft Skill;Seminar;Finance;STEM Technical
19662;TRAIN;29/01/2023;20/01/2023;Elsa Ardhana;Self Reported;Operator;HUMAN RESOURCES;TALENT MANAGEMENT DIVISION;SUPPLY CHAIN DEPT DEPARTMENT;Finance for Non Finance;2023;Coursera;CERT;SOFT;Jakarta Office;CC5983;USD;1500000;Y;TEC;NSGML;FINANCE;;;08:00;17:00;12;1;IDR;20/01/2023;29/01/2023;5;Technical Skill;Workshop;Management Science;STEM Engineering
39213;CERT;20/06/2022;15/06/2022;Yuni Wibowo;Manual Entry;Senior Operator;IT;INTERNAL AUDIT DIVISION;PLANT 2 DEPARTMENT;Data Analytics Advance;2022;Coursera;CERT;SOFT;;CC3858;USD;500000;;MGS;STEM;DATA ANALYTICS;;;08:00;17:00;40;5;IDR;15/06/2022;20/06/2022;4;Technical Skill;Workshop;Finance;STEM Technical
EMP085192;;24/07/2025;22/07/2025;Suci Laksono;Self Reported;General Manager;LOGISTICS;TALENT MANAGEMENT DIVISION;PIPELINE DEPARTMENT;SAP S4HANA Basic;2025;SAP Education ID;TRAIN;LEAD;Surabaya HQ;CC6659;IDR;3500000;Y;FIN;STEM;SAP;12;CERT-48713;08:00;17:00;32;4;IDR;22/07/2025;24/07/2025;2;Technical Skill;Workshop;Finance;STEM Technical
EMP085454;;29/01/2023;20/01/2023;Oka Cahyadi;Manual Entry;Senior Operator;PETROCHEMICAL (HOLDING);MAINTENANCE DIVISION;TAX DEPARTMENT;Data Analytics Advance;2023;Coursera;TRAIN;COMPL;Jakarta Office;CC1787;USD;0;Y;MGS;STEM;DATA ANALYTICS;24;CERT-14242;08:00;17:00;40;5;IDR;20/01/2023;29/01/2023;3;Technical Skill;Seminar;Engineering;STEM Technical
EMP085095;CERT;03/07/2024;01/07/2024;Employee EMP085095;Training Interface;Supervisor;PROPERTY;TREASURY DIVISION;PLANT 1 DEPARTMENT;Strategi Transformasi Digital;2024;MIT Sloan Executive;DEVEL;LEAD;Surabaya HQ;CC8009;USD;0;;HRS;STEM;Digital Strategy;24;CERT-14363;08:00;17:00;24;3;IDR;01/07/2024;03/07/2024;5;Leadership;Training;Human Capital;Non-STEM General Management Le
26064;TRAIN;27/02/2023;25/02/2023;Sri Indrawan;Manual Entry;Analyst;INFORMATION TECHNOLOGY;PROCUREMENT DIVISION;HR DEPT DEPARTMENT;Keselamatan Pertambangan;2023;Internal Trainer;TRAIN;SOFT;Jakarta Office;CC7212;IDR;0;X;TEC;NSGML;SAFETY;36;CERT-54113;08:00;17:00;16;2;IDR;25/02/2023;27/02/2023;5;Technical Skill;Workshop;Management Science;Non-STEM General Management Le
EMP085166;;25/07/2024;13/07/2024;Haris Hermawan;Self Reported;Officer;ENERGY GROUP;PRODUCTION DIVISION;PLANT 1 DEPARTMENT;Strategi Transformasi Digital;2024;MIT Sloan Executive;DEVEL;LEAD;Jakarta Office;CC3569;USD;7500000;X;FIN;NSTEM;DIGITAL STRATEGY;12;CERT-61208;08:00;17:00;24;3;IDR;13/07/2024;25/07/2024;1;Leadership;Seminar;Finance;STEM Engineering
EMP087014;CERT;14/05/2022;11/05/2022;Rina Kusuma;Training Interface;General Manager;LOGISTICS;INTERNAL AUDIT DIVISION;PAYROLL DEPARTMENT;MS Excel Lanjutan;2022;kelas.work;DEVEL;LEAD;Online;CC8078;USD;0;Y;FIN;NSTEM;MS EXCEL;;;08:00;17:00;16;2;IDR;11/05/2022;14/05/2022;4;Technical Skill;Seminar;Human Capital;Non-STEM General Management Le
EMP085247;CERT;07/06/2022;26/05/2022;Veri Irawan;Self Reported;Section Head;AGRIBUSINESS;PROCUREMENT DIVISION;RECRUITMENT DEPARTMENT;Leadership Essential;2022;Internal Trainer;TRAIN;TECH;Bali Resort;CC7272;IDR;500000;X;TEC;STEM;Leadership;;;08:00;17:00;16;2;IDR;26/05/2022;07/06/2022;5;Leadership;Training;Management Science;STEM Technical
EMP085247;;01/12/2024;20/11/2024;Veri Irawan;Manual Entry;Section Head;AGRIBUSINESS;PROCUREMENT DIVISION;RECRUITMENT DEPARTMENT;SAP S4HANA Basic;2024;SAP Education ID;WORKSHOP;LEAD;Bali Resort;CC8778;IDR;0;X;HRS;NSGML;SAP;36;CERT-63039;08:00;17:00;32;4;IDR;20/11/2024;01/12/2024;5;Technical Skill;Certification;Finance;STEM Technical
76190;TRAIN;28/08/2022;27/08/2022;Galih Zulkarnain;Self Reported;Department Head;HUMAN RESOURCES;TALENT MANAGEMENT DIVISION;ACCOUNTING DEPT DEPARTMENT;SAP S4HANA Basic;2022;SAP Education ID;WORKSHOP;TECH;Jakarta Office;CC3469;IDR;0;;FIN;STEM;SAP;36;CERT-94670;08:00;17:00;32;4;IDR;27/08/2022;28/08/2022;2;Technical Skill;Seminar;Engineering;Non-STEM General Management Le
35651;;27/03/2023;22/03/2023;Doni Wibowo;Self Reported;Coordinator;ENGINEERING;TALENT MANAGEMENT DIVISION;ENGINEERING DEPT DEPARTMENT;cybersecurity fundamental;2023;Coursera;DEVEL;SOFT;Jakarta Office;CC4167;USD;500000;X;MGS;STEM;Cybersecurity;;;08:00;17:00;24;3;IDR;22/03/2023;27/03/2023;1;Technical Skill;Certification;Engineering;STEM Engineering
EMP085461;;12/06/2024;04/06/2024;Yuni Budiman;Manual Entry;General Manager;LOGISTICS;ENGINEERING DIVISION;PIPELINE DEPARTMENT;data analytics advance;2024;Coursera;CERT;TECH;Surabaya HQ;CC6537;USD;0;X;MGS;STEM;Data Analytics;0;CERT-12063;08:00;17:00;40;5;IDR;04/06/2024;12/06/2024;3;Technical Skill;Workshop;Management Science;STEM Engineering
13968;;17/10/2022;09/10/2022;Bambang Wibowo;Self Reported;Operator;CORPORATE;ENGINEERING DIVISION;PLANT 1 DEPARTMENT;Pengambilan Keputusan Strategis;2022;INSEAD;WORKSHOP;SOFT;Surabaya HQ;CC1108;USD;0;X;HRS;STEM;STRATEGY;;;08:00;17:00;20;2;IDR;09/10/2022;17/10/2022;1;Leadership;Workshop;Management Science;STEM Engineering
43490;CERT;10/04/2025;08/04/2025;O. Nainggolan;Training Interface;Engineer;LEGAL & COMPLIANCE;TALENT MANAGEMENT DIVISION;CORPORATE AFFAIRS DEPT DEPARTMENT;Teknik Negosiasi;2025;Harvard Online;DEVEL;SOFT;Jakarta Office;CC6538;USD;0;X;HRS;NSTEM;Negotiation;;;08:00;17:00;16;2;IDR;08/04/2025;10/04/2025;4;Soft Skill;Certification;Finance;STEM Engineering
EMP085024;CERT;28/05/2022;17/05/2022;Hana Cokro;Self Reported;Senior Engineer;AGRIBUSINESS;TALENT MANAGEMENT DIVISION;CORPORATE PLANT 2 DEPARTMENT;Data Analytics Advance;2022;Coursera;WORKSHOP;SOFT;Jakarta Office;CC3985;USD;0;;HRS;STEM;Data Analytics;;;08:00;17:00;40;5;IDR;17/05/2022;28/05/2022;1;Technical Skill;Seminar;Engineering;STEM Engineering
EMP085417;CERT;28/04/2024;16/04/2024;Jaka Sari;Manual Entry;General Manager;MINING OPERATIONS;MAINTENANCE DIVISION;PLANT 1 DEPARTMENT;Risk Factor In Merger Acquisition;2024;Internal Trainer;WORKSHOP;TECH;;CC5451;IDR;0;X;TEC;STEM;M&A;24;CERT-29711;08:00;17:00;8;1;IDR;16/04/2024;28/04/2024;3;Technical Skill;Training;Human Capital;STEM Engineering
EMP085373;;04/09/2023;24/08/2023;Umi Hidayat;Self Reported;Officer;FORESTRY & PLANTATION;PROCUREMENT DIVISION;DRILLING DEPARTMENT;Leadership Essential;2023;Internal Trainer;DEVEL;TECH;Jakarta Office;CC4884;IDR;1500000;X;HRS;NSGML;LEADERSHIP;12;CERT-28331;08:00;17:00;16;2;IDR;24/08/2023;04/09/2023;2;Leadership;Workshop;Finance;STEM Technical
77276;;30/08/2024;22/08/2024;BUDI SUSANTO;Self Reported;Engineer;HUMAN RESOURCES;MAINTENANCE DIVISION;PLANT 1 DEPARTMENT;MS Excel Lanjutan;2024;kelas.work;CERT;TECH;Surabaya HQ;CC7544;USD;500000;X;MGS;NSTEM;MS Excel;12;CERT-82832;08:00;17:00;16;2;IDR;22/08/2024;30/08/2024;4;Technical Skill;Workshop;Management Science;STEM Engineering
EMP085009;TRAIN;12/09/2025;11/09/2025;Cika Basuki;Self Reported;Coordinator;PROPERTY;MAINTENANCE DIVISION;PAYROLL DEPARTMENT;SAP S4HANA Basic ;2025;SAP Education ID;WORKSHOP;SOFT;Surabaya HQ;CC5610;IDR;3500000;X;FIN;NSGML;SAP;24;CERT-46829;08:00;17:00;32;4;IDR;11/09/2025;12/09/2025;2;Technical Skill;Seminar;Engineering;Non-STEM General Management Le
EMP085444;TRAIN;29/08/2023;24/08/2023;Andi Junaedi;Training Interface;Engineer;FINANCIAL SERVICES (HOLDING);TALENT MANAGEMENT DIVISION;PLANT 2 DEPARTMENT;Data Analytics Advance;2023;Coursera;CERT;TECH;Bali Resort;CC3783;USD;7500000;Y;HRS;NSTEM;Data Analytics;36;CERT-52130;08:00;17:00;40;5;IDR;24/08/2023;29/08/2023;5;Technical Skill;Certification;Finance;STEM Technical
EMP085203;CERT;24/12/2022;14/12/2022;Rahmad Zulkarnain;Manual Entry;Analyst;CORPORATE CENTER;PRODUCTION DIVISION;TAX DEPARTMENT;komunikasi efektif;2022;Dale Carnegie ID;TRAIN;SOFT;Surabaya HQ;CC2129;IDR;3500000;Y;FIN;STEM;COMMUNICATION;;;08:00;17:00;8;1;IDR;14/12/2022;24/12/2022;2;Soft Skill;Training;Finance;STEM Technical
35651;;24/08/2022;19/08/2022;Doni Wibowo;Manual Entry;Coordinator;ENGINEERING;TALENT MANAGEMENT DIVISION;ENGINEERING DEPT DEPARTMENT;coaching performance;2022;Internal Trainer;TRAIN;TECH;Surabaya HQ;CC8315;IDR;0;X;TEC;NSTEM;Coaching;;;08:00;17:00;16;2;IDR;19/08/2022;24/08/2022;5;Leadership;Certification;Management Science;STEM Engineering
EMP085276;TRAIN;10/01/2024;07/01/2024;Employee EMP085276;Training Interface;Senior Operator;FORESTRY & PLANTATION;ENGINEERING DIVISION;LOGISTICS DEPARTMENT;Strategi Transformasi Digital;2024;MIT Sloan Executive;TRAIN;SOFT;Online;CC1049;USD;0;;FIN;NSTEM;Digital Strategy;12;CERT-70281;08:00;17:00;24;3;IDR;07/01/2024;10/01/2024;5;Leadership;Training;Engineering;STEM Engineering
EMP085065;TRAIN;19/07/2023;06/07/2023;Haris Octavian;Self Reported;Officer;CORPORATE CENTER;TALENT MANAGEMENT DIVISION;CORPORATE LOGISTICS DEPARTMENT;Keselamatan Pertambangan;2023;Internal Trainer;CERT;COMPL;Bali Resort;CC3193;IDR;0;X;MGS;NSGML;SAFETY;36;CERT-31193;08:00;17:00;16;2;IDR;06/07/2023;19/07/2023;4;Technical Skill;Workshop;Management Science;STEM Technical
EMP085258;;28/11/2022;16/11/2022;Aldhi Usman;Training Interface;Operator;TRADING;TALENT MANAGEMENT DIVISION;TAX DEPARTMENT;Komunikasi Efektif ;2022;Dale Carnegie ID;CERT;COMPL;Online;CC4164;IDR;0;Y;HRS;STEM;COMMUNICATION;0;CERT-10232;08:00;17:00;8;1;IDR;16/11/2022;28/11/2022;4;Soft Skill;Workshop;Management Science;STEM Engineering
96900;TRAIN;11/10/2022;03/10/2022;Cika Firmansyah;Self Reported;Engineer;HSE;MAINTENANCE DIVISION;HR DEPT DEPARTMENT;MS Excel Lanjutan;2022;kelas.work;WORKSHOP;LEAD;;CC8721;USD;0;;MGS;STEM;MS Excel;12;CERT-52491;08:00;17:00;16;2;IDR;03/10/2022;11/10/2022;5;Technical Skill;Certification;Finance;STEM Technical
36952;;18/08/2025;07/08/2025;Lisa Dinata;Training Interface;Manager;HUMAN RESOURCES;INTERNAL AUDIT DIVISION;IT DEPT DEPARTMENT;Coaching Performance;2025;Internal Trainer;DEVEL;SOFT;Online;CC9209;IDR;3500000;Y;FIN;NSGML;COACHING;12;CERT-76566;08:00;17:00;16;2;IDR;07/08/2025;18/08/2025;4;Leadership;Certification;Engineering;STEM Engineering
EMP085105;TRAIN;05/05/2025;29/04/2025;Eka Kusuma;Manual Entry;Officer;ENERGY GROUP;PRODUCTION DIVISION;PLANT 1 DEPARTMENT;Data Analytics Advance;2025;Coursera;TRAIN;LEAD;;CC1023;USD;1500000;Y;FIN;NSTEM;Data Analytics;0;CERT-56094;08:00;17:00;40;5;IDR;29/04/2025;05/05/2025;3;Technical Skill;Seminar;Finance;STEM Technical
60295;TRAIN;12/06/2024;05/06/2024;Yuni Hidayat;Manual Entry;Manager;HUMAN RESOURCES;ENGINEERING DIVISION;HEAVY EQUIPMENT DEPARTMENT;Komunikasi Efektif;2024;Dale Carnegie ID;CERT;SOFT;Jakarta Office;CC9194;IDR;3500000;;FIN;NSTEM;COMMUNICATION;36;CERT-42991;08:00;17:00;8;1;IDR;05/06/2024;12/06/2024;3;Soft Skill;Certification;Finance;Non-STEM General Management Le
62879;CERT;30/05/2025;18/05/2025;Reza Sari;Manual Entry;General Manager;ENGINEERING;TALENT MANAGEMENT DIVISION;HSE DEPT DEPARTMENT;PMP Preparation ;2025;PMI Indonesia;TRAIN;TECH;Online;CC8264;USD;0;;HRS;NSGML;PROJECT MANAGEMENT;;;08:00;17:00;32;4;IDR;18/05/2025;30/05/2025;3;Soft Skill;Certification;Management Science;Non-STEM General Management Le
11248;TRAIN;23/06/2022;16/06/2022;LENI HALIM;Self Reported;Supervisor;HSE;ENGINEERING DIVISION;IT DEPT DEPARTMENT;MS Excel Lanjutan;2022;kelas.work;TRAIN;SOFT;Jakarta Office;CC7858;USD;500000;Y;TEC;NSTEM;MS EXCEL;0;CERT-29450;08:00;17:00;16;2;IDR;16/06/2022;23/06/2022;4;Technical Skill;Training;Engineering;Non-STEM General Management Le
EMP085160;TRAIN;11/09/2024;29/08/2024;Cika Wijaya;Manual Entry;Coordinator;FINANCIAL SERVICES;ENGINEERING DIVISION;RECRUITMENT DEPARTMENT;Cybersecurity Fundamental;2024;Coursera;DEVEL;SOFT;Bali Resort;CC8743;USD;3500000;;MGS;NSGML;Cybersecurity;24;CERT-75802;08:00;17:00;24;3;IDR;29/08/2024;11/09/2024;1;Technical Skill;Workshop;Human Capital;STEM Engineering
43410;CERT;05/04/2024;04/04/2024;Reza Chandra;Manual Entry;Coordinator;SUPPLY CHAIN;ENGINEERING DIVISION;ACCOUNTING DEPT DEPARTMENT;Coaching Performance ;2024;Internal Trainer;TRAIN;SOFT;Surabaya HQ;CC3746;IDR;0;X;HRS;NSTEM;Coaching;24;CERT-79586;08:00;17:00;16;2;IDR;04/04/2024;05/04/2024;4;Leadership;Training;Finance;Non-STEM General Management Le
37926;;17/03/2024;15/03/2024;HARIS GUNAWAN;Self Reported;Specialist;HUMAN RESOURCES;MAINTENANCE DIVISION;LOGISTICS DEPARTMENT;SAP S4HANA Basic;2024;SAP Education ID;WORKSHOP;COMPL;Surabaya HQ;CC5451;IDR;500000;Y;MGS;NSTEM;SAP;12;CERT-87015;08:00;17:00;32;4;IDR;15/03/2024;17/03/2024;5;Technical Skill;Certification;Finance;STEM Engineering
42904;CERT;27/07/2025;23/07/2025;Citra Zulkarnain;Manual Entry;Senior Analyst;INFORMATION TECHNOLOGY;ENGINEERING DIVISION;OPERATIONS DEPT DEPARTMENT;Keselamatan Pertambangan;2025;Internal Trainer;DEVEL;LEAD;;CC9404;IDR;0;;MGS;NSTEM;SAFETY;36;CERT-86041;08:00;17:00;16;2;IDR;23/07/2025;27/07/2025;2;Technical Skill;Workshop;Human Capital;STEM Technical
EMP085292;TRAIN;24/09/2025;22/09/2025;Veri Fajari;Training Interface;Senior Analyst;FORESTRY & PLANTATION;TREASURY DIVISION;LOGISTICS DEPARTMENT;Strategi Transformasi Digital;2025;MIT Sloan Executive;TRAIN;SOFT;Online;CC6541;USD;0;Y;MGS;NSGML;DIGITAL STRATEGY;36;CERT-37962;08:00;17:00;24;3;IDR;22/09/2025;24/09/2025;5;Leadership;Workshop;Engineering;Non-STEM General Management Le
34966;;11/04/2022;10/04/2022;Arief Atmaja;Training Interface;Operator;MINING OPERATIONS (HOLDING);INTERNAL AUDIT DIVISION;PLANT 1 DEPARTMENT;Teknik Negosiasi;2022;Harvard Online;WORKSHOP;SOFT;Surabaya HQ;CC1697;USD;500000;X;MGS;NSTEM;Negotiation;;;08:00;17:00;16;2;IDR;10/04/2022;11/04/2022;2;Soft Skill;Seminar;Engineering;STEM Engineering
EMP085277;CERT;10/09/2023;06/09/2023;Employee EMP085277;Manual Entry;Section Head;AGRIBUSINESS;TREASURY DIVISION;PIPELINE DEPARTMENT;ESG Reporting;2023;GRI;WORKSHOP;SOFT;Surabaya HQ;CC7587;USD;0;X;TEC;NSGML;ESG;;;08:00;17:00;12;1;IDR;06/09/2023;10/09/2023;3;Technical Skill;Seminar;Engineering;Non-STEM General Management Le
EMP085426;CERT;02/01/2026;26/12/2025;Zahra Lubis;Self Reported;Section Head;CORPORATE CENTER;PRODUCTION DIVISION;PLANT 1 DEPARTMENT;Finance for Non Finance;2025;Coursera;DEVEL;LEAD;;CC3690;USD;0;;MGS;STEM;FINANCE;0;CERT-72012;08:00;17:00;12;1;IDR;26/12/2025;02/01/2026;2;Technical Skill;Certification;Finance;STEM Engineering
EMP085474;TRAIN;19/07/2023;05/07/2023;Employee EMP085474;Self Reported;Specialist;MINING OPERATIONS;INTERNAL AUDIT DIVISION;PIPELINE DEPARTMENT;Risk Factor In Merger Acquisition ;2023;Internal Trainer;TRAIN;SOFT;Jakarta Office;CC8448;IDR;0;Y;HRS;STEM;M&A;36;CERT-16605;08:00;17:00;8;1;IDR;05/07/2023;19/07/2023;4;Technical Skill;Certification;Finance;STEM Engineering
EMP089025;CERT;30/11/2022;24/11/2022;Nur Gunawan;Manual Entry;Analyst;FINANCIAL SERVICES;TALENT MANAGEMENT DIVISION;PLANT 2 DEPARTMENT;keselamatan pertambangan;2022;Internal Trainer;TRAIN;SOFT;;CC3192;IDR;3500000;X;FIN;NSTEM;Safety;12;CERT-12298;08:00;17:00;16;2;IDR;24/11/2022;30/11/2022;2;Technical Skill;Certification;Management Science;Non-STEM General Management Le
EMP085337;CERT;06/06/2024;04/06/2024;Leni Junaedi;Training Interface;Department Head;CORPORATE CENTER;MAINTENANCE DIVISION;TAX DEPARTMENT;ESG Reporting;2024;GRI;DEVEL;SOFT;;CC8920;USD;0;;MGS;NSTEM;ESG;;;08:00;17:00;12;1;IDR;04/06/2024;06/06/2024;4;Technical Skill;Seminar;Human Capital;STEM Technical
EMP085416;;09/03/2025;05/03/2025;Xena Gunadi;Manual Entry;Manager;FORESTRY & PLANTATION;MAINTENANCE DIVISION;PLANT 2 DEPARTMENT;MS Excel Lanjutan;2025;kelas.work;WORKSHOP;LEAD;Bali Resort;CC7944;USD;1500000;;HRS;NSTEM;MS Excel;12;CERT-50153;08:00;17:00;16;2;IDR;05/03/2025;09/03/2025;3;Technical Skill;Workshop;Finance;STEM Engineering
EMP085266;;23/07/2025;13/07/2025;Bambang Kusuma;Training Interface;General Manager;PROPERTY;INTERNAL AUDIT DIVISION;PAYROLL DEPARTMENT;Risk Factor In Merger Acquisition;2025;Internal Trainer;TRAIN;SOFT;Online;CC9555;IDR;0;X;TEC;STEM;M&A;36;CERT-77547;08:00;17:00;8;1;IDR;13/07/2025;23/07/2025;5;Technical Skill;Seminar;Management Science;Non-STEM General Management Le
22589;TRAIN;25/04/2023;11/04/2023;Fahmi Rahayu;Training Interface;General Manager;FINANCE & ACCOUNTING;TREASURY DIVISION;HEAVY EQUIPMENT DEPARTMENT;Cybersecurity Fundamental;2023;Coursera;TRAIN;TECH;Surabaya HQ;CC2161;USD;7500000;Y;FIN;NSTEM;CYBERSECURITY;;;08:00;17:00;24;3;IDR;11/04/2023;25/04/2023;4;Technical Skill;Certification;Management Science;STEM Engineering
EMP085289;;20/01/2025;06/01/2025;Sandra Jaya;Training Interface;Specialist;AGRIBUSINESS;MAINTENANCE DIVISION;CORPORATE PIPELINE DEPARTMENT;Finance for Non Finance;2025;Coursera;TRAIN;TECH;Bali Resort;CC1201;USD;500000;Y;FIN;STEM;Finance;;;08:00;17:00;12;1;IDR;06/01/2025;20/01/2025;4;Technical Skill;Workshop;Human Capital;STEM Technical
EMP085396;;24/12/2022;11/12/2022;Lisa Basuki;Self Reported;Analyst;MINING OPERATIONS;PROCUREMENT DIVISION;LOGISTICS DEPARTMENT;Data Analytics Advance;2022;Coursera;TRAIN;TECH;Surabaya HQ;CC5739;USD;0;;HRS;NSGML;DATA ANALYTICS;36;CERT-65542;08:00;17:00;40;5;IDR;11/12/2022;24/12/2022;3;Technical Skill;Certification;Human Capital;STEM Technical
27825;TRAIN;16/10/2023;09/10/2023;Dian Nugroho;Training Interface;Officer;IT;MAINTENANCE DIVISION;HEAVY EQUIPMENT DEPARTMENT;MS Excel Lanjutan;2023;kelas.work;TRAIN;SOFT;Jakarta Office;CC9096;USD;3500000;X;MGS;NSTEM;MS Excel;0;CERT-69972;08:00;17:00;16;2;IDR;09/10/2023;16/10/2023;3;Technical Skill;Workshop;Finance;STEM Engineering
EMP085206;;27/08/2024;20/08/2024;Julia Hidayat;Manual Entry;Operator;FINANCIAL SERVICES;PROCUREMENT DIVISION;CORPORATE RECRUITMENT DEPARTMENT;Keselamatan Pertambangan;2024;Internal Trainer;TRAIN;SOFT;Jakarta Office;CC7035;IDR;0;X;HRS;STEM;SAFETY;12;CERT-46672;08:00;17:00;16;2;IDR;20/08/2024;27/08/2024;4;Technical Skill;Training;Finance;Non-STEM General Management Le
EMP089038;;17/06/2024;10/06/2024;Hendra Susanto;Manual Entry;Coordinator;FINANCIAL SERVICES;TREASURY DIVISION;PIPELINE DEPARTMENT;MS Excel Lanjutan;2024;kelas.work;CERT;SOFT;Surabaya HQ;CC1554;USD;7500000;Y;HRS;STEM;MS EXCEL;0;CERT-94451;08:00;17:00;16;2;IDR;10/06/2024;17/06/2024;1;Technical Skill;Training;Finance;STEM Technical
90315;CERT;30/06/2025;24/06/2025;Haris Sari;Training Interface;Officer;IT;PRODUCTION DIVISION;LOGISTICS DEPARTMENT;Strategi Transformasi Digital;2025;MIT Sloan Executive;WORKSHOP;TECH;Surabaya HQ;CC5131;USD;0;;MGS;NSGML;DIGITAL STRATEGY;;;08:00;17:00;24;3;IDR;24/06/2025;30/06/2025;1;Leadership;Seminar;Human Capital;STEM Engineering
EMP089006;;26/01/2023;13/01/2023;EMPLOYEE EMP089006;Self Reported;Officer;AGRIBUSINESS;TREASURY DIVISION;PIPELINE DEPARTMENT;Leadership Essential;2023;Internal Trainer;CERT;SOFT;Jakarta Office;CC1150;IDR;3500000;;TEC;NSGML;Leadership;0;CERT-47904;08:00;17:00;16;2;IDR;13/01/2023;26/01/2023;2;Leadership;Workshop;Finance;Non-STEM General Management Le
EMP089040;CERT;24/04/2025;23/04/2025;Bambang Pratama;Training Interface;Senior Operator;FORESTRY & PLANTATION;INTERNAL AUDIT DIVISION;QUALITY CONTROL DEPARTMENT;Teknik Negosiasi;2025;Harvard Online;CERT;SOFT;Surabaya HQ;CC1033;USD;3500000;;MGS;STEM;NEGOTIATION;;;08:00;17:00;16;2;IDR;23/04/2025;24/04/2025;2;Soft Skill;Training;Finance;Non-STEM General Management Le
10954;TRAIN;09/10/2025;25/09/2025;Siti Wahyudi;Training Interface;Senior Engineer;MINING OPERATIONS;MAINTENANCE DIVISION;TAX DEPARTMENT;MS Excel Lanjutan;2025;kelas.work;DEVEL;LEAD;Bali Resort;CC4094;USD;0;X;MGS;NSGML;MS EXCEL;24;CERT-87492;08:00;17:00;16;2;IDR;25/09/2025;09/10/2025;2;Technical Skill;Seminar;Finance;STEM Technical
53378;;06/04/2022;25/03/2022;Agus Mahendra;Self Reported;Analyst;HUMAN RESOURCES;ENGINEERING DIVISION;DRILLING DEPARTMENT;PMP Preparation ;2022;PMI Indonesia;TRAIN;TECH;Bali Resort;CC3475;USD;0;X;MGS;NSTEM;PROJECT MANAGEMENT;;;08:00;17:00;32;4;IDR;25/03/2022;06/04/2022;4;Soft Skill;Certification;Human Capital;STEM Technical
EMP085065;TRAIN;17/03/2025;03/03/2025;Haris Octavian;Training Interface;Officer;CORPORATE CENTER;TALENT MANAGEMENT DIVISION;CORPORATE LOGISTICS DEPARTMENT;Cybersecurity Fundamental;2025;Coursera;CERT;LEAD;Online;CC1533;USD;500000;Y;FIN;NSTEM;Cybersecurity;;;08:00;17:00;24;3;IDR;03/03/2025;17/03/2025;1;Technical Skill;Workshop;Engineering;Non-STEM General Management Le
19420;TRAIN;21/06/2025;10/06/2025;Zain Purwanto;Training Interface;Manager;FINANCE & ACCOUNTING;TALENT MANAGEMENT DIVISION;ACCOUNTING DEPT DEPARTMENT;Komunikasi Efektif;2025;Dale Carnegie ID;DEVEL;SOFT;Online;CC4695;IDR;7500000;;MGS;NSTEM;COMMUNICATION;;;08:00;17:00;8;1;IDR;10/06/2025;21/06/2025;4;Soft Skill;Certification;Management Science;Non-STEM General Management Le
77431;;21/04/2022;07/04/2022;Siti Tambunan;Self Reported;Supervisor;CORPORATE AFFAIRS;PROCUREMENT DIVISION;ACCOUNTING DEPT DEPARTMENT;MS Excel Lanjutan;2022;kelas.work;DEVEL;SOFT;Bali Resort;CC8743;USD;7500000;;FIN;NSGML;MS EXCEL;12;CERT-32884;08:00;17:00;16;2;IDR;07/04/2022;21/04/2022;3;Technical Skill;Workshop;Management Science;STEM Engineering
EMP085172;;31/10/2024;27/10/2024;Mulia Ilham;Self Reported;Section Head;TRADING;INTERNAL AUDIT DIVISION;LOGISTICS DEPARTMENT;PMP Preparation ;2024;PMI Indonesia;DEVEL;SOFT;Surabaya HQ;CC8083;USD;0;X;MGS;STEM;PROJECT MANAGEMENT;;;08:00;17:00;32;4;IDR;27/10/2024;31/10/2024;2;Soft Skill;Training;Management Science;Non-STEM General Management Le
96900;TRAIN;09/11/2023;08/11/2023;Cika Firmansyah;Manual Entry;Engineer;HSE;MAINTENANCE DIVISION;HR DEPT DEPARTMENT;Cybersecurity Fundamental ;2023;Coursera;DEVEL;SOFT;Bali Resort;CC3863;USD;500000;X;HRS;NSGML;Cybersecurity;;;08:00;17:00;24;3;IDR;08/11/2023;09/11/2023;2;Technical Skill;Certification;Finance;STEM Engineering
42904;CERT;02/01/2025;28/12/2024;Citra Zulkarnain;Self Reported;Senior Analyst;INFORMATION TECHNOLOGY;ENGINEERING DIVISION;OPERATIONS DEPT DEPARTMENT;Strategi Transformasi Digital;2024;MIT Sloan Executive;WORKSHOP;SOFT;Bali Resort;CC4548;USD;1500000;X;HRS;NSGML;Digital Strategy;0;CERT-99885;08:00;17:00;24;3;IDR;28/12/2024;02/01/2025;2;Leadership;Workshop;Management Science;STEM Engineering
EMP085414;CERT;12/11/2025;03/11/2025;Nasrul Kurniawan;Training Interface;Senior Operator;ENERGY GROUP;ENGINEERING DIVISION;PIPELINE DEPARTMENT;Coaching Performance;2025;Internal Trainer;TRAIN;SOFT;Bali Resort;CC2356;IDR;0;;MGS;NSTEM;Coaching;24;CERT-42775;08:00;17:00;16;2;IDR;03/11/2025;12/11/2025;1;Leadership;Certification;Human Capital;STEM Technical
21841;CERT;11/06/2025;02/06/2025;Randa Halim;Self Reported;Senior Analyst;SUPPLY CHAIN;TALENT MANAGEMENT DIVISION;LEGAL DEPT DEPARTMENT;PMP Preparation;2025;PMI Indonesia;WORKSHOP;TECH;Surabaya HQ;CC2501;USD;1500000;Y;HRS;NSGML;Project Management;36;CERT-18653;08:00;17:00;32;4;IDR;02/06/2025;11/06/2025;4;Soft Skill;Seminar;Human Capital;Non-STEM General Management Le
38096;CERT;04/09/2023;28/08/2023;Eka Tanjung;Training Interface;Section Head;SUPPLY CHAIN;INTERNAL AUDIT DIVISION;ENGINEERING DEPT DEPARTMENT;Pengambilan Keputusan Strategis;2023;INSEAD;WORKSHOP;LEAD;Jakarta Office;CC2006;USD;500000;Y;TEC;STEM;Strategy;;;08:00;17:00;20;2;IDR;28/08/2023;04/09/2023;4;Leadership;Seminar;Finance;STEM Engineering
73085;CERT;26/09/2023;14/09/2023;Siti Susanto;Self Reported;Department Head;FINANCE & ACCOUNTING;INTERNAL AUDIT DIVISION;RECRUITMENT DEPARTMENT;Komunikasi Efektif;2023;Dale Carnegie ID;TRAIN;SOFT;;CC7121;IDR;0;;MGS;STEM;COMMUNICATION;;;08:00;17:00;8;1;IDR;14/09/2023;26/09/2023;5;Soft Skill;Workshop;Engineering;Non-STEM General Management Le
31872;;18/04/2023;08/04/2023;Leni Gunawan;Self Reported;Engineer;HSE;MAINTENANCE DIVISION;HSE DEPT DEPARTMENT;MS Excel Lanjutan;2023;kelas.work;CERT;SOFT;;CC3421;USD;3500000;Y;HRS;NSGML;MS EXCEL;0;CERT-27628;08:00;17:00;16;2;IDR;08/04/2023;18/04/2023;1;Technical Skill;Workshop;Engineering;STEM Engineering
72191;TRAIN;24/05/2025;21/05/2025;Dian Zulkarnain;Manual Entry;Operator;FINANCE & ACCOUNTING;PROCUREMENT DIVISION;OPERATIONS DEPT DEPARTMENT;PMP Preparation;2025;PMI Indonesia;DEVEL;TECH;Surabaya HQ;CC9548;USD;7500000;Y;HRS;NSTEM;PROJECT MANAGEMENT;;;08:00;17:00;32;4;IDR;21/05/2025;24/05/2025;4;Soft Skill;Certification;Management Science;STEM Engineering
EMP085239;CERT;04/10/2024;28/09/2024;Miko Wardhana;Training Interface;Specialist;TRADING;TALENT MANAGEMENT DIVISION;PAYROLL DEPARTMENT;Keselamatan Pertambangan;2024;Internal Trainer;TRAIN;LEAD;Bali Resort;CC2519;IDR;0;Y;TEC;STEM;SAFETY;;;08:00;17:00;16;2;IDR;28/09/2024;04/10/2024;4;Technical Skill;Workshop;Finance;STEM Engineering
70292;CERT;24/03/2025;18/03/2025;Maya Hermawan;Manual Entry;Department Head;SUPPLY CHAIN;MAINTENANCE DIVISION;AFFAIRS DEPT DEPARTMENT;SAP S4HANA Basic;2025;SAP Education ID;TRAIN;LEAD;Online;CC7538;IDR;0;;HRS;STEM;SAP;;;08:00;17:00;32;4;IDR;18/03/2025;24/03/2025;3;Technical Skill;Seminar;Human Capital;STEM Technical
46927;;13/06/2024;09/06/2024;Oscar Dianto;Manual Entry;Senior Engineer;ENGINEERING;TALENT MANAGEMENT DIVISION;OPERATIONS DEPT DEPARTMENT;Coaching Performance;2024;Internal Trainer;CERT;COMPL;Online;CC9730;IDR;7500000;;HRS;STEM;COACHING;;;08:00;17:00;16;2;IDR;09/06/2024;13/06/2024;5;Leadership;Seminar;Finance;STEM Technical
31595;TRAIN;03/11/2023;02/11/2023;Hendra Usman;Training Interface;Senior Operator;HUMAN RESOURCES;TALENT MANAGEMENT DIVISION;OPERATIONS DEPT DEPARTMENT;risk factor in merger acquisition;2023;Internal Trainer;DEVEL;SOFT;Surabaya HQ;CC2962;IDR;7500000;Y;TEC;NSGML;M&A;;;08:00;17:00;8;1;IDR;02/11/2023;03/11/2023;5;Technical Skill;Workshop;Finance;Non-STEM General Management Le
EMP089006;CERT;21/07/2024;14/07/2024;EMPLOYEE EMP089006;Self Reported;Officer;AGRIBUSINESS;TREASURY DIVISION;PIPELINE DEPARTMENT;Strategi Transformasi Digital;2024;MIT Sloan Executive;DEVEL;LEAD;;CC2103;USD;3500000;Y;MGS;NSGML;DIGITAL STRATEGY;;;08:00;17:00;24;3;IDR;14/07/2024;21/07/2024;3;Leadership;Training;Management Science;STEM Technical
EMP085209;CERT;17/05/2024;14/05/2024;Sri Wardhana;Training Interface;Engineer;FINANCIAL SERVICES;PROCUREMENT DIVISION;LOGISTICS DEPARTMENT;Cybersecurity Fundamental ;2024;Coursera;DEVEL;SOFT;;CC1973;USD;3500000;Y;MGS;NSGML;CYBERSECURITY;24;CERT-96204;08:00;17:00;24;3;IDR;14/05/2024;17/05/2024;3;Technical Skill;Seminar;Finance;Non-STEM General Management Le
EMP085223;TRAIN;10/02/2024;01/02/2024;Bayu Gunawan;Self Reported;Section Head;CORPORATE CENTER;MAINTENANCE DIVISION;RECRUITMENT DEPARTMENT;Coaching Performance;2024;Internal Trainer;TRAIN;COMPL;Surabaya HQ;CC3652;IDR;7500000;X;TEC;STEM;COACHING;36;CERT-63476;08:00;17:00;16;2;IDR;01/02/2024;10/02/2024;1;Leadership;Seminar;Human Capital;STEM Technical
EMP085053;TRAIN;27/06/2025;14/06/2025;Kartika Adiputra;Self Reported;Department Head;MINING OPERATIONS;MAINTENANCE DIVISION;DRILLING DEPARTMENT;ESG Reporting;2025;GRI;TRAIN;COMPL;Bali Resort;CC2851;USD;500000;Y;HRS;STEM;ESG;;;08:00;17:00;12;1;IDR;14/06/2025;27/06/2025;3;Technical Skill;Training;Engineering;Non-STEM General Management Le
EMP085323;;31/01/2025;18/01/2025;Intan Tambunan;Self Reported;Engineer;PROPERTY;TREASURY DIVISION;PLANT 1 DEPARTMENT;Komunikasi Efektif ;2025;Dale Carnegie ID;WORKSHOP;COMPL;Surabaya HQ;CC2300;IDR;7500000;;MGS;NSGML;Communication;24;CERT-74679;08:00;17:00;8;1;IDR;18/01/2025;31/01/2025;5;Soft Skill;Workshop;Management Science;Non-STEM General Management Le
53756;CERT;10/11/2023;02/11/2023;Fina Guntara;Self Reported;Engineer;MINING OPERATIONS (HOLDING);PRODUCTION DIVISION;CORPORATE AFFAIRS DEPT DEPARTMENT;Coaching Performance ;2023;Internal Trainer;CERT;SOFT;Jakarta Office;CC2757;IDR;500000;X;MGS;NSTEM;COACHING;;;08:00;17:00;16;2;IDR;02/11/2023;10/11/2023;1;Leadership;Certification;Management Science;STEM Technical
70024;;12/07/2024;03/07/2024;Dewi Rahayu;Manual Entry;Manager;CORPORATE;ENGINEERING DIVISION;DRILLING DEPARTMENT;Leadership Essential;2024;Internal Trainer;DEVEL;SOFT;Jakarta Office;CC5081;IDR;500000;X;TEC;NSGML;Leadership;0;CERT-98963;08:00;17:00;16;2;IDR;03/07/2024;12/07/2024;5;Leadership;Certification;Human Capital;STEM Technical
EMP087032;CERT;27/03/2024;19/03/2024;Nanda Wijaya;Manual Entry;Officer;LOGISTICS;TALENT MANAGEMENT DIVISION;QUALITY CONTROL DEPARTMENT;Teknik Negosiasi;2024;Harvard Online;TRAIN;SOFT;Online;CC3236;USD;3500000;Y;HRS;NSTEM;Negotiation;24;CERT-65973;08:00;17:00;16;2;IDR;19/03/2024;27/03/2024;1;Soft Skill;Certification;Engineering;Non-STEM General Management Le
47753;;10/04/2024;08/04/2024;Fahmi Wijaya;Training Interface;Specialist;IT;INTERNAL AUDIT DIVISION;PLANT 2 DEPARTMENT;Risk Factor In Merger Acquisition;2024;Internal Trainer;TRAIN;COMPL;Bali Resort;CC2017;IDR;500000;X;TEC;NSGML;M&A;12;CERT-75038;08:00;17:00;8;1;IDR;08/04/2024;10/04/2024;1;Technical Skill;Workshop;Finance;STEM Engineering
70292;CERT;10/01/2023;08/01/2023;Maya Hermawan;Training Interface;Department Head;SUPPLY CHAIN;MAINTENANCE DIVISION;AFFAIRS DEPT DEPARTMENT;Coaching Performance;2023;Internal Trainer;DEVEL;LEAD;;CC2944;IDR;3500000;Y;HRS;STEM;COACHING;;;08:00;17:00;16;2;IDR;08/01/2023;10/01/2023;3;Leadership;Training;Finance;STEM Engineering
31173;;10/12/2022;03/12/2022;Teguh Kartono;Manual Entry;Senior Engineer;LEGAL & COMPLIANCE;INTERNAL AUDIT DIVISION;ENGINEERING DEPT DEPARTMENT;Leadership Essential;2022;Internal Trainer;DEVEL;TECH;Bali Resort;CC5326;IDR;3500000;Y;HRS;STEM;LEADERSHIP;;;08:00;17:00;16;2;IDR;03/12/2022;10/12/2022;1;Leadership;Certification;Finance;Non-STEM General Management Le
35473;;12/04/2023;01/04/2023;Veri Purwanto;Manual Entry;Senior Analyst;FINANCE & ACCOUNTING;PRODUCTION DIVISION;IT DEPT DEPARTMENT;Finance for Non Finance;2023;Coursera;CERT;SOFT;Bali Resort;CC8314;USD;3500000;Y;HRS;NSGML;Finance;0;CERT-16624;08:00;17:00;12;1;IDR;01/04/2023;12/04/2023;2;Technical Skill;Training;Engineering;STEM Technical
EMP085141;CERT;05/03/2022;03/03/2022;Benny Siregar;Manual Entry;Officer;FORESTRY & PLANTATION;PRODUCTION DIVISION;PLANT 1 DEPARTMENT;Coaching Performance;2022;Internal Trainer;CERT;COMPL;Bali Resort;CC5461;IDR;0;;TEC;NSGML;Coaching;36;CERT-91186;08:00;17:00;16;2;IDR;03/03/2022;05/03/2022;4;Leadership;Training;Finance;STEM Engineering
20396;TRAIN;26/07/2024;18/07/2024;Hana Jaya;Training Interface;Coordinator;LEGAL & COMPLIANCE;PRODUCTION DIVISION;ENGINEERING DEPT DEPARTMENT;Keselamatan Pertambangan;2024;Internal Trainer;WORKSHOP;COMPL;Jakarta Office;CC3110;IDR;0;X;MGS;NSTEM;Safety;12;CERT-67403;08:00;17:00;16;2;IDR;18/07/2024;26/07/2024;5;Technical Skill;Seminar;Engineering;Non-STEM General Management Le
EMP085198;TRAIN;30/07/2024;27/07/2024;Nasrul Yulianto;Self Reported;General Manager;TRADING;INTERNAL AUDIT DIVISION;PAYROLL DEPARTMENT;Coaching Performance;2024;Internal Trainer;DEVEL;TECH;Surabaya HQ;CC5767;IDR;0;X;MGS;NSTEM;Coaching;0;CERT-11451;08:00;17:00;16;2;IDR;27/07/2024;30/07/2024;2;Leadership;Seminar;Finance;STEM Technical
EMP085218;TRAIN;28/06/2024;20/06/2024;Cika Junaedi;Manual Entry;Specialist;LOGISTICS;PRODUCTION DIVISION;LOGISTICS DEPARTMENT;ESG Reporting;2024;GRI;DEVEL;SOFT;Jakarta Office;CC1375;USD;0;;HRS;NSTEM;ESG;0;CERT-62151;08:00;17:00;12;1;IDR;20/06/2024;28/06/2024;4;Technical Skill;Certification;Human Capital;STEM Engineering
56706;TRAIN;19/07/2023;10/07/2023;Sri Santoso;Manual Entry;Manager;LEGAL & COMPLIANCE;PRODUCTION DIVISION;ENGINEERING DEPT DEPARTMENT;ESG Reporting;2023;GRI;DEVEL;SOFT;Online;CC9226;USD;500000;;FIN;STEM;ESG;;;08:00;17:00;12;1;IDR;10/07/2023;19/07/2023;4;Technical Skill;Training;Human Capital;Non-STEM General Management Le
89925;TRAIN;03/04/2022;23/03/2022;Dewi Mulyadi;Self Reported;Officer;MINING OPERATIONS;TREASURY DIVISION;IT DEPT DEPARTMENT;SAP S4HANA Basic ;2022;SAP Education ID;WORKSHOP;SOFT;Online;CC3831;IDR;7500000;Y;FIN;NSTEM;SAP;;;08:00;17:00;32;4;IDR;23/03/2022;03/04/2022;1;Technical Skill;Training;Engineering;STEM Engineering
EMP085126;;10/08/2023;28/07/2023;Feri Darwis;Manual Entry;Supervisor;MINING OPERATIONS;TREASURY DIVISION;RECRUITMENT DEPARTMENT;PMP Preparation;2023;PMI Indonesia;CERT;SOFT;Surabaya HQ;CC1996;USD;0;;TEC;NSTEM;PROJECT MANAGEMENT;12;CERT-10633;08:00;17:00;32;4;IDR;28/07/2023;10/08/2023;3;Soft Skill;Certification;Finance;STEM Engineering
EMP085383;CERT;17/01/2022;13/01/2022;Jaka Budiman;Training Interface;Officer;TRADING;MAINTENANCE DIVISION;QUALITY CONTROL DEPARTMENT;ESG Reporting ;2022;GRI;WORKSHOP;SOFT;Jakarta Office;CC7491;USD;0;Y;HRS;STEM;ESG;;;08:00;17:00;12;1;IDR;13/01/2022;17/01/2022;3;Technical Skill;Training;Engineering;STEM Engineering
EMP085102;TRAIN;25/05/2023;17/05/2023;Budi Akbar;Manual Entry;General Manager;AGRIBUSINESS;MAINTENANCE OPERATIONS DIVISION;TAX DEPARTMENT;SAP S4HANA Basic;2023;SAP Education ID;DEVEL;SOFT;Jakarta Office;CC4394;IDR;0;X;FIN;STEM;SAP;;;08:00;17:00;32;4;IDR;17/05/2023;25/05/2023;5;Technical Skill;Seminar;Human Capital;STEM Engineering
EMP085324;CERT;26/05/2023;21/05/2023;Rahmad Salim;Training Interface;Senior Engineer;FINANCIAL SERVICES;ENGINEERING DIVISION;QUALITY CONTROL DEPARTMENT;sap s4hana basic;2023;SAP Education ID;TRAIN;SOFT;Jakarta Office;CC4513;IDR;7500000;X;TEC;STEM;SAP;0;CERT-18019;08:00;17:00;32;4;IDR;21/05/2023;26/05/2023;4;Technical Skill;Training;Human Capital;STEM Engineering
EMP085362;;28/10/2023;17/10/2023;Nanda Mulyadi;Self Reported;Engineer;PROPERTY;TALENT MANAGEMENT DIVISION;PAYROLL DEPARTMENT;Coaching Performance;2023;Internal Trainer;WORKSHOP;LEAD;Online;CC3826;IDR;1500000;X;TEC;NSTEM;Coaching;12;CERT-66620;08:00;17:00;16;2;IDR;17/10/2023;28/10/2023;3;Leadership;Certification;Engineering;Non-STEM General Management Le
61085;;23/08/2024;10/08/2024;Dian Lubis;Training Interface;Coordinator;CORPORATE;TALENT MANAGEMENT DIVISION;SUPPLY CHAIN DEPT DEPARTMENT;ESG Reporting;2024;GRI;WORKSHOP;LEAD;Jakarta Office;CC5481;USD;3500000;Y;FIN;NSGML;ESG;;;08:00;17:00;12;1;IDR;10/08/2024;23/08/2024;4;Technical Skill;Certification;Engineering;STEM Engineering
EMP087014;;30/08/2023;17/08/2023;Rina Kusuma;Training Interface;General Manager;LOGISTICS;INTERNAL AUDIT DIVISION;PAYROLL DEPARTMENT;esg reporting;2023;GRI;DEVEL;SOFT;Bali Resort;CC4231;USD;500000;Y;FIN;NSTEM;ESG;24;CERT-61124;08:00;17:00;12;1;IDR;17/08/2023;30/08/2023;3;Technical Skill;Seminar;Human Capital;STEM Technical
43115;CERT;13/12/2025;02/12/2025;Mega Laksono;Self Reported;Specialist;CORPORATE;TREASURY DIVISION;TAX DEPARTMENT;SAP S4HANA Basic;2025;SAP Education ID;DEVEL;COMPL;Jakarta Office;CC5527;IDR;7500000;Y;TEC;NSGML;SAP;;;08:00;17:00;32;4;IDR;02/12/2025;13/12/2025;3;Technical Skill;Seminar;Human Capital;Non-STEM General Management Le
35134;;29/10/2024;19/10/2024;Budi Ertanto;Training Interface;Analyst;CORPORATE;PROCUREMENT DIVISION;OPERATIONS DEPT DEPARTMENT;Komunikasi Efektif;2024;Dale Carnegie ID;TRAIN;TECH;;CC7451;IDR;7500000;X;TEC;STEM;Communication;0;CERT-19776;08:00;17:00;8;1;IDR;19/10/2024;29/10/2024;3;Soft Skill;Training;Finance;STEM Technical
EMP085138;TRAIN;22/06/2023;14/06/2023;Eko Widodo;Training Interface;Coordinator;AGRIBUSINESS;PRODUCTION DIVISION;PIPELINE DEPARTMENT;coaching performance;2023;Internal Trainer;TRAIN;TECH;Online;CC9797;IDR;0;X;MGS;NSGML;COACHING;;;08:00;17:00;16;2;IDR;14/06/2023;22/06/2023;2;Leadership;Seminar;Human Capital;STEM Technical
EMP085258;;12/07/2022;03/07/2022;Aldhi Usman;Training Interface;Operator;TRADING;TALENT MANAGEMENT DIVISION;TAX DEPARTMENT;Keselamatan Pertambangan;2022;Internal Trainer;TRAIN;TECH;Online;CC6726;IDR;500000;;FIN;STEM;SAFETY;12;CERT-92027;08:00;17:00;16;2;IDR;03/07/2022;12/07/2022;2;Technical Skill;Seminar;Human Capital;STEM Technical
43115;;26/09/2025;12/09/2025;Mega Laksono;Training Interface;Specialist;CORPORATE;TREASURY DIVISION;TAX DEPARTMENT;Pengambilan Keputusan Strategis;2025;INSEAD;DEVEL;TECH;Jakarta Office;CC2697;USD;0;Y;HRS;STEM;Strategy;;;08:00;17:00;20;2;IDR;12/09/2025;26/09/2025;5;Leadership;Workshop;Management Science;STEM Engineering
EMP085471;TRAIN;08/12/2022;02/12/2022;Pitra Mahendra;Training Interface;Officer;FINANCIAL SERVICES;INTERNAL AUDIT DIVISION;LOGISTICS DEPARTMENT;Strategi Transformasi Digital;2022;MIT Sloan Executive;WORKSHOP;TECH;Bali Resort;CC5787;USD;3500000;Y;TEC;STEM;Digital Strategy;12;CERT-98716;08:00;17:00;24;3;IDR;02/12/2022;08/12/2022;1;Leadership;Seminar;Engineering;STEM Engineering
32303;;22/10/2024;08/10/2024;Elsa Usman;Training Interface;Senior Engineer;LEGAL & COMPLIANCE;INTERNAL AUDIT DIVISION;AFFAIRS DEPT DEPARTMENT;MS Excel Lanjutan;2024;kelas.work;DEVEL;LEAD;Online;CC6356;USD;1500000;X;MGS;STEM;MS Excel;;;08:00;17:00;16;2;IDR;08/10/2024;22/10/2024;5;Technical Skill;Workshop;Management Science;STEM Technical
22892;;21/09/2024;07/09/2024;Doni Mahendra;Self Reported;Manager;HUMAN RESOURCES;TREASURY DIVISION;HR DEPT DEPARTMENT;Teknik Negosiasi;2024;Harvard Online;DEVEL;SOFT;Surabaya HQ;CC5486;USD;0;Y;TEC;NSGML;NEGOTIATION;;;08:00;17:00;16;2;IDR;07/09/2024;21/09/2024;2;Soft Skill;Workshop;Human Capital;STEM Technical
32303;TRAIN;16/04/2022;03/04/2022;Elsa Usman;Training Interface;Senior Engineer;LEGAL & COMPLIANCE;INTERNAL AUDIT DIVISION;AFFAIRS DEPT DEPARTMENT;Data Analytics Advance;2022;Coursera;TRAIN;SOFT;Surabaya HQ;CC9471;USD;7500000;X;MGS;NSTEM;DATA ANALYTICS;0;CERT-25041;08:00;17:00;40;5;IDR;03/04/2022;16/04/2022;5;Technical Skill;Seminar;Engineering;STEM Technical
EMP085389;TRAIN;20/01/2022;09/01/2022;Employee EMP085389;Manual Entry;Supervisor;FORESTRY & PLANTATION;TREASURY DIVISION;PLANT 2 DEPARTMENT;Data Analytics Advance;2022;Coursera;CERT;LEAD;Surabaya HQ;CC2343;USD;500000;X;MGS;NSTEM;DATA ANALYTICS;;;08:00;17:00;40;5;IDR;09/01/2022;20/01/2022;5;Technical Skill;Workshop;Management Science;Non-STEM General Management Le
36786;TRAIN;06/06/2024;24/05/2024;S. Rohman;Manual Entry;Officer;FINANCE & ACCOUNTING;ENGINEERING DIVISION;HR DEPT DEPARTMENT;Teknik Negosiasi;2024;Harvard Online;DEVEL;SOFT;Online;CC6326;USD;1500000;;FIN;NSTEM;Negotiation;12;CERT-86700;08:00;17:00;16;2;IDR;24/05/2024;06/06/2024;3;Soft Skill;Certification;Finance;STEM Technical
EMP085186;;20/01/2022;15/01/2022;Fahmi Jaya;Manual Entry;Coordinator;TRADING;PROCUREMENT OPERATIONS DIVISION;QUALITY CONTROL DEPARTMENT;esg reporting;2022;GRI;WORKSHOP;LEAD;Jakarta Office;CC4524;USD;0;X;FIN;STEM;ESG;;;08:00;17:00;12;1;IDR;15/01/2022;20/01/2022;2;Technical Skill;Training;Management Science;STEM Engineering
77151;CERT;24/11/2025;14/11/2025;BAMBANG WIJAYA;Self Reported;Manager;CORPORATE;TALENT MANAGEMENT DIVISION;PLANT 2 DEPARTMENT;Teknik Negosiasi;2025;Harvard Online;DEVEL;SOFT;Online;CC1433;USD;0;Y;MGS;STEM;NEGOTIATION;;;08:00;17:00;16;2;IDR;14/11/2025;24/11/2025;2;Soft Skill;Training;Finance;STEM Engineering
EMP085365;CERT;06/04/2025;02/04/2025;Yanto Fajari;Manual Entry;Section Head;LOGISTICS;PRODUCTION DIVISION;PLANT 1 DEPARTMENT;Cybersecurity Fundamental;2025;Coursera;TRAIN;TECH;Bali Resort;CC7008;USD;0;;TEC;STEM;CYBERSECURITY;24;CERT-59673;08:00;17:00;24;3;IDR;02/04/2025;06/04/2025;1;Technical Skill;Certification;Human Capital;STEM Engineering
63982;TRAIN;18/04/2024;11/04/2024;Budi Kartono;Training Interface;Manager;SUPPLY CHAIN;PROCUREMENT DIVISION;SUPPLY CHAIN DEPT DEPARTMENT;Cybersecurity Fundamental;2024;Coursera;TRAIN;COMPL;Jakarta Office;CC3870;USD;500000;Y;HRS;NSTEM;Cybersecurity;24;CERT-83068;08:00;17:00;24;3;IDR;11/04/2024;18/04/2024;3;Technical Skill;Certification;Engineering;STEM Technical
40078;TRAIN;16/09/2024;12/09/2024;Randa Cokro;Training Interface;Coordinator;CORPORATE;INTERNAL AUDIT DIVISION;SUPPLY CHAIN DEPT DEPARTMENT;Cybersecurity Fundamental ;2024;Coursera;WORKSHOP;LEAD;Bali Resort;CC7874;USD;7500000;;HRS;NSGML;CYBERSECURITY;0;CERT-56599;08:00;17:00;24;3;IDR;12/09/2024;16/09/2024;2;Technical Skill;Training;Engineering;STEM Technical
EMP089033;TRAIN;11/10/2024;07/10/2024;Bambang Setiawan;Training Interface;Section Head;;PRODUCTION DIVISION;;MS Excel Lanjutan;2024;kelas.work;DEVEL;SOFT;Online;CC1387;USD;;Y;TEC;STEM;MS Excel;;;08:00;17:00;16;2;IDR;07/10/2024;11/10/2024;4;Technical Skill;Training;Finance;STEM Engineering
43260;CERT;18/03/2024;10/03/2024;ULFA TRIYANTO;Manual Entry;Senior Engineer;FINANCE & ACCOUNTING;TALENT MANAGEMENT DIVISION;OPERATIONS DEPT DEPARTMENT;SAP S4HANA Basic;2024;SAP Education ID;TRAIN;COMPL;Online;CC6233;IDR;1500000;Y;HRS;NSGML;SAP;;;08:00;17:00;32;4;IDR;10/03/2024;18/03/2024;1;Technical Skill;Seminar;Engineering;STEM Technical
EMP085371;TRAIN;28/05/2025;16/05/2025;Zahra Kuncoro;Manual Entry;Supervisor;TRADING;INTERNAL AUDIT DIVISION;PLANT 1 DEPARTMENT;Strategi Transformasi Digital;2025;MIT Sloan Executive;WORKSHOP;SOFT;Jakarta Office;CC3239;USD;500000;;MGS;STEM;Digital Strategy;;;08:00;17:00;24;3;IDR;16/05/2025;28/05/2025;3;Leadership;Workshop;Engineering;Non-STEM General Management Le
77151;CERT;10/04/2023;30/03/2023;BAMBANG WIJAYA;Training Interface;Manager;CORPORATE;TALENT MANAGEMENT DIVISION;PLANT 2 DEPARTMENT;ESG Reporting;2023;GRI;DEVEL;TECH;Bali Resort;CC9811;USD;1500000;X;TEC;NSGML;ESG;0;CERT-54294;08:00;17:00;12;1;IDR;30/03/2023;10/04/2023;2;Technical Skill;Seminar;Human Capital;Non-STEM General Management Le
EMP085373;CERT;11/06/2022;02/06/2022;Umi Hidayat;Self Reported;Officer;FORESTRY & PLANTATION;PROCUREMENT DIVISION;DRILLING DEPARTMENT;Keselamatan Pertambangan ;2022;Internal Trainer;TRAIN;LEAD;Surabaya HQ;CC3346;IDR;500000;;HRS;NSGML;Safety;24;CERT-60040;08:00;17:00;16;2;IDR;02/06/2022;11/06/2022;2;Technical Skill;Certification;Engineering;STEM Technical
54699;TRAIN;24/05/2022;19/05/2022;Qomar Wahab;Training Interface;Senior Analyst;CORPORATE;TREASURY DIVISION;FINANCE DEPT DEPARTMENT;Pengambilan Keputusan Strategis;2022;INSEAD;WORKSHOP;LEAD;Surabaya HQ;CC5230;USD;500000;;MGS;STEM;Strategy;36;CERT-21119;08:00;17:00;20;2;IDR;19/05/2022;24/05/2022;1;Leadership;Certification;Engineering;Non-STEM General Management Le
14955;CERT;23/06/2022;21/06/2022;Vina Atmaja;Self Reported;Senior Engineer;SUPPLY CHAIN;PROCUREMENT DIVISION;FINANCE DEPT DEPARTMENT;Coaching Performance;2022;Internal Trainer;TRAIN;SOFT;Surabaya HQ;CC3050;IDR;0;X;MGS;STEM;Coaching;0;CERT-93521;08:00;17:00;16;2;IDR;21/06/2022;23/06/2022;2;Leadership;Seminar;Engineering;Non-STEM General Management Le
EMP085092;;07/08/2024;03/08/2024;Wilda Usman;Self Reported;Supervisor;FINANCIAL SERVICES;TREASURY DIVISION;PIPELINE DEPARTMENT;Teknik Negosiasi;2024;Harvard Online;CERT;SOFT;Jakarta Office;CC1298;USD;0;Y;FIN;STEM;NEGOTIATION;;;08:00;17:00;16;2;IDR;03/08/2024;07/08/2024;1;Soft Skill;Workshop;Management Science;STEM Engineering
EMP085072;TRAIN;18/01/2025;06/01/2025;Yola Yusuf;Self Reported;Specialist;LOGISTICS;PROCUREMENT DIVISION;QUALITY CONTROL DEPARTMENT;ESG Reporting;2025;GRI;CERT;SOFT;Jakarta Office;CC7960;USD;3500000;;MGS;NSGML;ESG;;;08:00;17:00;12;1;IDR;06/01/2025;18/01/2025;3;Technical Skill;Training;Engineering;STEM Technical
EMP087013;TRAIN;29/10/2022;21/10/2022;Sri Rahayu;Training Interface;Engineer;CORPORATE CENTER;INTERNAL AUDIT DIVISION;HEAVY EQUIPMENT DEPARTMENT;Leadership Essential;2022;Internal Trainer;TRAIN;TECH;Surabaya HQ;CC8250;IDR;3500000;Y;FIN;NSGML;LEADERSHIP;36;CERT-32202;08:00;17:00;16;2;IDR;21/10/2022;29/10/2022;1;Leadership;Training;Engineering;Non-STEM General Management Le
EMP085296;CERT;07/09/2023;05/09/2023;Randa Manurung;Training Interface;Analyst;PROPERTY;INTERNAL AUDIT DIVISION;QUALITY CONTROL DEPARTMENT;Strategi Transformasi Digital;2023;MIT Sloan Executive;WORKSHOP;COMPL;Surabaya HQ;CC3523;USD;0;Y;TEC;NSGML;DIGITAL STRATEGY;24;CERT-91665;08:00;17:00;24;3;IDR;05/09/2023;07/09/2023;1;Leadership;Certification;Engineering;STEM Technical
EMP087023;CERT;30/04/2022;17/04/2022;Kartika Rahayu;Self Reported;Department Head;FORESTRY & PLANTATION;MAINTENANCE DIVISION;LOGISTICS DEPARTMENT;Keselamatan Pertambangan;2022;Internal Trainer;WORKSHOP;TECH;Surabaya HQ;CC1451;IDR;500000;Y;FIN;NSTEM;SAFETY;0;CERT-90842;08:00;17:00;16;2;IDR;17/04/2022;30/04/2022;4;Technical Skill;Certification;Engineering;Non-STEM General Management Le
EMP085354;TRAIN;20/03/2024;17/03/2024;Nur Manurung;Training Interface;Supervisor;LOGISTICS;MAINTENANCE DIVISION;QUALITY CONTROL DEPARTMENT;Cybersecurity Fundamental ;2024;Coursera;WORKSHOP;TECH;Bali Resort;CC5965;USD;0;Y;FIN;STEM;Cybersecurity;24;CERT-94239;08:00;17:00;24;3;IDR;17/03/2024;20/03/2024;2;Technical Skill;Training;Management Science;Non-STEM General Management Le
72736;TRAIN;26/06/2023;17/06/2023;Dewi Sari;Self Reported;Department Head;FINANCE & ACCOUNTING;ENGINEERING DIVISION;PIPELINE DEPARTMENT;Komunikasi Efektif ;2023;Dale Carnegie ID;CERT;LEAD;Jakarta Office;CC1355;IDR;500000;Y;TEC;NSTEM;COMMUNICATION;0;CERT-48470;08:00;17:00;8;1;IDR;17/06/2023;26/06/2023;4;Soft Skill;Workshop;Human Capital;STEM Technical
EMP085447;CERT;19/05/2024;12/05/2024;FERI BUDIMAN;Self Reported;Coordinator;LOGISTICS;INTERNAL AUDIT DIVISION;HEAVY EQUIPMENT DEPARTMENT;Strategi Transformasi Digital;2024;MIT Sloan Executive;CERT;LEAD;Surabaya HQ;CC3180;USD;3500000;;HRS;NSGML;DIGITAL STRATEGY;12;CERT-69285;08:00;17:00;24;3;IDR;12/05/2024;19/05/2024;5;Leadership;Workshop;Finance;STEM Technical
EMP085223;CERT;07/03/2025;01/03/2025;Bayu Gunawan;Self Reported;Section Head;CORPORATE CENTER;MAINTENANCE DIVISION;RECRUITMENT DEPARTMENT;ESG Reporting;2025;GRI;TRAIN;TECH;Bali Resort;CC8240;USD;0;Y;HRS;STEM;ESG;24;CERT-41917;08:00;17:00;12;1;IDR;01/03/2025;07/03/2025;1;Technical Skill;Workshop;Finance;STEM Engineering
19662;CERT;17/08/2023;04/08/2023;Elsa Ardhana;Training Interface;Operator;HUMAN RESOURCES;TALENT MANAGEMENT DIVISION;SUPPLY CHAIN DEPT DEPARTMENT;Teknik Negosiasi;2023;Harvard Online;DEVEL;SOFT;Surabaya HQ;CC1539;USD;3500000;Y;MGS;STEM;NEGOTIATION;36;CERT-21600;08:00;17:00;16;2;IDR;04/08/2023;17/08/2023;2;Soft Skill;Workshop;Finance;STEM Engineering
EMP085282;TRAIN;28/10/2023;27/10/2023;Elsa Rahayu;Manual Entry;Senior Operator;ENERGY GROUP;TALENT MANAGEMENT DIVISION;PLANT 1 DEPARTMENT;Keselamatan Pertambangan;2023;Internal Trainer;CERT;SOFT;Bali Resort;CC1256;IDR;1500000;;MGS;NSTEM;Safety;;;08:00;17:00;16;2;IDR;27/10/2023;28/10/2023;4;Technical Skill;Certification;Engineering;STEM Technical
EMP085459;;01/09/2022;28/08/2022;Jihan Wardhana;Self Reported;Operator;FORESTRY & PLANTATION;INTERNAL AUDIT DIVISION;HEAVY EQUIPMENT DEPARTMENT;PMP Preparation ;2022;PMI Indonesia;WORKSHOP;TECH;Jakarta Office;CC7356;USD;0;X;FIN;NSTEM;Project Management;0;CERT-75061;08:00;17:00;32;4;IDR;28/08/2022;01/09/2022;5;Soft Skill;Certification;Management Science;STEM Engineering
EMP085472;CERT;05/07/2022;22/06/2022;Andi Chandra;Self Reported;Manager;MINING OPERATIONS;PROCUREMENT DIVISION;QUALITY CONTROL DEPARTMENT;Cybersecurity Fundamental;2022;Coursera;TRAIN;TECH;;CC8482;USD;0;;FIN;NSTEM;CYBERSECURITY;0;CERT-94687;08:00;17:00;24;3;IDR;22/06/2022;05/07/2022;1;Technical Skill;Seminar;Management Science;STEM Technical
EMP085439;;06/02/2025;28/01/2025;Siska Indrawan;Training Interface;Section Head;TRADING;TALENT MANAGEMENT DIVISION;PIPELINE DEPARTMENT;pengambilan keputusan strategis;2025;INSEAD;CERT;SOFT;Online;CC2420;USD;0;;FIN;NSGML;Strategy;0;CERT-38563;08:00;17:00;20;2;IDR;28/01/2025;06/02/2025;2;Leadership;Certification;Human Capital;Non-STEM General Management Le
EMP085453;CERT;18/09/2022;13/09/2022;Bambang Fajari;Manual Entry;Coordinator;ENERGY GROUP;TALENT MANAGEMENT DIVISION;QUALITY CONTROL DEPARTMENT;Pengambilan Keputusan Strategis ;2022;INSEAD;TRAIN;TECH;Jakarta Office;CC5359;USD;3500000;X;MGS;NSGML;STRATEGY;0;CERT-13888;08:00;17:00;20;2;IDR;13/09/2022;18/09/2022;4;Leadership;Certification;Human Capital;STEM Technical
EMP085362;CERT;20/06/2024;08/06/2024;Nanda Mulyadi;Training Interface;Engineer;PROPERTY;TALENT MANAGEMENT DIVISION;PAYROLL DEPARTMENT;Cybersecurity Fundamental;2024;Coursera;CERT;COMPL;Surabaya HQ;CC2643;USD;7500000;X;HRS;NSTEM;Cybersecurity;0;CERT-25181;08:00;17:00;24;3;IDR;08/06/2024;20/06/2024;1;Technical Skill;Seminar;Finance;STEM Engineering
93919;CERT;12/03/2024;07/03/2024;Zahra Nainggolan;Manual Entry;General Manager;ENGINEERING;PRODUCTION DIVISION;LEGAL DEPT DEPARTMENT;Pengambilan Keputusan Strategis;2024;INSEAD;TRAIN;TECH;Online;CC6962;USD;0;X;TEC;NSTEM;Strategy;12;CERT-76901;08:00;17:00;20;2;IDR;07/03/2024;12/03/2024;5;Leadership;Seminar;Finance;Non-STEM General Management Le
EMP085081;;10/09/2022;29/08/2022;Miko Chandra;Manual Entry;Operator;FORESTRY & PLANTATION;INTERNAL AUDIT DIVISION;HEAVY EQUIPMENT DEPARTMENT;SAP S4HANA Basic;2022;SAP Education ID;TRAIN;COMPL;Online;CC1078;IDR;0;;HRS;NSGML;SAP;24;CERT-72666;08:00;17:00;32;4;IDR;29/08/2022;10/09/2022;5;Technical Skill;Workshop;Engineering;Non-STEM General Management Le
13968;;06/03/2023;02/03/2023;Bambang Wibowo;Manual Entry;Operator;CORPORATE;ENGINEERING DIVISION;PLANT 1 DEPARTMENT;Finance for Non Finance;2023;Coursera;DEVEL;TECH;Jakarta Office;CC6590;USD;0;Y;MGS;NSTEM;FINANCE;;;08:00;17:00;12;1;IDR;02/03/2023;06/03/2023;2;Technical Skill;Workshop;Management Science;STEM Technical
32303;TRAIN;06/06/2023;31/05/2023;Elsa Usman;Manual Entry;Senior Engineer;LEGAL & COMPLIANCE;INTERNAL AUDIT DIVISION;AFFAIRS DEPT DEPARTMENT;keselamatan pertambangan;2023;Internal Trainer;WORKSHOP;SOFT;Jakarta Office;CC5292;IDR;0;Y;TEC;STEM;SAFETY;36;CERT-82616;08:00;17:00;16;2;IDR;31/05/2023;06/06/2023;1;Technical Skill;Workshop;Human Capital;STEM Technical
EMP087048;CERT;29/10/2025;17/10/2025;Employee EMP087048;Training Interface;Department Head;LOGISTICS;INTERNAL AUDIT DIVISION;TAX DEPARTMENT;Komunikasi Efektif;2025;Dale Carnegie ID;DEVEL;LEAD;Online;CC8347;IDR;1500000;;HRS;STEM;COMMUNICATION;12;CERT-58721;08:00;17:00;8;1;IDR;17/10/2025;29/10/2025;5;Soft Skill;Certification;Management Science;STEM Technical
EMP089030;;05/04/2025;02/04/2025;Fahmi Halim;Manual Entry;Manager;TRADING;TREASURY DIVISION;LOGISTICS DEPARTMENT;Keselamatan Pertambangan;2025;Internal Trainer;WORKSHOP;COMPL;;CC9657;IDR;0;X;MGS;NSGML;SAFETY;;;08:00;17:00;16;2;IDR;02/04/2025;05/04/2025;3;Technical Skill;Workshop;Finance;STEM Technical
84082;;03/07/2023;01/07/2023;Doni Nugroho;Manual Entry;Manager;CORPORATE AFFAIRS;MAINTENANCE DIVISION;HR DEPT DEPARTMENT;ms excel lanjutan;2023;kelas.work;WORKSHOP;SOFT;Jakarta Office;CC6098;USD;500000;Y;FIN;NSGML;MS EXCEL;0;CERT-15833;08:00;17:00;16;2;IDR;01/07/2023;03/07/2023;5;Technical Skill;Seminar;Management Science;Non-STEM General Management Le
56658;TRAIN;05/01/2025;25/12/2024;Reza Rahayu;Self Reported;Department Head;LEGAL & COMPLIANCE;TREASURY DIVISION;OPERATIONS DEPT DEPARTMENT;SAP S4HANA Basic;2024;SAP Education ID;TRAIN;LEAD;Jakarta Office;CC2419;IDR;1500000;Y;TEC;NSGML;SAP;;;08:00;17:00;32;4;IDR;25/12/2024;05/01/2025;5;Technical Skill;Certification;Human Capital;STEM Engineering
39919;;12/06/2022;30/05/2022;SITI MANURUNG;Manual Entry;Specialist;SUPPLY CHAIN;PROCUREMENT DIVISION;SUPPLY CHAIN DEPT DEPARTMENT;ESG Reporting;2022;GRI;DEVEL;SOFT;Bali Resort;CC5518;USD;3500000;;TEC;STEM;ESG;;;08:00;17:00;12;1;IDR;30/05/2022;12/06/2022;3;Technical Skill;Seminar;Finance;Non-STEM General Management Le
EMP085086;TRAIN;17/04/2022;05/04/2022;Vina Ginanjar;Training Interface;Senior Analyst;FORESTRY & PLANTATION;PRODUCTION OPERATIONS DIVISION;HEAVY EQUIPMENT DEPARTMENT;Pengambilan Keputusan Strategis;2022;INSEAD;WORKSHOP;LEAD;Online;CC3048;USD;1500000;;FIN;STEM;Strategy;;;08:00;17:00;20;2;IDR;05/04/2022;17/04/2022;5;Leadership;Certification;Human Capital;STEM Engineering
89519;TRAIN;11/03/2022;10/03/2022;I. Susanto;Manual Entry;Operator;MINING OPERATIONS;PRODUCTION DIVISION;ACCOUNTING DEPT DEPARTMENT;Pengambilan Keputusan Strategis;2022;INSEAD;TRAIN;COMPL;;CC8020;USD;7500000;;MGS;NSGML;Strategy;36;CERT-73818;08:00;17:00;20;2;IDR;10/03/2022;11/03/2022;4;Leadership;Certification;Management Science;STEM Engineering
EMP085053;;28/05/2025;20/05/2025;Kartika Adiputra;Training Interface;Department Head;MINING OPERATIONS;MAINTENANCE DIVISION;DRILLING DEPARTMENT;Data Analytics Advance;2025;Coursera;WORKSHOP;LEAD;;CC8394;USD;1500000;;FIN;STEM;Data Analytics;12;CERT-70386;08:00;17:00;40;5;IDR;20/05/2025;28/05/2025;3;Technical Skill;Workshop;Human Capital;STEM Engineering
74079;CERT;25/12/2025;24/12/2025;Ivan Hermawan;Self Reported;General Manager;SUPPLY CHAIN;INTERNAL AUDIT DIVISION;CORPORATE AFFAIRS DEPT DEPARTMENT;Leadership Essential;2025;Internal Trainer;CERT;SOFT;;CC5953;IDR;500000;X;MGS;STEM;Leadership;12;CERT-21376;08:00;17:00;16;2;IDR;24/12/2025;25/12/2025;1;Leadership;Seminar;Management Science;STEM Technical
84514;TRAIN;;;Andi Wijaya;Manual Entry;Department Head;MINING OPERATIONS;;PLANT 2 DEPARTMENT;Leadership Essential;2024;Internal Trainer;DEVEL;COMPL;Surabaya HQ;CC9144;IDR;1500000;;TEC;NSTEM;Leadership;12;CERT-64256;08:00;17:00;;;IDR;;;4;Leadership;Training;Human Capital;STEM Engineering
EMP087045;CERT;19/05/2025;13/05/2025;Joko Nainggolan;Training Interface;Senior Operator;FINANCIAL SERVICES;TALENT MANAGEMENT DIVISION;PAYROLL DEPARTMENT;Data Analytics Advance;2025;Coursera;CERT;COMPL;Jakarta Office;CC6490;USD;500000;X;TEC;STEM;Data Analytics;;;08:00;17:00;40;5;IDR;13/05/2025;19/05/2025;2;Technical Skill;Training;Engineering;Non-STEM General Management Le
EMP085277;CERT;28/03/2025;20/03/2025;Employee EMP085277;Training Interface;Section Head;AGRIBUSINESS;TREASURY DIVISION;PIPELINE DEPARTMENT;pengambilan keputusan strategis;2025;INSEAD;DEVEL;COMPL;Jakarta Office;CC1967;USD;0;;FIN;NSTEM;Strategy;0;CERT-94714;08:00;17:00;20;2;IDR;20/03/2025;28/03/2025;1;Leadership;Certification;Finance;Non-STEM General Management Le
50621;;09/01/2025;07/01/2025;Vina Wijaya;Training Interface;Department Head;LEGAL & COMPLIANCE;TREASURY DIVISION;ENGINEERING DEPT DEPARTMENT;Finance for Non Finance ;2025;Coursera;DEVEL;LEAD;Jakarta Office;CC9047;USD;500000;;HRS;STEM;Finance;;;08:00;17:00;12;1;IDR;07/01/2025;09/01/2025;4;Technical Skill;Workshop;Finance;Non-STEM General Management Le
69362;TRAIN;24/09/2025;11/09/2025;Hendra Tanjung;Manual Entry;Senior Analyst;MINING OPERATIONS;INTERNAL AUDIT DIVISION;OPERATIONS DEPT DEPARTMENT;ms excel lanjutan;2025;kelas.work;TRAIN;COMPL;Bali Resort;CC7748;USD;1500000;X;FIN;NSTEM;MS EXCEL;24;CERT-74159;08:00;17:00;16;2;IDR;11/09/2025;24/09/2025;4;Technical Skill;Certification;Management Science;STEM Technical
EMP085055;;29/10/2025;27/10/2025;ALDHI KUSUMA;Training Interface;Section Head;MINING OPERATIONS;TREASURY DIVISION;PLANT 1 DEPARTMENT;Finance for Non Finance;2025;Coursera;CERT;TECH;;CC9959;USD;0;X;HRS;NSTEM;Finance;36;CERT-92784;08:00;17:00;12;1;IDR;27/10/2025;29/10/2025;1;Technical Skill;Workshop;Management Science;STEM Engineering
EMP085272;CERT;16/04/2022;08/04/2022;Joko Gunadi;Self Reported;Senior Operator;FORESTRY & PLANTATION;INTERNAL AUDIT DIVISION;LOGISTICS DEPARTMENT;PMP Preparation;2022;PMI Indonesia;CERT;LEAD;Surabaya HQ;CC8562;USD;0;Y;HRS;NSTEM;PROJECT MANAGEMENT;;;08:00;17:00;32;4;IDR;08/04/2022;16/04/2022;2;Soft Skill;Seminar;Engineering;STEM Technical
56156;;28/06/2023;19/06/2023;Wulan Widodo;Self Reported;Coordinator;CORPORATE;ENGINEERING OPERATIONS DIVISION;SUPPLY CHAIN DEPT DEPARTMENT;Risk Factor In Merger Acquisition;2023;Internal Trainer;WORKSHOP;COMPL;Online;CC7979;IDR;7500000;X;HRS;NSGML;M&A;;;08:00;17:00;8;1;IDR;19/06/2023;28/06/2023;2;Technical Skill;Certification;Human Capital;Non-STEM General Management Le
91691;;11/11/2022;28/10/2022;Nur Pratama;Training Interface;Coordinator;IT;INTERNAL AUDIT DIVISION;RECRUITMENT DEPARTMENT;cybersecurity fundamental;2022;Coursera;DEVEL;COMPL;;CC6199;USD;0;X;HRS;NSGML;Cybersecurity;;;08:00;17:00;24;3;IDR;28/10/2022;11/11/2022;3;Technical Skill;Certification;Management Science;STEM Engineering
EMP085388;CERT;18/12/2023;09/12/2023;Employee EMP085388;Training Interface;Officer;CORPORATE CENTER;TREASURY DIVISION;DRILLING DEPARTMENT;SAP S4HANA Basic;2023;SAP Education ID;TRAIN;TECH;Bali Resort;CC4775;IDR;0;X;HRS;NSGML;SAP;12;CERT-58207;08:00;17:00;32;4;IDR;09/12/2023;18/12/2023;3;Technical Skill;Seminar;Human Capital;STEM Technical
55527;CERT;03/09/2023;22/08/2023;Jihan Manurung;Manual Entry;Department Head;LEGAL & COMPLIANCE;PRODUCTION DIVISION;IT DEPT DEPARTMENT;Cybersecurity Fundamental;2023;Coursera;WORKSHOP;TECH;;CC7844;USD;0;X;FIN;STEM;CYBERSECURITY;;;08:00;17:00;24;3;IDR;22/08/2023;03/09/2023;3;Technical Skill;Training;Human Capital;STEM Technical
EMP085489;TRAIN;23/02/2023;19/02/2023;Bambang Gunawan;Self Reported;Supervisor;MINING OPERATIONS;INTERNAL AUDIT DIVISION;QUALITY CONTROL DEPARTMENT;Risk Factor In Merger Acquisition ;2023;Internal Trainer;DEVEL;COMPL;Online;CC9423;IDR;0;X;HRS;NSGML;M&A;36;CERT-82628;08:00;17:00;8;1;IDR;19/02/2023;23/02/2023;3;Technical Skill;Training;Finance;STEM Engineering
21809;CERT;14/12/2024;02/12/2024;Randa Jaya;Manual Entry;Coordinator;INFORMATION TECHNOLOGY;PRODUCTION DIVISION;CORPORATE AFFAIRS DEPT DEPARTMENT;Keselamatan Pertambangan ;2024;Internal Trainer;TRAIN;LEAD;Surabaya HQ;CC6123;IDR;0;X;MGS;NSGML;Safety;;;08:00;17:00;16;2;IDR;02/12/2024;14/12/2024;1;Technical Skill;Workshop;Management Science;Non-STEM General Management Le
EMP085095;TRAIN;22/08/2023;12/08/2023;Employee EMP085095;Manual Entry;Supervisor;PROPERTY;TREASURY DIVISION;PLANT 1 DEPARTMENT;Cybersecurity Fundamental;2023;Coursera;WORKSHOP;SOFT;Bali Resort;CC9391;USD;0;Y;HRS;NSGML;Cybersecurity;0;CERT-63373;08:00;17:00;24;3;IDR;12/08/2023;22/08/2023;1;Technical Skill;Training;Engineering;STEM Technical
EMP085440;TRAIN;04/04/2022;22/03/2022;Employee EMP085440;Self Reported;Manager;MINING OPERATIONS;MAINTENANCE DIVISION;HEAVY EQUIPMENT DEPARTMENT;Teknik Negosiasi;2022;Harvard Online;DEVEL;COMPL;Online;CC5440;USD;1500000;X;TEC;NSTEM;Negotiation;36;CERT-60275;08:00;17:00;16;2;IDR;22/03/2022;04/04/2022;3;Soft Skill;Certification;Management Science;Non-STEM General Management Le
EMP085467;CERT;12/12/2022;06/12/2022;FINA ZAINAL;Training Interface;Supervisor;MINING OPERATIONS;PRODUCTION DIVISION;TAX DEPARTMENT;ESG Reporting;2022;GRI;CERT;TECH;;CC2595;USD;1500000;Y;FIN;NSTEM;ESG;;;08:00;17:00;12;1;IDR;06/12/2022;12/12/2022;2;Technical Skill;Certification;Finance;Non-STEM General Management Le
EMP085333;;23/06/2025;20/06/2025;Leni Cokro;Manual Entry;Engineer;FINANCIAL SERVICES;TALENT MANAGEMENT DIVISION;PIPELINE DEPARTMENT;pengambilan keputusan strategis;2025;INSEAD;DEVEL;SOFT;Online;CC2915;USD;500000;X;FIN;NSTEM;STRATEGY;;;08:00;17:00;20;2;IDR;20/06/2025;23/06/2025;3;Leadership;Certification;Engineering;Non-STEM General Management Le
EMP085393;CERT;14/10/2023;10/10/2023;Reza Jaya;Manual Entry;Analyst;TRADING;ENGINEERING DIVISION;RECRUITMENT DEPARTMENT;Leadership Essential;2023;Internal Trainer;CERT;SOFT;Online;CC1866;IDR;500000;X;TEC;NSTEM;LEADERSHIP;36;CERT-14603;08:00;17:00;16;2;IDR;10/10/2023;14/10/2023;1;Leadership;Seminar;Engineering;STEM Technical
62879;;03/12/2022;25/11/2022;Reza Sari;Self Reported;General Manager;ENGINEERING;TALENT MANAGEMENT DIVISION;HSE DEPT DEPARTMENT;Pengambilan Keputusan Strategis;2022;INSEAD;TRAIN;LEAD;Jakarta Office;CC9055;USD;0;Y;TEC;STEM;Strategy;;;08:00;17:00;20;2;IDR;25/11/2022;03/12/2022;1;Leadership;Workshop;Finance;STEM Engineering
75495;CERT;23/01/2025;11/01/2025;Dedy Nainggolan;Training Interface;Manager;FINANCE & ACCOUNTING;INTERNAL AUDIT DIVISION;CORPORATE AFFAIRS DEPT DEPARTMENT;Keselamatan Pertambangan;2025;Internal Trainer;CERT;SOFT;Bali Resort;CC2718;IDR;0;Y;FIN;NSTEM;SAFETY;36;CERT-80632;08:00;17:00;16;2;IDR;11/01/2025;23/01/2025;2;Technical Skill;Seminar;Management Science;Non-STEM General Management Le
EMP085349;;18/05/2024;11/05/2024;Budi Permadi;Self Reported;General Manager;PROPERTY;PRODUCTION OPERATIONS DIVISION;PIPELINE DEPARTMENT;Finance for Non Finance;2024;Coursera;TRAIN;TECH;;CC8407;USD;7500000;;TEC;STEM;FINANCE;;;08:00;17:00;12;1;IDR;11/05/2024;18/05/2024;3;Technical Skill;Training;Human Capital;STEM Technical
43410;TRAIN;19/08/2024;15/08/2024;Reza Chandra;Manual Entry;Coordinator;SUPPLY CHAIN;ENGINEERING DIVISION;ACCOUNTING DEPT DEPARTMENT;Finance for Non Finance;2024;Coursera;CERT;LEAD;Bali Resort;CC1289;USD;500000;;FIN;STEM;Finance;;;08:00;17:00;12;1;IDR;15/08/2024;19/08/2024;3;Technical Skill;Seminar;Finance;STEM Engineering
EMP085494;TRAIN;01/08/2024;29/07/2024;VERI NUGROHO;Manual Entry;Senior Analyst;ENERGY GROUP;PRODUCTION DIVISION;HEAVY EQUIPMENT DEPARTMENT;Coaching Performance;2024;Internal Trainer;DEVEL;LEAD;Bali Resort;CC1082;IDR;3500000;X;MGS;STEM;Coaching;12;CERT-27827;08:00;17:00;16;2;IDR;29/07/2024;01/08/2024;2;Leadership;Certification;Human Capital;Non-STEM General Management Le
EMP085297;TRAIN;02/02/2022;20/01/2022;Leni Ardhana;Training Interface;Department Head;LOGISTICS;MAINTENANCE DIVISION;QUALITY CONTROL DEPARTMENT;Finance for Non Finance;2022;Coursera;DEVEL;COMPL;;CC8279;USD;0;X;FIN;STEM;FINANCE;12;CERT-54353;08:00;17:00;12;1;IDR;20/01/2022;02/02/2022;1;Technical Skill;Certification;Management Science;Non-STEM General Management Le
EMP085386;TRAIN;20/05/2022;09/05/2022;Elsa Chandra;Manual Entry;Supervisor;ENERGY GROUP;ENGINEERING DIVISION;RECRUITMENT DEPARTMENT;Keselamatan Pertambangan;2022;Internal Trainer;CERT;LEAD;Online;CC2766;IDR;3500000;Y;HRS;STEM;Safety;;;08:00;17:00;16;2;IDR;09/05/2022;20/05/2022;3;Technical Skill;Workshop;Management Science;STEM Engineering
80255;;03/10/2023;02/10/2023;Doni Wijaya;Manual Entry;Manager;CORPORATE AFFAIRS;ENGINEERING DIVISION;LEGAL DEPT DEPARTMENT;Keselamatan Pertambangan;2023;Internal Trainer;DEVEL;SOFT;Bali Resort;CC2897;IDR;0;Y;MGS;STEM;SAFETY;;;08:00;17:00;16;2;IDR;02/10/2023;03/10/2023;1;Technical Skill;Certification;Human Capital;Non-STEM General Management Le
89519;CERT;26/07/2025;20/07/2025;I. Susanto;Self Reported;Operator;MINING OPERATIONS;PRODUCTION DIVISION;ACCOUNTING DEPT DEPARTMENT;esg reporting;2025;GRI;CERT;SOFT;Surabaya HQ;CC4008;USD;500000;Y;MGS;STEM;ESG;;;08:00;17:00;12;1;IDR;20/07/2025;26/07/2025;2;Technical Skill;Training;Engineering;STEM Engineering
EMP085087;CERT;02/09/2022;24/08/2022;Nur Nainggolan;Training Interface;Coordinator;ENERGY GROUP;MAINTENANCE DIVISION;PAYROLL DEPARTMENT;ms excel lanjutan;2022;kelas.work;DEVEL;TECH;Online;CC6405;USD;0;Y;TEC;STEM;MS EXCEL;;;08:00;17:00;16;2;IDR;24/08/2022;02/09/2022;1;Technical Skill;Certification;Management Science;Non-STEM General Management Le
EMP085401;CERT;10/07/2023;07/07/2023;Employee EMP085401;Training Interface;Section Head;ENERGY GROUP;ENGINEERING DIVISION;LOGISTICS DEPARTMENT;Komunikasi Efektif;2023;Dale Carnegie ID;CERT;COMPL;Online;CC6103;IDR;500000;;TEC;NSTEM;Communication;;;08:00;17:00;8;1;IDR;07/07/2023;10/07/2023;5;Soft Skill;Workshop;Engineering;Non-STEM General Management Le
EMP085068;CERT;07/06/2025;04/06/2025;Employee EMP085068;Training Interface;Senior Analyst;FORESTRY & PLANTATION;ENGINEERING DIVISION;DRILLING DEPARTMENT;Coaching Performance;2025;Internal Trainer;CERT;COMPL;Online;CC8433;IDR;500000;Y;MGS;NSTEM;Coaching;;;08:00;17:00;16;2;IDR;04/06/2025;07/06/2025;3;Leadership;Seminar;Engineering;STEM Engineering
EMP085163;CERT;04/11/2025;28/10/2025;Employee EMP085163;Manual Entry;General Manager;FINANCIAL SERVICES;TREASURY DIVISION;PLANT 2 DEPARTMENT;Finance for Non Finance;2025;Coursera;CERT;SOFT;Bali Resort;CC5391;USD;0;;MGS;NSTEM;FINANCE;0;CERT-33219;08:00;17:00;12;1;IDR;28/10/2025;04/11/2025;1;Technical Skill;Workshop;Engineering;STEM Technical
EMP085025;;13/03/2025;10/03/2025;Zulfa Fajari;Self Reported;Senior Operator;ENERGY GROUP;ENGINEERING DIVISION;QUALITY CONTROL DEPARTMENT;PMP Preparation;2025;PMI Indonesia;TRAIN;LEAD;Jakarta Office;CC5379;USD;0;;MGS;STEM;Project Management;;;08:00;17:00;32;4;IDR;10/03/2025;13/03/2025;4;Soft Skill;Workshop;Finance;STEM Engineering
35243;CERT;01/03/2022;25/02/2022;Wendi Pratama;Self Reported;Officer;HSE;PRODUCTION DIVISION;IT DEPT DEPARTMENT;Risk Factor In Merger Acquisition;2022;Internal Trainer;CERT;COMPL;Surabaya HQ;CC1469;IDR;1500000;X;HRS;NSGML;M&A;0;CERT-98690;08:00;17:00;8;1;IDR;25/02/2022;01/03/2022;5;Technical Skill;Seminar;Engineering;Non-STEM General Management Le
EMP087013;TRAIN;03/03/2024;20/02/2024;Sri Rahayu;Training Interface;Engineer;CORPORATE CENTER;INTERNAL AUDIT DIVISION;HEAVY EQUIPMENT DEPARTMENT;Coaching Performance ;2024;Internal Trainer;CERT;SOFT;Surabaya HQ;CC1671;IDR;3500000;X;TEC;NSGML;Coaching;;;08:00;17:00;16;2;IDR;20/02/2024;03/03/2024;1;Leadership;Training;Engineering;Non-STEM General Management Le
EMP085448;;27/02/2022;19/02/2022;S. Rahayu;Training Interface;Senior Operator;FORESTRY & PLANTATION;PRODUCTION DIVISION;PIPELINE DEPARTMENT;Data Analytics Advance;2022;Coursera;WORKSHOP;TECH;Jakarta Office;CC8112;USD;1500000;X;HRS;NSGML;Data Analytics;24;CERT-57246;08:00;17:00;40;5;IDR;19/02/2022;27/02/2022;4;Technical Skill;Training;Human Capital;STEM Engineering
EMP085430;TRAIN;07/10/2025;28/09/2025;Yanto Rizaldi;Training Interface;Supervisor;LOGISTICS;PRODUCTION DIVISION;RECRUITMENT DEPARTMENT;Keselamatan Pertambangan ;2025;Internal Trainer;DEVEL;LEAD;;CC3033;IDR;3500000;X;MGS;NSTEM;SAFETY;;;08:00;17:00;16;2;IDR;28/09/2025;07/10/2025;1;Technical Skill;Training;Finance;STEM Engineering
94854;;10/04/2023;29/03/2023;Fina Susanto;Training Interface;Engineer;INFORMATION TECHNOLOGY;TALENT MANAGEMENT DIVISION;IT DEPT DEPARTMENT;Komunikasi Efektif ;2023;Dale Carnegie ID;DEVEL;SOFT;Online;CC3883;IDR;7500000;X;MGS;STEM;Communication;12;CERT-37493;08:00;17:00;8;1;IDR;29/03/2023;10/04/2023;1;Soft Skill;Training;Engineering;STEM Technical
56658;;31/08/2024;19/08/2024;Reza Rahayu;Self Reported;Department Head;LEGAL & COMPLIANCE;TREASURY DIVISION;OPERATIONS DEPT DEPARTMENT;MS Excel Lanjutan;2024;kelas.work;DEVEL;LEAD;Online;CC9280;USD;0;X;FIN;STEM;MS Excel;;;08:00;17:00;16;2;IDR;19/08/2024;31/08/2024;4;Technical Skill;Certification;Management Science;STEM Engineering
EMP085135;CERT;03/01/2024;26/12/2023;Yanto Wahyudi;Self Reported;Department Head;FORESTRY & PLANTATION;MAINTENANCE DIVISION;HEAVY EQUIPMENT DEPARTMENT;Data Analytics Advance;2023;Coursera;CERT;COMPL;;CC2581;USD;0;X;MGS;STEM;Data Analytics;;;08:00;17:00;40;5;IDR;26/12/2023;03/01/2024;5;Technical Skill;Certification;Management Science;STEM Technical
EMP085048;CERT;18/09/2024;11/09/2024;Employee EMP085048;Manual Entry;Department Head;MINING OPERATIONS;TALENT MANAGEMENT DIVISION;PLANT 2 DEPARTMENT;Keselamatan Pertambangan;2024;Internal Trainer;CERT;SOFT;Online;CC6759;IDR;1500000;X;TEC;STEM;SAFETY;24;CERT-97418;08:00;17:00;16;2;IDR;11/09/2024;18/09/2024;4;Technical Skill;Certification;Finance;STEM Engineering
EMP085172;CERT;06/01/2024;29/12/2023;Mulia Ilham;Training Interface;Section Head;TRADING;INTERNAL AUDIT DIVISION;LOGISTICS DEPARTMENT;Finance for Non Finance;2023;Coursera;TRAIN;COMPL;Jakarta Office;CC7349;USD;500000;Y;MGS;STEM;FINANCE;12;CERT-82060;08:00;17:00;12;1;IDR;29/12/2023;06/01/2024;2;Technical Skill;Training;Finance;STEM Technical
EMP085015;CERT;19/07/2023;13/07/2023;Citra Salim;Self Reported;Officer;FINANCIAL SERVICES;TREASURY DIVISION;PIPELINE DEPARTMENT;Data Analytics Advance;2023;Coursera;DEVEL;SOFT;;CC6528;USD;7500000;;HRS;STEM;Data Analytics;0;CERT-22881;08:00;17:00;40;5;IDR;13/07/2023;19/07/2023;1;Technical Skill;Training;Human Capital;Non-STEM General Management Le
78933;CERT;28/04/2025;22/04/2025;Yogi Nasution;Manual Entry;Section Head;ENGINEERING;INTERNAL AUDIT DIVISION;OPERATIONS DEPT DEPARTMENT;Coaching Performance;2025;Internal Trainer;CERT;SOFT;Jakarta Office;CC2375;IDR;0;;TEC;STEM;COACHING;36;CERT-35076;08:00;17:00;16;2;IDR;22/04/2025;28/04/2025;1;Leadership;Certification;Finance;STEM Technical
EMP085109;TRAIN;11/02/2024;05/02/2024;Nur Siregar;Training Interface;Senior Analyst;CORPORATE CENTER;TREASURY DIVISION;LOGISTICS DEPARTMENT;PMP Preparation;2024;PMI Indonesia;TRAIN;TECH;;CC7519;USD;0;Y;MGS;NSGML;PROJECT MANAGEMENT;0;CERT-82476;08:00;17:00;32;4;IDR;05/02/2024;11/02/2024;2;Soft Skill;Workshop;Management Science;STEM Technical
95249;;14/04/2025;08/04/2025;Doni Nugroho;Self Reported;Senior Analyst;CORPORATE;MAINTENANCE DIVISION;DRILLING DEPARTMENT;SAP S4HANA Basic;2025;SAP Education ID;CERT;SOFT;;CC8968;IDR;0;X;TEC;NSTEM;SAP;36;CERT-86338;08:00;17:00;32;4;IDR;08/04/2025;14/04/2025;2;Technical Skill;Seminar;Human Capital;STEM Engineering
EMP089030;TRAIN;25/02/2025;12/02/2025;Fahmi Halim;Self Reported;Manager;TRADING;TREASURY DIVISION;LOGISTICS DEPARTMENT;ESG Reporting;2025;GRI;WORKSHOP;TECH;Bali Resort;CC1103;USD;1500000;;TEC;STEM;ESG;24;CERT-47038;08:00;17:00;12;1;IDR;12/02/2025;25/02/2025;1;Technical Skill;Certification;Human Capital;STEM Engineering
EMP085317;;07/08/2025;03/08/2025;M. Wardhana;Manual Entry;Senior Operator;LOGISTICS;INTERNAL AUDIT DIVISION;PLANT 2 DEPARTMENT;Teknik Negosiasi;2025;Harvard Online;DEVEL;COMPL;Jakarta Office;CC7185;USD;0;X;TEC;NSGML;Negotiation;;;08:00;17:00;16;2;IDR;03/08/2025;07/08/2025;5;Soft Skill;Seminar;Human Capital;STEM Engineering
33521;TRAIN;29/10/2025;23/10/2025;Umi Cokro;Self Reported;Section Head;HSE;MAINTENANCE DIVISION;LEGAL DEPT DEPARTMENT;Pengambilan Keputusan Strategis ;2025;INSEAD;TRAIN;TECH;Jakarta Office;CC4990;USD;500000;;HRS;STEM;STRATEGY;0;CERT-19018;08:00;17:00;20;2;IDR;23/10/2025;29/10/2025;3;Leadership;Training;Engineering;Non-STEM General Management Le
54863;TRAIN;02/04/2025;22/03/2025;Kevin Susanto;Training Interface;Senior Analyst;CORPORATE AFFAIRS;TREASURY DIVISION;ENGINEERING DEPT DEPARTMENT;Teknik Negosiasi;2025;Harvard Online;WORKSHOP;TECH;Online;CC8593;USD;0;Y;TEC;STEM;Negotiation;;;08:00;17:00;16;2;IDR;22/03/2025;02/04/2025;3;Soft Skill;Certification;Engineering;Non-STEM General Management Le
EMP087033;;30/09/2025;29/09/2025;Dewi Nainggolan;Manual Entry;Specialist;FORESTRY & PLANTATION;PROCUREMENT DIVISION;TAX DEPARTMENT;Pengambilan Keputusan Strategis;2025;INSEAD;DEVEL;LEAD;Surabaya HQ;CC6976;USD;0;;HRS;STEM;Strategy;;;08:00;17:00;20;2;IDR;29/09/2025;30/09/2025;5;Leadership;Workshop;Finance;Non-STEM General Management Le
EMP085275;CERT;11/04/2022;31/03/2022;Employee EMP085275;Manual Entry;Specialist;TRADING;PROCUREMENT DIVISION;DRILLING DEPARTMENT;PMP Preparation;2022;PMI Indonesia;WORKSHOP;LEAD;Jakarta Office;CC3172;USD;1500000;;MGS;NSTEM;PROJECT MANAGEMENT;;;08:00;17:00;32;4;IDR;31/03/2022;11/04/2022;5;Soft Skill;Certification;Finance;STEM Technical
96511;CERT;21/01/2025;12/01/2025;Qomar Mahendra;Manual Entry;Officer;CORPORATE;INTERNAL AUDIT DIVISION;ENGINEERING DEPT DEPARTMENT;Coaching Performance;2025;Internal Trainer;TRAIN;LEAD;Surabaya HQ;CC4875;IDR;0;X;HRS;STEM;Coaching;0;CERT-87988;08:00;17:00;16;2;IDR;12/01/2025;21/01/2025;1;Leadership;Training;Engineering;Non-STEM General Management Le
35243;CERT;10/04/2024;29/03/2024;Wendi Pratama;Self Reported;Officer;HSE;PRODUCTION DIVISION;IT DEPT DEPARTMENT;leadership essential;2024;Internal Trainer;CERT;COMPL;Bali Resort;CC5230;IDR;0;X;TEC;NSTEM;Leadership;;;08:00;17:00;16;2;IDR;29/03/2024;10/04/2024;4;Leadership;Certification;Engineering;STEM Technical
EMP085288;TRAIN;27/04/2022;19/04/2022;FITRI LAKSONO;Training Interface;Officer;TRADING;TALENT MANAGEMENT DIVISION;TAX DEPARTMENT;Finance for Non Finance;2022;Coursera;TRAIN;COMPL;;CC1942;USD;3500000;Y;TEC;NSTEM;FINANCE;;;08:00;17:00;12;1;IDR;19/04/2022;27/04/2022;3;Technical Skill;Training;Finance;STEM Engineering
EMP085410;TRAIN;05/12/2023;02/12/2023;Maya Jaya;Training Interface;Senior Operator;LOGISTICS;ENGINEERING DIVISION;LOGISTICS DEPARTMENT;Keselamatan Pertambangan;2023;Internal Trainer;DEVEL;SOFT;Bali Resort;CC3053;IDR;0;X;HRS;NSGML;SAFETY;;;08:00;17:00;16;2;IDR;02/12/2023;05/12/2023;1;Technical Skill;Training;Management Science;STEM Technical
56156;CERT;08/05/2023;30/04/2023;Wulan Widodo;Self Reported;Coordinator;CORPORATE;ENGINEERING OPERATIONS DIVISION;SUPPLY CHAIN DEPT DEPARTMENT;Teknik Negosiasi;2023;Harvard Online;TRAIN;SOFT;Surabaya HQ;CC9186;USD;0;;HRS;NSGML;NEGOTIATION;12;CERT-42784;08:00;17:00;16;2;IDR;30/04/2023;08/05/2023;1;Soft Skill;Seminar;Engineering;Non-STEM General Management Le
21084;TRAIN;20/04/2024;06/04/2024;Udin Lubis;Training Interface;Department Head;FINANCE & ACCOUNTING;ENGINEERING DIVISION;ACCOUNTING DEPT DEPARTMENT;Data Analytics Advance;2024;Coursera;DEVEL;TECH;;CC8551;USD;3500000;Y;HRS;NSGML;DATA ANALYTICS;12;CERT-20541;08:00;17:00;40;5;IDR;06/04/2024;20/04/2024;4;Technical Skill;Seminar;Engineering;STEM Technical
EMP085359;TRAIN;07/01/2023;29/12/2022;Fitri Hidayat;Self Reported;Operator;MINING OPERATIONS;INTERNAL AUDIT DIVISION;LOGISTICS DEPARTMENT;Risk Factor In Merger Acquisition;2022;Internal Trainer;DEVEL;LEAD;;CC2829;IDR;0;Y;TEC;STEM;M&A;;;08:00;17:00;8;1;IDR;29/12/2022;07/01/2023;2;Technical Skill;Seminar;Engineering;Non-STEM General Management Le
EMP089024;;06/05/2022;22/04/2022;Yuni Wibowo;Manual Entry;Department Head;LOGISTICS;ENGINEERING DIVISION;LOGISTICS DEPARTMENT;Finance for Non Finance;2022;Coursera;WORKSHOP;SOFT;Bali Resort;CC5389;USD;1500000;Y;TEC;NSGML;FINANCE;24;CERT-65795;08:00;17:00;12;1;IDR;22/04/2022;06/05/2022;2;Technical Skill;Training;Engineering;STEM Technical
EMP085315;CERT;15/09/2022;07/09/2022;Employee EMP085315;Self Reported;Senior Engineer;AGRIBUSINESS;PRODUCTION DIVISION;LOGISTICS DEPARTMENT;Risk Factor In Merger Acquisition;2022;Internal Trainer;TRAIN;COMPL;;CC9697;IDR;0;;FIN;STEM;M&A;0;CERT-15764;08:00;17:00;8;1;IDR;07/09/2022;15/09/2022;2;Technical Skill;Seminar;Engineering;Non-STEM General Management Le
91838;TRAIN;28/11/2022;17/11/2022;Bayu Purnama;Manual Entry;Supervisor;HUMAN RESOURCES (HOLDING);ENGINEERING DIVISION;LOGISTICS DEPARTMENT;Finance for Non Finance;2022;Coursera;DEVEL;LEAD;Bali Resort;CC4481;USD;3500000;;FIN;STEM;Finance;36;CERT-94523;08:00;17:00;12;1;IDR;17/11/2022;28/11/2022;2;Technical Skill;Training;Human Capital;Non-STEM General Management Le
63982;;17/02/2022;09/02/2022;Budi Kartono;Training Interface;Manager;SUPPLY CHAIN;PROCUREMENT DIVISION;SUPPLY CHAIN DEPT DEPARTMENT;Pengambilan Keputusan Strategis;2022;INSEAD;WORKSHOP;LEAD;Jakarta Office;CC2233;USD;1500000;Y;MGS;STEM;Strategy;0;CERT-76537;08:00;17:00;20;2;IDR;09/02/2022;17/02/2022;5;Leadership;Seminar;Management Science;Non-STEM General Management Le
12226;TRAIN;06/12/2023;01/12/2023;Zahra Indrawan;Manual Entry;Coordinator;LEGAL & COMPLIANCE;PROCUREMENT DIVISION;ENGINEERING DEPT DEPARTMENT;Komunikasi Efektif;2023;Dale Carnegie ID;WORKSHOP;COMPL;;CC3759;IDR;1500000;;TEC;STEM;COMMUNICATION;;;08:00;17:00;8;1;IDR;01/12/2023;06/12/2023;1;Soft Skill;Training;Finance;Non-STEM General Management Le
98881;CERT;04/06/2023;02/06/2023;Fitri Firmansyah;Self Reported;Section Head;MINING OPERATIONS;TALENT MANAGEMENT DIVISION;ACCOUNTING DEPT DEPARTMENT;SAP S4HANA Basic;2023;SAP Education ID;DEVEL;COMPL;Surabaya HQ;CC8015;IDR;3500000;;FIN;STEM;SAP;24;CERT-14657;08:00;17:00;32;4;IDR;02/06/2023;04/06/2023;3;Technical Skill;Workshop;Human Capital;Non-STEM General Management Le
73085;CERT;21/06/2025;07/06/2025;Siti Susanto;Self Reported;Department Head;FINANCE & ACCOUNTING;INTERNAL AUDIT DIVISION;RECRUITMENT DEPARTMENT;MS Excel Lanjutan ;2025;kelas.work;CERT;SOFT;;CC3568;USD;0;X;FIN;STEM;MS EXCEL;;;08:00;17:00;16;2;IDR;07/06/2025;21/06/2025;4;Technical Skill;Certification;Engineering;Non-STEM General Management Le
EMP085418;CERT;03/04/2023;01/04/2023;Cika Siregar;Training Interface;Manager;AGRIBUSINESS;INTERNAL AUDIT DIVISION;QUALITY CONTROL DEPARTMENT;risk factor in merger acquisition;2023;Internal Trainer;TRAIN;TECH;Jakarta Office;CC4532;IDR;0;Y;TEC;NSTEM;M&A;24;CERT-54499;08:00;17:00;8;1;IDR;01/04/2023;03/04/2023;2;Technical Skill;Seminar;Engineering;STEM Engineering
33521;;03/08/2022;25/07/2022;Umi Cokro;Manual Entry;Section Head;HSE;MAINTENANCE DIVISION;LEGAL DEPT DEPARTMENT;PMP Preparation;2022;PMI Indonesia;DEVEL;LEAD;Online;CC3847;USD;500000;X;HRS;NSTEM;Project Management;36;CERT-29516;08:00;17:00;32;4;IDR;25/07/2022;03/08/2022;5;Soft Skill;Training;Human Capital;Non-STEM General Management Le
EMP089039;CERT;20/12/2025;06/12/2025;Rina Atmaja;Self Reported;Senior Operator;AGRIBUSINESS;PROCUREMENT DIVISION;DRILLING DEPARTMENT;Leadership Essential;2025;Internal Trainer;CERT;TECH;Online;CC7024;IDR;0;X;HRS;NSGML;Leadership;;;08:00;17:00;16;2;IDR;06/12/2025;20/12/2025;2;Leadership;Workshop;Finance;Non-STEM General Management Le
10475;TRAIN;08/05/2025;05/05/2025;IMAM KURNIAWAN;Self Reported;Officer;ENGINEERING;MAINTENANCE DIVISION;HR DEPT DEPARTMENT;PMP Preparation;2025;PMI Indonesia;DEVEL;LEAD;Online;CC4213;USD;0;;MGS;NSTEM;PROJECT MANAGEMENT;12;CERT-62545;08:00;17:00;32;4;IDR;05/05/2025;08/05/2025;4;Soft Skill;Workshop;Finance;STEM Technical
EMP085114;;;;Okky Laksono;Manual Entry;Officer;PETROCHEMICAL;;HEAVY EQUIPMENT DEPARTMENT;pengambilan keputusan strategis;2023;INSEAD;TRAIN;SOFT;Online;CC2971;USD;500000;Y;FIN;NSTEM;Strategy;36;CERT-26338;08:00;17:00;;;IDR;;;2;Leadership;Workshop;Management Science;STEM Engineering
EMP085249;TRAIN;29/07/2023;25/07/2023;Employee EMP085249;Manual Entry;General Manager;AGRIBUSINESS;MAINTENANCE DIVISION;TAX DEPARTMENT;Komunikasi Efektif;2023;Dale Carnegie ID;TRAIN;TECH;;CC9959;IDR;0;X;MGS;NSGML;COMMUNICATION;36;CERT-69054;08:00;17:00;8;1;IDR;25/07/2023;29/07/2023;2;Soft Skill;Workshop;Engineering;STEM Technical
23584;CERT;11/07/2024;28/06/2024;Aldhi Chandra;Manual Entry;Section Head;CORPORATE AFFAIRS;ENGINEERING DIVISION;OPERATIONS DEPT DEPARTMENT;SAP S4HANA Basic ;2024;SAP Education ID;DEVEL;COMPL;Jakarta Office;CC9728;IDR;0;X;MGS;STEM;SAP;;;08:00;17:00;32;4;IDR;28/06/2024;11/07/2024;4;Technical Skill;Certification;Human Capital;STEM Engineering
19420;;17/09/2025;12/09/2025;Zain Purwanto;Manual Entry;Manager;FINANCE & ACCOUNTING;TALENT MANAGEMENT DIVISION;ACCOUNTING DEPT DEPARTMENT;cybersecurity fundamental;2025;Coursera;CERT;SOFT;Bali Resort;CC7914;USD;7500000;Y;HRS;NSTEM;Cybersecurity;0;CERT-70574;08:00;17:00;24;3;IDR;12/09/2025;17/09/2025;4;Technical Skill;Training;Engineering;Non-STEM General Management Le
EMP085489;;19/07/2025;17/07/2025;Bambang Gunawan;Training Interface;Supervisor;MINING OPERATIONS;INTERNAL AUDIT DIVISION;QUALITY CONTROL DEPARTMENT;Leadership Essential;2025;Internal Trainer;DEVEL;TECH;Jakarta Office;CC2604;IDR;500000;Y;TEC;NSGML;Leadership;36;CERT-41397;08:00;17:00;16;2;IDR;17/07/2025;19/07/2025;2;Leadership;Workshop;Finance;STEM Technical
EMP085454;;02/01/2024;30/12/2023;Oka Cahyadi;Manual Entry;Senior Operator;PETROCHEMICAL (HOLDING);MAINTENANCE DIVISION;TAX DEPARTMENT;Keselamatan Pertambangan;2023;Internal Trainer;TRAIN;SOFT;Jakarta Office;CC7260;IDR;3500000;Y;MGS;STEM;SAFETY;;;08:00;17:00;16;2;IDR;30/12/2023;02/01/2024;4;Technical Skill;Training;Management Science;STEM Engineering
EMP085185;CERT;06/03/2023;20/02/2023;Umi Kuncoro;Self Reported;Operator;TRADING;ENGINEERING DIVISION;HEAVY EQUIPMENT DEPARTMENT;Pengambilan Keputusan Strategis;2023;INSEAD;CERT;SOFT;Jakarta Office;CC8255;USD;0;X;MGS;NSTEM;STRATEGY;24;CERT-90368;08:00;17:00;20;2;IDR;20/02/2023;06/03/2023;4;Leadership;Workshop;Management Science;Non-STEM General Management Le
92400;TRAIN;20/12/2023;15/12/2023;Cahyo Atmaja;Training Interface;Analyst;LEGAL & COMPLIANCE;ENGINEERING DIVISION;IT DEPT DEPARTMENT;Pengambilan Keputusan Strategis;2023;INSEAD;TRAIN;COMPL;;CC7798;USD;500000;X;FIN;STEM;Strategy;36;CERT-82211;08:00;17:00;20;2;IDR;15/12/2023;20/12/2023;4;Leadership;Seminar;Management Science;STEM Engineering
EMP087014;TRAIN;16/11/2025;05/11/2025;Rina Kusuma;Manual Entry;General Manager;LOGISTICS;INTERNAL AUDIT DIVISION;PAYROLL DEPARTMENT;PMP Preparation;2025;PMI Indonesia;TRAIN;COMPL;Bali Resort;CC7460;USD;3500000;Y;TEC;NSTEM;Project Management;24;CERT-76847;08:00;17:00;32;4;IDR;05/11/2025;16/11/2025;4;Soft Skill;Workshop;Management Science;STEM Technical
78537;;09/06/2025;27/05/2025;Agus Kurniawan;Manual Entry;Section Head;FINANCE & ACCOUNTING;MAINTENANCE DIVISION;PLANT 2 DEPARTMENT;Data Analytics Advance;2025;Coursera;WORKSHOP;LEAD;Online;CC7098;USD;0;;FIN;NSGML;DATA ANALYTICS;;;08:00;17:00;40;5;IDR;27/05/2025;09/06/2025;5;Technical Skill;Seminar;Management Science;Non-STEM General Management Le
EMP085102;;19/11/2022;16/11/2022;Budi Akbar;Manual Entry;General Manager;AGRIBUSINESS;MAINTENANCE OPERATIONS DIVISION;TAX DEPARTMENT;Komunikasi Efektif;2022;Dale Carnegie ID;WORKSHOP;TECH;Surabaya HQ;CC8828;IDR;3500000;;TEC;NSGML;COMMUNICATION;12;CERT-98496;08:00;17:00;8;1;IDR;16/11/2022;19/11/2022;2;Soft Skill;Workshop;Human Capital;Non-STEM General Management Le
EMP085017;;10/05/2025;27/04/2025;Dedy Zulkarnain;Self Reported;Coordinator;PROPERTY;TALENT MANAGEMENT DIVISION;HEAVY EQUIPMENT DEPARTMENT;Komunikasi Efektif;2025;Dale Carnegie ID;DEVEL;SOFT;Surabaya HQ;CC5858;IDR;1500000;Y;TEC;NSGML;Communication;12;CERT-67936;08:00;17:00;8;1;IDR;27/04/2025;10/05/2025;5;Soft Skill;Training;Human Capital;Non-STEM General Management Le
EMP085092;CERT;07/05/2023;26/04/2023;Wilda Usman;Training Interface;Supervisor;FINANCIAL SERVICES;TREASURY DIVISION;PIPELINE DEPARTMENT;keselamatan pertambangan;2023;Internal Trainer;CERT;LEAD;Jakarta Office;CC9100;IDR;500000;Y;TEC;NSGML;Safety;36;CERT-96788;08:00;17:00;16;2;IDR;26/04/2023;07/05/2023;2;Technical Skill;Certification;Engineering;Non-STEM General Management Le
11982;TRAIN;14/12/2023;04/12/2023;Elsa Triyanto;Self Reported;Officer;ENGINEERING;INTERNAL AUDIT DIVISION;ENGINEERING DEPT DEPARTMENT;ESG Reporting ;2023;GRI;DEVEL;SOFT;Online;CC1059;USD;7500000;;HRS;NSTEM;ESG;36;CERT-12198;08:00;17:00;12;1;IDR;04/12/2023;14/12/2023;4;Technical Skill;Certification;Management Science;STEM Technical
EMP085333;;13/12/2024;02/12/2024;Leni Cokro;Training Interface;Engineer;FINANCIAL SERVICES;TALENT MANAGEMENT DIVISION;PIPELINE DEPARTMENT;Coaching Performance;2024;Internal Trainer;WORKSHOP;LEAD;Surabaya HQ;CC8272;IDR;0;;MGS;STEM;COACHING;0;CERT-64596;08:00;17:00;16;2;IDR;02/12/2024;13/12/2024;2;Leadership;Certification;Human Capital;STEM Engineering
EMP089021;CERT;05/02/2023;31/01/2023;Agus Sari;Self Reported;Senior Operator;PROPERTY;PROCUREMENT DIVISION;PLANT 1 DEPARTMENT;MS Excel Lanjutan ;2023;kelas.work;TRAIN;COMPL;Surabaya HQ;CC5164;USD;0;Y;MGS;NSTEM;MS Excel;;;08:00;17:00;16;2;IDR;31/01/2023;05/02/2023;4;Technical Skill;Workshop;Finance;Non-STEM General Management Le
85803;TRAIN;19/09/2023;10/09/2023;Teguh Fajari;Self Reported;Analyst;HSE;ENGINEERING DIVISION;OPERATIONS DEPT DEPARTMENT;strategi transformasi digital;2023;MIT Sloan Executive;WORKSHOP;SOFT;Jakarta Office;CC6243;USD;0;;FIN;NSTEM;DIGITAL STRATEGY;;;08:00;17:00;24;3;IDR;10/09/2023;19/09/2023;5;Leadership;Training;Management Science;STEM Engineering
EMP089043;CERT;07/02/2025;27/01/2025;Andi Atmaja;Training Interface;General Manager;AGRIBUSINESS;TALENT MANAGEMENT DIVISION;QUALITY CONTROL DEPARTMENT;Strategi Transformasi Digital;2025;MIT Sloan Executive;CERT;SOFT;;CC1641;USD;3500000;;TEC;NSGML;DIGITAL STRATEGY;36;CERT-31687;08:00;17:00;24;3;IDR;27/01/2025;07/02/2025;5;Leadership;Training;Human Capital;STEM Engineering
EMP085126;;10/09/2025;03/09/2025;Feri Darwis;Self Reported;Supervisor;MINING OPERATIONS;TREASURY DIVISION;RECRUITMENT DEPARTMENT;Data Analytics Advance;2025;Coursera;DEVEL;TECH;Jakarta Office;CC8015;USD;7500000;X;MGS;STEM;DATA ANALYTICS;24;CERT-94778;08:00;17:00;40;5;IDR;03/09/2025;10/09/2025;2;Technical Skill;Certification;Engineering;Non-STEM General Management Le
EMP087016;TRAIN;05/09/2023;02/09/2023;Employee EMP087016;Self Reported;Officer;LOGISTICS;ENGINEERING DIVISION;TAX DEPARTMENT;Data Analytics Advance ;2023;Coursera;CERT;LEAD;Bali Resort;CC4321;USD;0;Y;TEC;STEM;Data Analytics;36;CERT-30026;08:00;17:00;40;5;IDR;02/09/2023;05/09/2023;5;Technical Skill;Seminar;Human Capital;STEM Engineering
EMP085287;;06/12/2022;30/11/2022;Putri Cahyadi;Manual Entry;Manager;PETROCHEMICAL;MAINTENANCE DIVISION;DRILLING DEPARTMENT;Keselamatan Pertambangan;2022;Internal Trainer;TRAIN;SOFT;;CC1423;IDR;0;Y;TEC;NSTEM;Safety;24;CERT-62145;08:00;17:00;16;2;IDR;30/11/2022;06/12/2022;3;Technical Skill;Training;Management Science;Non-STEM General Management Le
EMP089009;CERT;28/05/2022;23/05/2022;Maya Setiawan;Self Reported;Senior Operator;PROPERTY;MAINTENANCE DIVISION;TAX DEPARTMENT;ESG Reporting;2022;GRI;CERT;LEAD;Jakarta Office;CC2462;USD;1500000;X;HRS;NSGML;ESG;24;CERT-37843;08:00;17:00;12;1;IDR;23/05/2022;28/05/2022;5;Technical Skill;Training;Engineering;Non-STEM General Management Le
EMP085336;TRAIN;26/11/2024;14/11/2024;Cahyo Purnama;Manual Entry;Manager;MINING OPERATIONS;ENGINEERING DIVISION;PLANT 2 DEPARTMENT;ESG Reporting;2024;GRI;WORKSHOP;COMPL;Jakarta Office;CC2851;USD;0;;MGS;NSTEM;ESG;;;08:00;17:00;12;1;IDR;14/11/2024;26/11/2024;1;Technical Skill;Training;Engineering;Non-STEM General Management Le
EMP085130;CERT;10/11/2024;27/10/2024;Dewi Ertanto;Training Interface;Engineer;PROPERTY;TALENT MANAGEMENT DIVISION;PIPELINE DEPARTMENT;SAP S4HANA Basic;2024;SAP Education ID;CERT;TECH;Jakarta Office;CC2701;IDR;0;;MGS;NSTEM;SAP;36;CERT-91805;08:00;17:00;32;4;IDR;27/10/2024;10/11/2024;4;Technical Skill;Certification;Management Science;STEM Technical
EMP085126;TRAIN;20/06/2024;13/06/2024;Feri Darwis;Training Interface;Supervisor;MINING OPERATIONS;TREASURY DIVISION;RECRUITMENT DEPARTMENT;SAP S4HANA Basic;2024;SAP Education ID;WORKSHOP;COMPL;Surabaya HQ;CC2210;IDR;0;Y;FIN;NSTEM;SAP;0;CERT-60328;08:00;17:00;32;4;IDR;13/06/2024;20/06/2024;3;Technical Skill;Certification;Finance;Non-STEM General Management Le
57985;TRAIN;23/08/2024;11/08/2024;Yanto Fauzi;Manual Entry;Senior Analyst;FINANCE & ACCOUNTING;TREASURY DIVISION;FINANCE DEPT DEPARTMENT;Teknik Negosiasi;2024;Harvard Online;TRAIN;COMPL;Surabaya HQ;CC6233;USD;0;;HRS;NSGML;NEGOTIATION;24;CERT-65179;08:00;17:00;16;2;IDR;11/08/2024;23/08/2024;5;Soft Skill;Training;Finance;Non-STEM General Management Le
EMP085025;CERT;12/02/2024;07/02/2024;Zulfa Fajari;Training Interface;Senior Operator;ENERGY GROUP;ENGINEERING DIVISION;QUALITY CONTROL DEPARTMENT;ESG Reporting;2024;GRI;WORKSHOP;LEAD;;CC7418;USD;0;X;MGS;STEM;ESG;36;CERT-47630;08:00;17:00;12;1;IDR;07/02/2024;12/02/2024;4;Technical Skill;Workshop;Engineering;Non-STEM General Management Le
EMP085033;CERT;13/01/2024;05/01/2024;Fahmi Yulianto;Training Interface;Specialist;ENERGY GROUP;TREASURY DIVISION;LOGISTICS DEPARTMENT;Cybersecurity Fundamental;2024;Coursera;TRAIN;TECH;Surabaya HQ;CC9581;USD;3500000;Y;FIN;NSTEM;Cybersecurity;36;CERT-32563;08:00;17:00;24;3;IDR;05/01/2024;13/01/2024;5;Technical Skill;Workshop;Finance;STEM Engineering
EMP085127;;25/08/2024;15/08/2024;F. Nainggolan;Manual Entry;Operator;TRADING;PROCUREMENT DIVISION;RECRUITMENT DEPARTMENT;MS Excel Lanjutan;2024;kelas.work;WORKSHOP;COMPL;Bali Resort;CC7629;USD;0;;HRS;STEM;MS EXCEL;0;CERT-70323;08:00;17:00;16;2;IDR;15/08/2024;25/08/2024;5;Technical Skill;Workshop;Engineering;STEM Technical
EMP085448;CERT;15/11/2024;12/11/2024;S. Rahayu;Self Reported;Senior Operator;FORESTRY & PLANTATION;PRODUCTION DIVISION;PIPELINE DEPARTMENT;Risk Factor In Merger Acquisition;2024;Internal Trainer;DEVEL;COMPL;Surabaya HQ;CC4733;IDR;3500000;;FIN;NSTEM;M&A;36;CERT-81609;08:00;17:00;8;1;IDR;12/11/2024;15/11/2024;1;Technical Skill;Training;Engineering;Non-STEM General Management Le
EMP085376;CERT;11/09/2025;10/09/2025;Kevin Yulianto;Manual Entry;Senior Operator;MINING OPERATIONS;MAINTENANCE DIVISION;CORPORATE FINANCE DEPARTMENT;Finance for Non Finance ;2025;Coursera;DEVEL;SOFT;Online;CC2248;USD;0;Y;TEC;NSGML;Finance;;;08:00;17:00;12;1;IDR;10/09/2025;11/09/2025;3;Technical Skill;Seminar;Engineering;STEM Engineering
EMP085417;;04/07/2024;24/06/2024;Jaka Sari;Manual Entry;General Manager;MINING OPERATIONS;MAINTENANCE DIVISION;PLANT 1 DEPARTMENT;ESG Reporting;2024;GRI;WORKSHOP;SOFT;Surabaya HQ;CC4393;USD;0;X;FIN;STEM;ESG;12;CERT-28941;08:00;17:00;12;1;IDR;24/06/2024;04/07/2024;3;Technical Skill;Workshop;Human Capital;STEM Engineering
EMP085432;CERT;03/08/2023;21/07/2023;Umi Ilham;Self Reported;Coordinator;PROPERTY;INTERNAL AUDIT DIVISION;QUALITY CONTROL DEPARTMENT;Teknik Negosiasi;2023;Harvard Online;DEVEL;TECH;Bali Resort;CC2022;USD;0;Y;TEC;STEM;Negotiation;24;CERT-97500;08:00;17:00;16;2;IDR;21/07/2023;03/08/2023;3;Soft Skill;Workshop;Human Capital;Non-STEM General Management Le
62054;;25/06/2025;18/06/2025;Krisna Yulianto;Manual Entry;Manager;ENGINEERING;ENGINEERING DIVISION;OPERATIONS DEPT DEPARTMENT;Coaching Performance;2025;Internal Trainer;CERT;COMPL;Bali Resort;CC2118;IDR;500000;Y;HRS;STEM;Coaching;;;08:00;17:00;16;2;IDR;18/06/2025;25/06/2025;4;Leadership;Training;Management Science;STEM Engineering
EMP089006;;13/10/2024;30/09/2024;EMPLOYEE EMP089006;Self Reported;Officer;AGRIBUSINESS;TREASURY DIVISION;PIPELINE DEPARTMENT;Coaching Performance;2024;Internal Trainer;CERT;LEAD;Online;CC4150;IDR;0;;MGS;STEM;COACHING;24;CERT-80453;08:00;17:00;16;2;IDR;30/09/2024;13/10/2024;3;Leadership;Seminar;Human Capital;Non-STEM General Management Le
27894;TRAIN;20/09/2023;10/09/2023;Julia Wahab;Manual Entry;Officer;HSE;PROCUREMENT OPERATIONS DIVISION;IT DEPT DEPARTMENT;Data Analytics Advance;2023;Coursera;CERT;SOFT;Online;CC3486;USD;3500000;X;FIN;STEM;Data Analytics;;;08:00;17:00;40;5;IDR;10/09/2023;20/09/2023;1;Technical Skill;Workshop;Management Science;STEM Technical
38708;;22/01/2023;08/01/2023;Reza Kusuma;Training Interface;General Manager;ENGINEERING;PROCUREMENT DIVISION;ACCOUNTING DEPT DEPARTMENT;PMP Preparation ;2023;PMI Indonesia;CERT;TECH;;CC2479;USD;0;Y;HRS;STEM;Project Management;36;CERT-96140;08:00;17:00;32;4;IDR;08/01/2023;22/01/2023;3;Soft Skill;Certification;Finance;STEM Technical
EMP085044;;11/10/2025;29/09/2025;Employee EMP085044;Manual Entry;Senior Engineer;CORPORATE CENTER;MAINTENANCE DIVISION;QUALITY CONTROL DEPARTMENT;teknik negosiasi;2025;Harvard Online;TRAIN;LEAD;;CC9141;USD;7500000;Y;TEC;NSTEM;NEGOTIATION;0;CERT-32560;08:00;17:00;16;2;IDR;29/09/2025;11/10/2025;2;Soft Skill;Seminar;Human Capital;STEM Engineering
85803;;25/05/2023;16/05/2023;Teguh Fajari;Self Reported;Analyst;HSE;ENGINEERING DIVISION;OPERATIONS DEPT DEPARTMENT;Pengambilan Keputusan Strategis;2023;INSEAD;DEVEL;SOFT;Online;CC7601;USD;0;;FIN;STEM;STRATEGY;0;CERT-98646;08:00;17:00;20;2;IDR;16/05/2023;25/05/2023;4;Leadership;Seminar;Engineering;Non-STEM General Management Le
EMP087032;TRAIN;29/03/2025;24/03/2025;Nanda Wijaya;Training Interface;Officer;LOGISTICS;TALENT MANAGEMENT DIVISION;QUALITY CONTROL DEPARTMENT;Komunikasi Efektif;2025;Dale Carnegie ID;WORKSHOP;COMPL;Jakarta Office;CC8912;IDR;0;;MGS;NSTEM;Communication;;;08:00;17:00;8;1;IDR;24/03/2025;29/03/2025;3;Soft Skill;Training;Human Capital;STEM Technical
EMP085355;CERT;03/08/2024;23/07/2024;Qomar Lesmana;Manual Entry;Specialist;PETROCHEMICAL;MAINTENANCE DIVISION;HEAVY EQUIPMENT DEPARTMENT;Data Analytics Advance;2024;Coursera;CERT;TECH;Bali Resort;CC8826;USD;0;Y;HRS;NSGML;DATA ANALYTICS;;;08:00;17:00;40;5;IDR;23/07/2024;03/08/2024;5;Technical Skill;Certification;Human Capital;STEM Engineering
EMP085478;CERT;12/12/2022;09/12/2022;Julia Hidayat;Self Reported;Senior Engineer;FORESTRY & PLANTATION;ENGINEERING DIVISION;DRILLING DEPARTMENT;Cybersecurity Fundamental;2022;Coursera;DEVEL;COMPL;Bali Resort;CC9694;USD;0;;HRS;STEM;CYBERSECURITY;36;CERT-25745;08:00;17:00;24;3;IDR;09/12/2022;12/12/2022;3;Technical Skill;Training;Human Capital;STEM Technical
;TRAIN;16/07/2024;06/07/2024;Agus Salim;Training Interface;Supervisor;MINING OPERATIONS;TREASURY DIVISION;HEAVY EQUIPMENT DEPARTMENT;Komunikasi Efektif;2024;Dale Carnegie ID;DEVEL;TECH;Jakarta Office;CC5095;IDR;0;;TEC;STEM;Communication;12;CERT-62654;08:00;17:00;8;1;IDR;06/07/2024;16/07/2024;5;Soft Skill;Workshop;Engineering;Non-STEM General Management Le
EMP085383;;18/04/2024;15/04/2024;Jaka Budiman;Manual Entry;Officer;TRADING;MAINTENANCE DIVISION;QUALITY CONTROL DEPARTMENT;PMP Preparation;2024;PMI Indonesia;WORKSHOP;TECH;Bali Resort;CC4802;USD;1500000;X;HRS;NSTEM;PROJECT MANAGEMENT;;;08:00;17:00;32;4;IDR;15/04/2024;18/04/2024;5;Soft Skill;Certification;Management Science;Non-STEM General Management Le
EMP085382;;24/09/2022;17/09/2022;Andi Santoso;Training Interface;Coordinator;LOGISTICS;INTERNAL AUDIT DIVISION;PAYROLL DEPARTMENT;Coaching Performance;2022;Internal Trainer;DEVEL;SOFT;Surabaya HQ;CC8395;IDR;0;;TEC;NSGML;Coaching;;;08:00;17:00;16;2;IDR;17/09/2022;24/09/2022;5;Leadership;Workshop;Human Capital;STEM Technical
51249;CERT;06/08/2023;30/07/2023;Kevin Cokro;Self Reported;Supervisor;FINANCE & ACCOUNTING;ENGINEERING DIVISION;SUPPLY CHAIN DEPT DEPARTMENT;Coaching Performance;2023;Internal Trainer;DEVEL;SOFT;Online;CC4574;IDR;0;;TEC;NSGML;COACHING;;;08:00;17:00;16;2;IDR;30/07/2023;06/08/2023;1;Leadership;Certification;Management Science;Non-STEM General Management Le
EMP085422;TRAIN;03/04/2023;21/03/2023;Employee EMP085422;Training Interface;Manager;TRADING;PROCUREMENT DIVISION;TAX DEPARTMENT;ESG Reporting;2023;GRI;WORKSHOP;SOFT;Online;CC5996;USD;500000;Y;HRS;STEM;ESG;;;08:00;17:00;12;1;IDR;21/03/2023;03/04/2023;4;Technical Skill;Training;Engineering;STEM Engineering
EMP085416;TRAIN;24/10/2023;20/10/2023;Xena Gunadi;Manual Entry;Manager;FORESTRY & PLANTATION;MAINTENANCE DIVISION;PLANT 2 DEPARTMENT;ESG Reporting;2023;GRI;CERT;SOFT;Online;CC6527;USD;500000;X;TEC;STEM;ESG;;;08:00;17:00;12;1;IDR;20/10/2023;24/10/2023;4;Technical Skill;Certification;Human Capital;STEM Engineering
76915;;08/02/2023;25/01/2023;Wahyu Adiputra;Manual Entry;General Manager;SUPPLY CHAIN;INTERNAL AUDIT DIVISION;LEGAL DEPT DEPARTMENT;Finance for Non Finance ;2023;Coursera;DEVEL;TECH;Surabaya HQ;CC8004;USD;1500000;;TEC;NSGML;Finance;12;CERT-72093;08:00;17:00;12;1;IDR;25/01/2023;08/02/2023;5;Technical Skill;Certification;Management Science;Non-STEM General Management Le
EMP085102;;17/04/2025;14/04/2025;Budi Akbar;Self Reported;General Manager;AGRIBUSINESS;MAINTENANCE OPERATIONS DIVISION;TAX DEPARTMENT;Leadership Essential;2025;Internal Trainer;CERT;COMPL;Online;CC9158;IDR;7500000;X;MGS;STEM;Leadership;24;CERT-28095;08:00;17:00;16;2;IDR;14/04/2025;17/04/2025;2;Leadership;Training;Management Science;Non-STEM General Management Le
89932;CERT;24/05/2024;15/05/2024;Bambang Haryadi;Manual Entry;Department Head;ENGINEERING;MAINTENANCE DIVISION;ENGINEERING DEPT DEPARTMENT;Keselamatan Pertambangan;2024;Internal Trainer;CERT;TECH;Jakarta Office;CC3043;IDR;0;Y;FIN;NSTEM;Safety;36;CERT-17857;08:00;17:00;16;2;IDR;15/05/2024;24/05/2024;3;Technical Skill;Workshop;Engineering;STEM Technical
EMP085098;CERT;27/05/2025;16/05/2025;Veri Setiawan;Training Interface;Section Head;CORPORATE CENTER;INTERNAL AUDIT DIVISION;RECRUITMENT DEPARTMENT;Risk Factor In Merger Acquisition;2025;Internal Trainer;WORKSHOP;SOFT;;CC6570;IDR;1500000;X;MGS;NSGML;M&A;36;CERT-35067;08:00;17:00;8;1;IDR;16/05/2025;27/05/2025;2;Technical Skill;Workshop;Engineering;STEM Engineering
85803;;03/12/2023;25/11/2023;Teguh Fajari;Manual Entry;Analyst;HSE;ENGINEERING DIVISION;OPERATIONS DEPT DEPARTMENT;ESG Reporting ;2023;GRI;DEVEL;SOFT;Surabaya HQ;CC1888;USD;500000;;FIN;STEM;ESG;24;CERT-37785;08:00;17:00;12;1;IDR;25/11/2023;03/12/2023;1;Technical Skill;Training;Engineering;STEM Engineering
EMP085386;;12/04/2022;31/03/2022;Elsa Chandra;Self Reported;Supervisor;ENERGY GROUP;ENGINEERING DIVISION;RECRUITMENT DEPARTMENT;PMP Preparation;2022;PMI Indonesia;CERT;TECH;Surabaya HQ;CC4188;USD;0;Y;MGS;NSTEM;Project Management;12;CERT-46429;08:00;17:00;32;4;IDR;31/03/2022;12/04/2022;4;Soft Skill;Training;Engineering;Non-STEM General Management Le
EMP087002;CERT;03/08/2024;23/07/2024;Employee EMP087002;Training Interface;Department Head;LOGISTICS;TREASURY DIVISION;DRILLING DEPARTMENT;Strategi Transformasi Digital;2024;MIT Sloan Executive;CERT;COMPL;Jakarta Office;CC9901;USD;0;X;MGS;NSGML;Digital Strategy;0;CERT-54875;08:00;17:00;24;3;IDR;23/07/2024;03/08/2024;1;Leadership;Certification;Engineering;STEM Technical
75495;CERT;29/06/2023;23/06/2023;Dedy Nainggolan;Manual Entry;Manager;FINANCE & ACCOUNTING;INTERNAL AUDIT DIVISION;CORPORATE AFFAIRS DEPT DEPARTMENT;SAP S4HANA Basic;2023;SAP Education ID;WORKSHOP;TECH;Online;CC7911;IDR;1500000;Y;MGS;NSTEM;SAP;36;CERT-94542;08:00;17:00;32;4;IDR;23/06/2023;29/06/2023;3;Technical Skill;Certification;Finance;Non-STEM General Management Le
EMP085390;;01/01/2024;20/12/2023;Bella Wibowo;Manual Entry;Section Head;PETROCHEMICAL;TREASURY DIVISION;TAX DEPARTMENT;MS Excel Lanjutan;2023;kelas.work;DEVEL;COMPL;Online;CC6635;USD;0;X;FIN;NSTEM;MS EXCEL;12;CERT-61218;08:00;17:00;16;2;IDR;20/12/2023;01/01/2024;2;Technical Skill;Workshop;Engineering;Non-STEM General Management Le
EMP085042;TRAIN;23/02/2024;21/02/2024;CAHYO ILHAM;Training Interface;Engineer;LOGISTICS;PROCUREMENT DIVISION;HEAVY EQUIPMENT DEPARTMENT;Data Analytics Advance;2024;Coursera;CERT;TECH;Online;CC2880;USD;0;X;TEC;STEM;Data Analytics;24;CERT-90076;08:00;17:00;40;5;IDR;21/02/2024;23/02/2024;5;Technical Skill;Seminar;Engineering;STEM Technical
EMP085213;;28/05/2022;18/05/2022;Employee EMP085213;Self Reported;Analyst;ENERGY GROUP;TREASURY DIVISION;PLANT 1 DEPARTMENT;Leadership Essential;2022;Internal Trainer;CERT;COMPL;;CC8964;IDR;3500000;;FIN;NSTEM;LEADERSHIP;36;CERT-29047;08:00;17:00;16;2;IDR;18/05/2022;28/05/2022;2;Leadership;Training;Human Capital;Non-STEM General Management Le
EMP085175;;05/05/2023;01/05/2023;Fina Siregar;Training Interface;Manager;MINING OPERATIONS;TREASURY DIVISION;PAYROLL DEPARTMENT;cybersecurity fundamental;2023;Coursera;DEVEL;SOFT;Bali Resort;CC4379;USD;0;X;FIN;NSGML;CYBERSECURITY;;;08:00;17:00;24;3;IDR;01/05/2023;05/05/2023;2;Technical Skill;Seminar;Engineering;STEM Engineering
60295;;05/09/2025;24/08/2025;Yuni Hidayat;Manual Entry;Manager;HUMAN RESOURCES;ENGINEERING DIVISION;HEAVY EQUIPMENT DEPARTMENT;PMP Preparation;2025;PMI Indonesia;DEVEL;TECH;Jakarta Office;CC7584;USD;3500000;;FIN;STEM;PROJECT MANAGEMENT;36;CERT-10926;08:00;17:00;32;4;IDR;24/08/2025;05/09/2025;4;Soft Skill;Seminar;Human Capital;STEM Technical
86126;;28/08/2022;26/08/2022;Ayu Ertanto;Self Reported;Senior Analyst;CORPORATE AFFAIRS;TALENT MANAGEMENT DIVISION;CORPORATE AFFAIRS DEPT DEPARTMENT;coaching performance;2022;Internal Trainer;CERT;TECH;;CC3423;IDR;7500000;;TEC;STEM;Coaching;;;08:00;17:00;16;2;IDR;26/08/2022;28/08/2022;3;Leadership;Training;Human Capital;Non-STEM General Management Le
EMP085344;TRAIN;09/06/2024;02/06/2024;Putri Darwis;Training Interface;Manager;ENERGY GROUP;ENGINEERING DIVISION;LOGISTICS DEPARTMENT;Pengambilan Keputusan Strategis;2024;INSEAD;CERT;TECH;Bali Resort;CC6233;USD;500000;Y;HRS;NSTEM;Strategy;;;08:00;17:00;20;2;IDR;02/06/2024;09/06/2024;1;Leadership;Workshop;Finance;Non-STEM General Management Le
EMP085261;TRAIN;27/03/2023;17/03/2023;QOMAR ARDHANA;Manual Entry;Senior Engineer;ENERGY GROUP;TREASURY DIVISION;LOGISTICS DEPARTMENT;Coaching Performance;2023;Internal Trainer;WORKSHOP;SOFT;;CC8475;IDR;3500000;X;FIN;STEM;Coaching;36;CERT-84623;08:00;17:00;16;2;IDR;17/03/2023;27/03/2023;2;Leadership;Certification;Human Capital;STEM Engineering
98881;CERT;27/07/2024;18/07/2024;Fitri Firmansyah;Manual Entry;Section Head;MINING OPERATIONS;TALENT MANAGEMENT DIVISION;ACCOUNTING DEPT DEPARTMENT;Keselamatan Pertambangan;2024;Internal Trainer;CERT;TECH;Bali Resort;CC9691;IDR;3500000;;MGS;STEM;Safety;0;CERT-93323;08:00;17:00;16;2;IDR;18/07/2024;27/07/2024;3;Technical Skill;Certification;Human Capital;STEM Technical
EMP085226;;04/07/2024;24/06/2024;Galih Gunadi;Manual Entry;Senior Operator;PETROCHEMICAL;MAINTENANCE DIVISION;CORPORATE PAYROLL DEPARTMENT;SAP S4HANA Basic;2024;SAP Education ID;DEVEL;TECH;Online;CC5446;IDR;0;X;TEC;NSTEM;SAP;24;CERT-29042;08:00;17:00;32;4;IDR;24/06/2024;04/07/2024;3;Technical Skill;Training;Management Science;Non-STEM General Management Le
EMP085087;;01/12/2023;29/11/2023;Nur Nainggolan;Manual Entry;Coordinator;ENERGY GROUP;MAINTENANCE DIVISION;PAYROLL DEPARTMENT;PMP Preparation;2023;PMI Indonesia;WORKSHOP;LEAD;Surabaya HQ;CC8025;USD;0;;HRS;NSTEM;PROJECT MANAGEMENT;24;CERT-97207;08:00;17:00;32;4;IDR;29/11/2023;01/12/2023;3;Soft Skill;Seminar;Human Capital;Non-STEM General Management Le
EMP085349;;24/04/2023;12/04/2023;Budi Permadi;Manual Entry;General Manager;PROPERTY;PRODUCTION OPERATIONS DIVISION;PIPELINE DEPARTMENT;PMP Preparation;2023;PMI Indonesia;DEVEL;SOFT;Jakarta Office;CC7493;USD;0;Y;TEC;NSTEM;PROJECT MANAGEMENT;36;CERT-44997;08:00;17:00;32;4;IDR;12/04/2023;24/04/2023;4;Soft Skill;Training;Engineering;Non-STEM General Management Le
EMP085302;;02/07/2023;28/06/2023;Nasrul Nainggolan;Training Interface;Specialist;TRADING;MAINTENANCE DIVISION;QUALITY CONTROL DEPARTMENT;Coaching Performance;2023;Internal Trainer;TRAIN;SOFT;Bali Resort;CC8888;IDR;0;;TEC;NSTEM;COACHING;36;CERT-83729;08:00;17:00;16;2;IDR;28/06/2023;02/07/2023;5;Leadership;Workshop;Management Science;Non-STEM General Management Le
EMP085414;TRAIN;22/05/2025;17/05/2025;Nasrul Kurniawan;Self Reported;Senior Operator;ENERGY GROUP;ENGINEERING DIVISION;PIPELINE DEPARTMENT;ESG Reporting;2025;GRI;TRAIN;LEAD;Surabaya HQ;CC2759;USD;0;Y;TEC;STEM;ESG;24;CERT-64294;08:00;17:00;12;1;IDR;17/05/2025;22/05/2025;3;Technical Skill;Workshop;Management Science;Non-STEM General Management Le
EMP085012;CERT;13/07/2023;29/06/2023;Budi Zulkarnain;Training Interface;Senior Operator;LOGISTICS;TALENT MANAGEMENT DIVISION;PAYROLL DEPARTMENT;Komunikasi Efektif;2023;Dale Carnegie ID;TRAIN;LEAD;Online;CC8481;IDR;0;Y;MGS;NSTEM;Communication;36;CERT-94320;08:00;17:00;8;1;IDR;29/06/2023;13/07/2023;5;Soft Skill;Training;Engineering;STEM Technical
88263;CERT;30/09/2022;17/09/2022;QOMAR PERMADI;Manual Entry;Supervisor;INFORMATION TECHNOLOGY;TREASURY DIVISION;FINANCE DEPT DEPARTMENT;Komunikasi Efektif;2022;Dale Carnegie ID;CERT;SOFT;Surabaya HQ;CC3359;IDR;500000;;TEC;NSTEM;COMMUNICATION;0;CERT-72984;08:00;17:00;8;1;IDR;17/09/2022;30/09/2022;2;Soft Skill;Workshop;Management Science;STEM Engineering
EMP085177;;16/11/2024;02/11/2024;Hendra Darwis;Manual Entry;Senior Analyst;ENERGY GROUP;MAINTENANCE DIVISION;PIPELINE DEPARTMENT;PMP Preparation;2024;PMI Indonesia;DEVEL;LEAD;Bali Resort;CC1837;USD;1500000;Y;FIN;NSTEM;PROJECT MANAGEMENT;;;08:00;17:00;32;4;IDR;02/11/2024;16/11/2024;2;Soft Skill;Certification;Human Capital;STEM Technical
EMP089016;CERT;05/04/2024;28/03/2024;Maya Purnama;Training Interface;Senior Analyst;ENERGY GROUP;TREASURY DIVISION;PIPELINE DEPARTMENT;PMP Preparation;2024;PMI Indonesia;WORKSHOP;SOFT;Surabaya HQ;CC9661;USD;500000;;FIN;STEM;Project Management;;;08:00;17:00;32;4;IDR;28/03/2024;05/04/2024;4;Soft Skill;Training;Management Science;STEM Engineering
24752;CERT;15/11/2023;02/11/2023;Lestari Nugroho;Training Interface;Engineer;MINING OPERATIONS;INTERNAL AUDIT DIVISION;QUALITY CONTROL DEPARTMENT;SAP S4HANA Basic;2023;SAP Education ID;WORKSHOP;SOFT;Online;CC2777;IDR;7500000;;FIN;NSTEM;SAP;;;08:00;17:00;32;4;IDR;02/11/2023;15/11/2023;3;Technical Skill;Certification;Engineering;STEM Engineering
75495;;17/03/2025;14/03/2025;Dedy Nainggolan;Self Reported;Manager;FINANCE & ACCOUNTING;INTERNAL AUDIT DIVISION;CORPORATE AFFAIRS DEPT DEPARTMENT;Risk Factor In Merger Acquisition;2025;Internal Trainer;TRAIN;SOFT;Online;CC4835;IDR;1500000;Y;MGS;NSGML;M&A;;;08:00;17:00;8;1;IDR;14/03/2025;17/03/2025;3;Technical Skill;Seminar;Engineering;STEM Technical
10582;TRAIN;31/10/2024;27/10/2024;Ulfa Mulyadi;Training Interface;Senior Analyst;CORPORATE AFFAIRS;PROCUREMENT DIVISION;ACCOUNTING DEPT DEPARTMENT;Data Analytics Advance;2024;Coursera;WORKSHOP;SOFT;Online;CC9150;USD;0;;MGS;NSGML;Data Analytics;0;CERT-69316;08:00;17:00;40;5;IDR;27/10/2024;31/10/2024;3;Technical Skill;Training;Management Science;STEM Engineering
EMP089042;CERT;25/09/2023;13/09/2023;Bayu Wahyudi;Training Interface;Specialist;LOGISTICS;PRODUCTION DIVISION;DRILLING DEPARTMENT;Finance for Non Finance;2023;Coursera;WORKSHOP;COMPL;Surabaya HQ;CC3560;USD;3500000;;MGS;STEM;FINANCE;36;CERT-66450;08:00;17:00;12;1;IDR;13/09/2023;25/09/2023;5;Technical Skill;Certification;Finance;STEM Technical
39213;TRAIN;20/11/2025;08/11/2025;Yuni Wibowo;Training Interface;Senior Operator;IT;INTERNAL AUDIT DIVISION;PLANT 2 DEPARTMENT;ESG Reporting;2025;GRI;WORKSHOP;SOFT;Surabaya HQ;CC4723;USD;0;X;MGS;NSTEM;ESG;0;CERT-56886;08:00;17:00;12;1;IDR;08/11/2025;20/11/2025;2;Technical Skill;Certification;Finance;STEM Technical
22892;;24/08/2024;13/08/2024;Doni Mahendra;Self Reported;Manager;HUMAN RESOURCES;TREASURY DIVISION;HR DEPT DEPARTMENT;Keselamatan Pertambangan;2024;Internal Trainer;TRAIN;COMPL;;CC6575;IDR;0;Y;TEC;NSGML;SAFETY;24;CERT-91965;08:00;17:00;16;2;IDR;13/08/2024;24/08/2024;5;Technical Skill;Seminar;Engineering;STEM Technical
11891;;30/03/2022;26/03/2022;Jihan Permadi;Manual Entry;Analyst;CORPORATE AFFAIRS;ENGINEERING DIVISION;IT DEPT DEPARTMENT;SAP S4HANA Basic;2022;SAP Education ID;DEVEL;SOFT;Surabaya HQ;CC1353;IDR;0;X;TEC;NSGML;SAP;;;08:00;17:00;32;4;IDR;26/03/2022;30/03/2022;4;Technical Skill;Certification;Engineering;STEM Engineering
EMP085002;CERT;27/02/2025;24/02/2025;Nasrul Basuki;Self Reported;Specialist;PROPERTY;PROCUREMENT DIVISION;TAX DEPARTMENT;Data Analytics Advance;2025;Coursera;WORKSHOP;SOFT;Jakarta Office;CC3803;USD;0;;FIN;NSTEM;DATA ANALYTICS;;;08:00;17:00;40;5;IDR;24/02/2025;27/02/2025;5;Technical Skill;Certification;Finance;Non-STEM General Management Le
EMP085430;;26/05/2022;13/05/2022;Yanto Rizaldi;Self Reported;Supervisor;LOGISTICS;PRODUCTION DIVISION;RECRUITMENT DEPARTMENT;PMP Preparation;2022;PMI Indonesia;CERT;SOFT;Surabaya HQ;CC7893;USD;0;;TEC;NSTEM;PROJECT MANAGEMENT;36;CERT-85246;08:00;17:00;32;4;IDR;13/05/2022;26/05/2022;1;Soft Skill;Certification;Engineering;STEM Engineering
EMP085181;TRAIN;06/10/2025;05/10/2025;Ivan Ginanjar;Self Reported;General Manager;FORESTRY & PLANTATION (HOLDING);MAINTENANCE DIVISION;RECRUITMENT DEPARTMENT;Finance for Non Finance ;2025;Coursera;CERT;LEAD;Online;CC1036;USD;1500000;Y;HRS;NSTEM;FINANCE;;;08:00;17:00;12;1;IDR;05/10/2025;06/10/2025;5;Technical Skill;Seminar;Engineering;STEM Technical
EMP085134;CERT;25/01/2024;19/01/2024;Siska Nugroho;Manual Entry;General Manager;FINANCIAL SERVICES;ENGINEERING DIVISION;LOGISTICS DEPARTMENT;Risk Factor In Merger Acquisition;2024;Internal Trainer;TRAIN;LEAD;Online;CC3495;IDR;7500000;;FIN;STEM;M&A;0;CERT-75359;08:00;17:00;8;1;IDR;19/01/2024;25/01/2024;1;Technical Skill;Workshop;Finance;STEM Technical
47753;CERT;20/04/2025;10/04/2025;Fahmi Wijaya;Training Interface;Specialist;IT;INTERNAL AUDIT DIVISION;PLANT 2 DEPARTMENT;Cybersecurity Fundamental;2025;Coursera;DEVEL;COMPL;Jakarta Office;CC4110;USD;7500000;Y;HRS;STEM;Cybersecurity;;;08:00;17:00;24;3;IDR;10/04/2025;20/04/2025;3;Technical Skill;Certification;Human Capital;STEM Technical
EMP089001;TRAIN;09/04/2022;30/03/2022;A. Pratama;Training Interface;Supervisor;FORESTRY & PLANTATION;PROCUREMENT DIVISION;HEAVY EQUIPMENT DEPARTMENT;Pengambilan Keputusan Strategis;2022;INSEAD;TRAIN;LEAD;Surabaya HQ;CC1320;USD;0;Y;FIN;NSGML;STRATEGY;36;CERT-67512;08:00;17:00;20;2;IDR;30/03/2022;09/04/2022;5;Leadership;Certification;Finance;STEM Technical
EMP085088;TRAIN;20/05/2024;17/05/2024;Veri Rohman;Training Interface;Senior Engineer;AGRIBUSINESS;PROCUREMENT DIVISION;PLANT 2 DEPARTMENT;Risk Factor In Merger Acquisition;2024;Internal Trainer;TRAIN;LEAD;Online;CC8349;IDR;3500000;Y;MGS;STEM;M&A;24;CERT-10069;08:00;17:00;8;1;IDR;17/05/2024;20/05/2024;5;Technical Skill;Seminar;Engineering;STEM Technical
EMP085375;;15/01/2022;06/01/2022;Agus Widodo;Self Reported;Specialist;LOGISTICS;TREASURY DIVISION;RECRUITMENT DEPARTMENT;keselamatan pertambangan;2022;Internal Trainer;CERT;SOFT;;CC6504;IDR;7500000;X;FIN;NSGML;SAFETY;;;08:00;17:00;16;2;IDR;06/01/2022;15/01/2022;4;Technical Skill;Certification;Finance;STEM Engineering
EMP087006;CERT;29/05/2025;16/05/2025;Haris Mahendra;Training Interface;Operator;AGRIBUSINESS;TREASURY DIVISION;CORPORATE PLANT 1 DEPARTMENT;Finance for Non Finance;2025;Coursera;TRAIN;SOFT;Jakarta Office;CC7929;USD;0;Y;FIN;NSTEM;FINANCE;12;CERT-57381;08:00;17:00;12;1;IDR;16/05/2025;29/05/2025;1;Technical Skill;Certification;Human Capital;Non-STEM General Management Le
EMP085453;TRAIN;29/10/2025;26/10/2025;Bambang Fajari;Training Interface;Coordinator;ENERGY GROUP;TALENT MANAGEMENT DIVISION;QUALITY CONTROL DEPARTMENT;Cybersecurity Fundamental ;2025;Coursera;TRAIN;COMPL;Surabaya HQ;CC2316;USD;500000;;HRS;STEM;CYBERSECURITY;36;CERT-88924;08:00;17:00;24;3;IDR;26/10/2025;29/10/2025;3;Technical Skill;Certification;Human Capital;STEM Engineering
98881;;16/09/2025;10/09/2025;Fitri Firmansyah;Self Reported;Section Head;MINING OPERATIONS;TALENT MANAGEMENT DIVISION;ACCOUNTING DEPT DEPARTMENT;Komunikasi Efektif;2025;Dale Carnegie ID;CERT;SOFT;;CC2897;IDR;0;Y;TEC;STEM;Communication;;;08:00;17:00;8;1;IDR;10/09/2025;16/09/2025;1;Soft Skill;Training;Finance;STEM Technical
EMP085054;TRAIN;13/06/2025;03/06/2025;Citra Tambunan;Self Reported;Operator;FORESTRY & PLANTATION;TREASURY DIVISION;RECRUITMENT DEPARTMENT;Pengambilan Keputusan Strategis;2025;INSEAD;CERT;LEAD;Bali Resort;CC6254;USD;3500000;;FIN;NSTEM;STRATEGY;36;CERT-93550;08:00;17:00;20;2;IDR;03/06/2025;13/06/2025;3;Leadership;Seminar;Human Capital;STEM Engineering
EMP085483;TRAIN;20/01/2023;17/01/2023;Aldhi Haryadi;Self Reported;Engineer;MINING OPERATIONS;ENGINEERING DIVISION;RECRUITMENT DEPARTMENT;PMP Preparation ;2023;PMI Indonesia;WORKSHOP;LEAD;Surabaya HQ;CC5252;USD;7500000;Y;TEC;NSGML;PROJECT MANAGEMENT;;;08:00;17:00;32;4;IDR;17/01/2023;20/01/2023;4;Soft Skill;Certification;Management Science;STEM Technical
96511;CERT;23/03/2024;10/03/2024;Qomar Mahendra;Manual Entry;Officer;CORPORATE;INTERNAL AUDIT DIVISION;ENGINEERING DEPT DEPARTMENT;Leadership Essential;2024;Internal Trainer;DEVEL;TECH;Bali Resort;CC7347;IDR;7500000;Y;MGS;NSTEM;LEADERSHIP;;;08:00;17:00;16;2;IDR;10/03/2024;23/03/2024;5;Leadership;Workshop;Human Capital;STEM Engineering
76190;;24/04/2025;14/04/2025;Galih Zulkarnain;Training Interface;Department Head;HUMAN RESOURCES;TALENT MANAGEMENT DIVISION;ACCOUNTING DEPT DEPARTMENT;Leadership Essential;2025;Internal Trainer;TRAIN;COMPL;Bali Resort;CC3763;IDR;1500000;Y;MGS;STEM;LEADERSHIP;36;CERT-88849;08:00;17:00;16;2;IDR;14/04/2025;24/04/2025;3;Leadership;Training;Finance;STEM Technical
EMP085422;CERT;23/05/2024;12/05/2024;Employee EMP085422;Self Reported;Manager;TRADING;PROCUREMENT DIVISION;TAX DEPARTMENT;Strategi Transformasi Digital;2024;MIT Sloan Executive;CERT;SOFT;Jakarta Office;CC3415;USD;1500000;X;HRS;NSGML;DIGITAL STRATEGY;0;CERT-82386;08:00;17:00;24;3;IDR;12/05/2024;23/05/2024;4;Leadership;Training;Engineering;STEM Technical
EMP085108;;26/10/2025;15/10/2025;Irma Jaya;Training Interface;Section Head;MINING OPERATIONS;TREASURY DIVISION;RECRUITMENT DEPARTMENT;Risk Factor In Merger Acquisition;2025;Internal Trainer;DEVEL;TECH;Surabaya HQ;CC7276;IDR;7500000;Y;TEC;NSTEM;M&A;24;CERT-79520;08:00;17:00;8;1;IDR;15/10/2025;26/10/2025;5;Technical Skill;Seminar;Engineering;STEM Technical
44055;CERT;21/04/2024;19/04/2024;Lukman Fajari;Self Reported;Engineer;HUMAN RESOURCES;PROCUREMENT DIVISION;SUPPLY CHAIN DEPT DEPARTMENT;Keselamatan Pertambangan ;2024;Internal Trainer;TRAIN;TECH;Bali Resort;CC6784;IDR;0;Y;MGS;NSGML;SAFETY;;;08:00;17:00;16;2;IDR;19/04/2024;21/04/2024;3;Technical Skill;Training;Human Capital;STEM Engineering
EMP085332;;25/11/2022;16/11/2022;Wahyu Gunadi;Self Reported;Specialist;FINANCIAL SERVICES;INTERNAL AUDIT DIVISION;RECRUITMENT DEPARTMENT;Leadership Essential;2022;Internal Trainer;TRAIN;COMPL;Surabaya HQ;CC7554;IDR;7500000;X;HRS;STEM;LEADERSHIP;0;CERT-75992;08:00;17:00;16;2;IDR;16/11/2022;25/11/2022;5;Leadership;Training;Management Science;STEM Technical
20644;CERT;28/04/2025;16/04/2025;Joko Atmaja;Training Interface;Manager;CORPORATE;MAINTENANCE DIVISION;PLANT 1 DEPARTMENT;Pengambilan Keputusan Strategis;2025;INSEAD;DEVEL;COMPL;Online;CC7593;USD;7500000;;HRS;STEM;Strategy;;;08:00;17:00;20;2;IDR;16/04/2025;28/04/2025;2;Leadership;Training;Engineering;Non-STEM General Management Le
EMP085247;CERT;25/02/2022;24/02/2022;Veri Irawan;Manual Entry;Section Head;AGRIBUSINESS;PROCUREMENT DIVISION;RECRUITMENT DEPARTMENT;komunikasi efektif;2022;Dale Carnegie ID;CERT;COMPL;Jakarta Office;CC7549;IDR;0;;TEC;NSTEM;COMMUNICATION;12;CERT-43402;08:00;17:00;8;1;IDR;24/02/2022;25/02/2022;2;Soft Skill;Workshop;Human Capital;STEM Technical
40078;TRAIN;28/01/2024;19/01/2024;Randa Cokro;Manual Entry;Coordinator;CORPORATE;INTERNAL AUDIT DIVISION;SUPPLY CHAIN DEPT DEPARTMENT;Finance for Non Finance;2024;Coursera;DEVEL;TECH;Surabaya HQ;CC9903;USD;7500000;X;FIN;NSGML;FINANCE;24;CERT-78117;08:00;17:00;12;1;IDR;19/01/2024;28/01/2024;4;Technical Skill;Training;Human Capital;STEM Technical
EMP085255;;22/08/2024;18/08/2024;Tara Tambunan;Manual Entry;Senior Analyst;MINING OPERATIONS;INTERNAL AUDIT DIVISION;PIPELINE DEPARTMENT;ms excel lanjutan;2024;kelas.work;CERT;LEAD;Jakarta Office;CC3282;USD;500000;;HRS;NSGML;MS EXCEL;12;CERT-95193;08:00;17:00;16;2;IDR;18/08/2024;22/08/2024;2;Technical Skill;Training;Engineering;Non-STEM General Management Le
35651;CERT;09/01/2023;30/12/2022;Doni Wibowo;Self Reported;Coordinator;ENGINEERING;TALENT MANAGEMENT DIVISION;ENGINEERING DEPT DEPARTMENT;Teknik Negosiasi;2022;Harvard Online;WORKSHOP;SOFT;Bali Resort;CC9532;USD;0;Y;TEC;NSTEM;NEGOTIATION;;;08:00;17:00;16;2;IDR;30/12/2022;09/01/2023;4;Soft Skill;Certification;Management Science;STEM Engineering
EMP085395;TRAIN;04/07/2023;24/06/2023;Agus Rohman;Self Reported;Senior Analyst;CORPORATE CENTER;PROCUREMENT DIVISION;HEAVY EQUIPMENT DEPARTMENT;Finance for Non Finance;2023;Coursera;WORKSHOP;COMPL;Bali Resort;CC1950;USD;0;;TEC;STEM;FINANCE;12;CERT-13645;08:00;17:00;12;1;IDR;24/06/2023;04/07/2023;3;Technical Skill;Seminar;Engineering;Non-STEM General Management Le
EMP085276;CERT;09/03/2025;05/03/2025;Employee EMP085276;Self Reported;Senior Operator;FORESTRY & PLANTATION;ENGINEERING DIVISION;LOGISTICS DEPARTMENT;Pengambilan Keputusan Strategis;2025;INSEAD;WORKSHOP;LEAD;Surabaya HQ;CC1855;USD;500000;Y;HRS;NSTEM;Strategy;24;CERT-47031;08:00;17:00;20;2;IDR;05/03/2025;09/03/2025;3;Leadership;Seminar;Management Science;STEM Engineering
EMP085478;CERT;12/06/2023;05/06/2023;Julia Hidayat;Training Interface;Senior Engineer;FORESTRY & PLANTATION;ENGINEERING DIVISION;DRILLING DEPARTMENT;MS Excel Lanjutan;2023;kelas.work;TRAIN;COMPL;;CC4099;USD;3500000;X;FIN;NSGML;MS Excel;;;08:00;17:00;16;2;IDR;05/06/2023;12/06/2023;2;Technical Skill;Training;Engineering;STEM Engineering
28591;TRAIN;08/05/2023;28/04/2023;Taufik Kurniawan;Training Interface;Senior Operator;CORPORATE (HOLDING);PRODUCTION DIVISION;PAYROLL DEPARTMENT;Cybersecurity Fundamental;2023;Coursera;WORKSHOP;SOFT;Bali Resort;CC7513;USD;3500000;;HRS;NSTEM;CYBERSECURITY;36;CERT-42547;08:00;17:00;24;3;IDR;28/04/2023;08/05/2023;5;Technical Skill;Certification;Management Science;Non-STEM General Management Le
EMP085339;;03/09/2022;23/08/2022;Yola Usman;Training Interface;General Manager;FORESTRY & PLANTATION;ENGINEERING DIVISION;QUALITY CONTROL DEPARTMENT;Risk Factor In Merger Acquisition;2022;Internal Trainer;DEVEL;COMPL;Jakarta Office;CC6245;IDR;500000;Y;FIN;NSGML;M&A;;;08:00;17:00;8;1;IDR;23/08/2022;03/09/2022;4;Technical Skill;Seminar;Engineering;Non-STEM General Management Le
EMP085336;;14/02/2024;07/02/2024;Cahyo Purnama;Training Interface;Manager;MINING OPERATIONS;ENGINEERING DIVISION;PLANT 2 DEPARTMENT;Teknik Negosiasi;2024;Harvard Online;WORKSHOP;TECH;;CC3917;USD;0;Y;TEC;NSGML;NEGOTIATION;12;CERT-98000;08:00;17:00;16;2;IDR;07/02/2024;14/02/2024;2;Soft Skill;Certification;Management Science;STEM Engineering
EMP085012;;13/12/2022;10/12/2022;Budi Zulkarnain;Manual Entry;Senior Operator;LOGISTICS;TALENT MANAGEMENT DIVISION;PAYROLL DEPARTMENT;Leadership Essential;2022;Internal Trainer;CERT;COMPL;Bali Resort;CC6199;IDR;1500000;;FIN;NSGML;Leadership;24;CERT-54287;08:00;17:00;16;2;IDR;10/12/2022;13/12/2022;5;Leadership;Training;Management Science;STEM Engineering
83788;CERT;18/11/2022;08/11/2022;Sri Nainggolan;Training Interface;Department Head;SUPPLY CHAIN;PRODUCTION DIVISION;IT DEPT DEPARTMENT;SAP S4HANA Basic ;2022;SAP Education ID;TRAIN;COMPL;Jakarta Office;CC3043;IDR;500000;X;HRS;STEM;SAP;;;08:00;17:00;32;4;IDR;08/11/2022;18/11/2022;3;Technical Skill;Seminar;Management Science;STEM Technical
EMP085282;TRAIN;13/04/2022;04/04/2022;Elsa Rahayu;Self Reported;Senior Operator;ENERGY GROUP;TALENT MANAGEMENT DIVISION;PLANT 1 DEPARTMENT;komunikasi efektif;2022;Dale Carnegie ID;TRAIN;SOFT;Online;CC9758;IDR;1500000;X;MGS;NSTEM;COMMUNICATION;24;CERT-15123;08:00;17:00;8;1;IDR;04/04/2022;13/04/2022;3;Soft Skill;Training;Finance;STEM Engineering
77276;;25/09/2025;19/09/2025;BUDI SUSANTO;Manual Entry;Engineer;HUMAN RESOURCES;MAINTENANCE DIVISION;PLANT 1 DEPARTMENT;Pengambilan Keputusan Strategis;2025;INSEAD;TRAIN;TECH;;CC7339;USD;7500000;;MGS;NSTEM;Strategy;;;08:00;17:00;20;2;IDR;19/09/2025;25/09/2025;5;Leadership;Training;Finance;STEM Technical
54735;TRAIN;15/09/2022;09/09/2022;Eko Salim;Training Interface;Coordinator;INFORMATION TECHNOLOGY;INTERNAL AUDIT DIVISION;ACCOUNTING DEPT DEPARTMENT;ESG Reporting;2022;GRI;WORKSHOP;COMPL;Jakarta Office;CC1348;USD;0;Y;MGS;STEM;ESG;;;08:00;17:00;12;1;IDR;09/09/2022;15/09/2022;4;Technical Skill;Certification;Management Science;Non-STEM General Management Le
EMP085181;;14/12/2023;09/12/2023;Ivan Ginanjar;Training Interface;General Manager;FORESTRY & PLANTATION (HOLDING);MAINTENANCE DIVISION;RECRUITMENT DEPARTMENT;Cybersecurity Fundamental;2023;Coursera;CERT;COMPL;Surabaya HQ;CC2983;USD;1500000;X;TEC;STEM;CYBERSECURITY;36;CERT-12057;08:00;17:00;24;3;IDR;09/12/2023;14/12/2023;2;Technical Skill;Certification;Finance;STEM Engineering
30574;;19/12/2023;08/12/2023;Arief Dianto;Training Interface;Coordinator;SUPPLY CHAIN;ENGINEERING DIVISION;LEGAL DEPT DEPARTMENT;leadership essential;2023;Internal Trainer;DEVEL;LEAD;Bali Resort;CC3066;IDR;0;;TEC;NSTEM;LEADERSHIP;;;08:00;17:00;16;2;IDR;08/12/2023;19/12/2023;4;Leadership;Training;Finance;Non-STEM General Management Le
EMP089029;;01/11/2024;26/10/2024;Hendra Wahyudi;Training Interface;Senior Engineer;AGRIBUSINESS;ENGINEERING DIVISION;PAYROLL DEPARTMENT;Cybersecurity Fundamental;2024;Coursera;TRAIN;TECH;Online;CC7691;USD;0;X;FIN;NSTEM;Cybersecurity;24;CERT-60243;08:00;17:00;24;3;IDR;26/10/2024;01/11/2024;5;Technical Skill;Seminar;Finance;STEM Technical
72191;;23/07/2024;20/07/2024;Dian Zulkarnain;Self Reported;Operator;FINANCE & ACCOUNTING;PROCUREMENT DIVISION;OPERATIONS DEPT DEPARTMENT;Data Analytics Advance;2024;Coursera;CERT;SOFT;Bali Resort;CC3084;USD;500000;X;MGS;STEM;DATA ANALYTICS;36;CERT-27878;08:00;17:00;40;5;IDR;20/07/2024;23/07/2024;4;Technical Skill;Seminar;Engineering;STEM Technical
87420;CERT;10/03/2022;02/03/2022;Bunga Yusuf;Training Interface;Section Head;MINING OPERATIONS;INTERNAL AUDIT DIVISION;LEGAL DEPT DEPARTMENT;Cybersecurity Fundamental;2022;Coursera;DEVEL;COMPL;Online;CC3676;USD;1500000;X;MGS;NSGML;Cybersecurity;24;CERT-87747;08:00;17:00;24;3;IDR;02/03/2022;10/03/2022;2;Technical Skill;Training;Finance;Non-STEM General Management Le
EMP085221;CERT;13/04/2023;08/04/2023;Imam Pratama;Training Interface;Department Head;MINING OPERATIONS;PRODUCTION DIVISION;PIPELINE DEPARTMENT;Strategi Transformasi Digital;2023;MIT Sloan Executive;WORKSHOP;TECH;Surabaya HQ;CC6093;USD;0;Y;TEC;STEM;DIGITAL STRATEGY;0;CERT-16982;08:00;17:00;24;3;IDR;08/04/2023;13/04/2023;5;Leadership;Certification;Management Science;Non-STEM General Management Le
98052;TRAIN;24/12/2022;18/12/2022;Prima Setiawan;Training Interface;Section Head;CORPORATE;PROCUREMENT DIVISION;HR DEPT DEPARTMENT;Pengambilan Keputusan Strategis;2022;INSEAD;WORKSHOP;COMPL;Jakarta Office;CC7373;USD;500000;X;HRS;NSGML;STRATEGY;;;08:00;17:00;20;2;IDR;18/12/2022;24/12/2022;4;Leadership;Workshop;Finance;STEM Engineering
49371;CERT;13/11/2022;01/11/2022;Qomar Rohman;Self Reported;Section Head;FINANCE & ACCOUNTING;;ENGINEERING DEPT DEPARTMENT;Komunikasi Efektif;2022;Dale Carnegie ID;DEVEL;SOFT;Surabaya HQ;CC8112;IDR;;Y;HRS;STEM;Communication;;;08:00;17:00;8;1;IDR;01/11/2022;13/11/2022;3;Soft Skill;Training;Human Capital;STEM Technical
EMP085172;CERT;04/09/2025;30/08/2025;Mulia Ilham;Self Reported;Section Head;TRADING;INTERNAL AUDIT DIVISION;LOGISTICS DEPARTMENT;Leadership Essential;2025;Internal Trainer;CERT;SOFT;Surabaya HQ;CC8079;IDR;0;Y;MGS;NSGML;LEADERSHIP;;;08:00;17:00;16;2;IDR;30/08/2025;04/09/2025;4;Leadership;Workshop;Finance;Non-STEM General Management Le
EMP085362;CERT;15/12/2023;10/12/2023;Nanda Mulyadi;Training Interface;Engineer;PROPERTY;TALENT MANAGEMENT DIVISION;PAYROLL DEPARTMENT;Teknik Negosiasi;2023;Harvard Online;DEVEL;COMPL;;CC4816;USD;0;X;MGS;NSTEM;NEGOTIATION;;;08:00;17:00;16;2;IDR;10/12/2023;15/12/2023;4;Soft Skill;Workshop;Human Capital;STEM Technical
43115;CERT;23/09/2024;10/09/2024;Mega Laksono;Manual Entry;Specialist;CORPORATE;TREASURY DIVISION;TAX DEPARTMENT;Strategi Transformasi Digital;2024;MIT Sloan Executive;WORKSHOP;SOFT;Jakarta Office;CC4684;USD;0;X;FIN;NSTEM;DIGITAL STRATEGY;24;CERT-12593;08:00;17:00;24;3;IDR;10/09/2024;23/09/2024;5;Leadership;Seminar;Management Science;STEM Engineering
37232;;06/07/2025;27/06/2025;AGUS WIJAYA;Training Interface;Specialist;IT;INTERNAL AUDIT DIVISION;PLANT 2 DEPARTMENT;keselamatan pertambangan;2025;Internal Trainer;WORKSHOP;LEAD;Bali Resort;CC1948;IDR;500000;;FIN;NSTEM;Safety;;;08:00;17:00;16;2;IDR;27/06/2025;06/07/2025;1;Technical Skill;Workshop;Human Capital;STEM Technical
83072;;27/06/2023;17/06/2023;Kevin Ardhana;Self Reported;Senior Operator;FINANCE & ACCOUNTING;PRODUCTION DIVISION;IT DEPT DEPARTMENT;PMP Preparation;2023;PMI Indonesia;DEVEL;LEAD;Bali Resort;CC2581;USD;0;X;FIN;NSTEM;Project Management;24;CERT-55085;08:00;17:00;32;4;IDR;17/06/2023;27/06/2023;2;Soft Skill;Seminar;Management Science;STEM Engineering
32303;CERT;14/12/2023;06/12/2023;Elsa Usman;Training Interface;Senior Engineer;LEGAL & COMPLIANCE;INTERNAL AUDIT DIVISION;AFFAIRS DEPT DEPARTMENT;Pengambilan Keputusan Strategis ;2023;INSEAD;CERT;LEAD;;CC8757;USD;0;Y;FIN;STEM;Strategy;36;CERT-90812;08:00;17:00;20;2;IDR;06/12/2023;14/12/2023;2;Leadership;Certification;Engineering;Non-STEM General Management Le
84117;TRAIN;15/12/2022;08/12/2022;Sandra Mulyadi;Manual Entry;Senior Engineer;HSE;TREASURY DIVISION;SUPPLY CHAIN DEPT DEPARTMENT;Teknik Negosiasi;2022;Harvard Online;WORKSHOP;COMPL;Online;CC6635;USD;0;X;MGS;NSTEM;NEGOTIATION;12;CERT-70387;08:00;17:00;16;2;IDR;08/12/2022;15/12/2022;5;Soft Skill;Workshop;Finance;STEM Technical
EMP085389;;14/02/2022;01/02/2022;Employee EMP085389;Manual Entry;Supervisor;FORESTRY & PLANTATION;TREASURY DIVISION;PLANT 2 DEPARTMENT;Komunikasi Efektif;2022;Dale Carnegie ID;DEVEL;LEAD;Surabaya HQ;CC9396;IDR;3500000;;HRS;STEM;Communication;;;08:00;17:00;8;1;IDR;01/02/2022;14/02/2022;3;Soft Skill;Workshop;Engineering;STEM Technical
84404;TRAIN;03/02/2025;02/02/2025;Maya Utama;Training Interface;Coordinator;CORPORATE;TALENT MANAGEMENT DIVISION;FINANCE DEPT DEPARTMENT;PMP Preparation;2025;PMI Indonesia;WORKSHOP;TECH;Surabaya HQ;CC2733;USD;0;Y;MGS;STEM;Project Management;;;08:00;17:00;32;4;IDR;02/02/2025;03/02/2025;2;Soft Skill;Certification;Human Capital;Non-STEM General Management Le
EMP085256;TRAIN;14/03/2023;03/03/2023;Employee EMP085256;Manual Entry;Analyst;FORESTRY & PLANTATION;INTERNAL AUDIT DIVISION;RECRUITMENT DEPARTMENT;Pengambilan Keputusan Strategis;2023;INSEAD;WORKSHOP;COMPL;Bali Resort;CC6613;USD;0;X;HRS;STEM;STRATEGY;;;08:00;17:00;20;2;IDR;03/03/2023;14/03/2023;3;Leadership;Training;Finance;STEM Engineering
EMP085436;;09/11/2024;28/10/2024;Wilda Wardhana;Self Reported;Specialist;PROPERTY;MAINTENANCE DIVISION;PLANT 1 DEPARTMENT;Leadership Essential;2024;Internal Trainer;CERT;TECH;Online;CC9042;IDR;500000;;MGS;NSTEM;LEADERSHIP;24;CERT-59546;08:00;17:00;16;2;IDR;28/10/2024;09/11/2024;2;Leadership;Training;Management Science;Non-STEM General Management Le
EMP085268;CERT;20/09/2022;11/09/2022;Fahmi Purwanto;Self Reported;Operator;MINING OPERATIONS;MAINTENANCE DIVISION;HEAVY EQUIPMENT DEPARTMENT;MS Excel Lanjutan ;2022;kelas.work;CERT;TECH;Online;CC1060;USD;0;X;MGS;NSGML;MS EXCEL;12;CERT-64296;08:00;17:00;16;2;IDR;11/09/2022;20/09/2022;3;Technical Skill;Certification;Human Capital;STEM Technical
EMP085027;CERT;18/01/2025;08/01/2025;Ayu Octavian;Manual Entry;Engineer;MINING OPERATIONS;PRODUCTION DIVISION;HEAVY EQUIPMENT DEPARTMENT;Cybersecurity Fundamental;2025;Coursera;WORKSHOP;TECH;Jakarta Office;CC4416;USD;0;Y;MGS;NSTEM;CYBERSECURITY;;;08:00;17:00;24;3;IDR;08/01/2025;18/01/2025;4;Technical Skill;Seminar;Engineering;Non-STEM General Management Le
35525;TRAIN;30/10/2022;22/10/2022;Xena Zulkarnain;Manual Entry;Engineer;SUPPLY CHAIN;PROCUREMENT OPERATIONS DIVISION;CORPORATE AFFAIRS DEPT DEPARTMENT;Komunikasi Efektif;2022;Dale Carnegie ID;CERT;TECH;Online;CC4494;IDR;500000;;HRS;STEM;Communication;;;08:00;17:00;8;1;IDR;22/10/2022;30/10/2022;2;Soft Skill;Seminar;Human Capital;Non-STEM General Management Le
EMP085288;TRAIN;17/05/2025;09/05/2025;FITRI LAKSONO;Manual Entry;Officer;TRADING;TALENT MANAGEMENT DIVISION;TAX DEPARTMENT;Teknik Negosiasi;2025;Harvard Online;WORKSHOP;LEAD;;CC5991;USD;0;Y;HRS;NSTEM;Negotiation;36;CERT-27479;08:00;17:00;16;2;IDR;09/05/2025;17/05/2025;2;Soft Skill;Certification;Management Science;STEM Engineering
EMP085160;CERT;11/02/2025;10/02/2025;Cika Wijaya;Self Reported;Coordinator;FINANCIAL SERVICES;ENGINEERING DIVISION;RECRUITMENT DEPARTMENT;Strategi Transformasi Digital;2025;MIT Sloan Executive;DEVEL;COMPL;Surabaya HQ;CC3227;USD;0;Y;HRS;NSTEM;DIGITAL STRATEGY;24;CERT-55876;08:00;17:00;24;3;IDR;10/02/2025;11/02/2025;5;Leadership;Workshop;Finance;STEM Engineering
16411;CERT;29/04/2022;27/04/2022;Nur Santoso;Self Reported;Section Head;IT;TALENT MANAGEMENT DIVISION;PLANT 1 DEPARTMENT;Keselamatan Pertambangan;2022;Internal Trainer;WORKSHOP;COMPL;Jakarta Office;CC2032;IDR;0;;MGS;NSTEM;SAFETY;;;08:00;17:00;16;2;IDR;27/04/2022;29/04/2022;4;Technical Skill;Training;Management Science;STEM Technical
97152;CERT;31/01/2022;27/01/2022;Mulia Cokro;Training Interface;Department Head;INFORMATION TECHNOLOGY;PRODUCTION DIVISION;ACCOUNTING DEPT DEPARTMENT;Pengambilan Keputusan Strategis;2022;INSEAD;DEVEL;SOFT;Jakarta Office;CC4119;USD;500000;;FIN;NSTEM;STRATEGY;24;CERT-69217;08:00;17:00;20;2;IDR;27/01/2022;31/01/2022;2;Leadership;Seminar;Finance;Non-STEM General Management Le
87420;;17/02/2023;15/02/2023;Bunga Yusuf;Self Reported;Section Head;MINING OPERATIONS;INTERNAL AUDIT DIVISION;LEGAL DEPT DEPARTMENT;keselamatan pertambangan;2023;Internal Trainer;DEVEL;TECH;Bali Resort;CC9656;IDR;0;X;MGS;NSTEM;SAFETY;;;08:00;17:00;16;2;IDR;15/02/2023;17/02/2023;1;Technical Skill;Certification;Finance;STEM Engineering
EMP085015;TRAIN;26/11/2022;12/11/2022;Citra Salim;Manual Entry;Officer;FINANCIAL SERVICES;TREASURY DIVISION;PIPELINE DEPARTMENT;Finance for Non Finance;2022;Coursera;WORKSHOP;SOFT;Online;CC6653;USD;0;X;FIN;NSGML;FINANCE;36;CERT-64125;08:00;17:00;12;1;IDR;12/11/2022;26/11/2022;4;Technical Skill;Seminar;Finance;STEM Technical
92400;CERT;24/03/2022;10/03/2022;Cahyo Atmaja;Self Reported;Analyst;LEGAL & COMPLIANCE;ENGINEERING DIVISION;IT DEPT DEPARTMENT;esg reporting;2022;GRI;CERT;TECH;Bali Resort;CC9249;USD;3500000;;HRS;NSGML;ESG;0;CERT-30458;08:00;17:00;12;1;IDR;10/03/2022;24/03/2022;2;Technical Skill;Seminar;Management Science;STEM Technical
EMP089043;CERT;07/12/2022;27/11/2022;Andi Atmaja;Self Reported;General Manager;AGRIBUSINESS;TALENT MANAGEMENT DIVISION;QUALITY CONTROL DEPARTMENT;Teknik Negosiasi;2022;Harvard Online;TRAIN;SOFT;Online;CC7749;USD;0;Y;TEC;NSGML;NEGOTIATION;;;08:00;17:00;16;2;IDR;27/11/2022;07/12/2022;3;Soft Skill;Workshop;Engineering;STEM Technical
98052;TRAIN;06/08/2025;01/08/2025;Prima Setiawan;Manual Entry;Section Head;CORPORATE;PROCUREMENT DIVISION;HR DEPT DEPARTMENT;Finance for Non Finance;2025;Coursera;WORKSHOP;TECH;Online;CC4260;USD;500000;X;TEC;STEM;FINANCE;24;CERT-23672;08:00;17:00;12;1;IDR;01/08/2025;06/08/2025;5;Technical Skill;Training;Human Capital;Non-STEM General Management Le
EMP085409;;04/08/2025;29/07/2025;Xena Nasution;Training Interface;Manager;TRADING;ENGINEERING DIVISION;PLANT 1 DEPARTMENT;Teknik Negosiasi ;2025;Harvard Online;TRAIN;LEAD;Jakarta Office;CC1630;USD;0;;MGS;NSGML;NEGOTIATION;24;CERT-67563;08:00;17:00;16;2;IDR;29/07/2025;04/08/2025;3;Soft Skill;Workshop;Management Science;Non-STEM General Management Le
13707;TRAIN;17/05/2023;14/05/2023;Siti Gunawan;Self Reported;Senior Analyst;MINING OPERATIONS;PRODUCTION DIVISION;QUALITY CONTROL DEPARTMENT;Data Analytics Advance ;2023;Coursera;DEVEL;COMPL;Jakarta Office;CC4104;USD;0;X;TEC;NSGML;DATA ANALYTICS;0;CERT-83804;08:00;17:00;40;5;IDR;14/05/2023;17/05/2023;2;Technical Skill;Seminar;Management Science;STEM Engineering
EMP085372;CERT;28/02/2022;16/02/2022;Zulfa Chandra;Manual Entry;Officer;CORPORATE CENTER;ENGINEERING DIVISION;TAX DEPARTMENT;Teknik Negosiasi;2022;Harvard Online;DEVEL;COMPL;;CC6855;USD;1500000;;FIN;NSTEM;Negotiation;0;CERT-30218;08:00;17:00;16;2;IDR;16/02/2022;28/02/2022;4;Soft Skill;Seminar;Management Science;STEM Engineering
62879;CERT;12/05/2025;01/05/2025;Reza Sari;Training Interface;General Manager;ENGINEERING;TALENT MANAGEMENT DIVISION;HSE DEPT DEPARTMENT;risk factor in merger acquisition;2025;Internal Trainer;CERT;LEAD;Online;CC2382;IDR;500000;Y;FIN;NSGML;M&A;36;CERT-51864;08:00;17:00;8;1;IDR;01/05/2025;12/05/2025;5;Technical Skill;Workshop;Management Science;Non-STEM General Management Le
EMP085333;TRAIN;24/07/2024;14/07/2024;Leni Cokro;Training Interface;Engineer;FINANCIAL SERVICES;TALENT MANAGEMENT DIVISION;PIPELINE DEPARTMENT;MS Excel Lanjutan;2024;kelas.work;WORKSHOP;TECH;Jakarta Office;CC7400;USD;0;X;FIN;NSGML;MS EXCEL;24;CERT-98251;08:00;17:00;16;2;IDR;14/07/2024;24/07/2024;1;Technical Skill;Workshop;Human Capital;Non-STEM General Management Le
EMP085217;;16/03/2024;13/03/2024;Yogi Ramadhan;Manual Entry;Department Head;FORESTRY & PLANTATION;PRODUCTION DIVISION;PLANT 1 DEPARTMENT;Finance for Non Finance ;2024;Coursera;WORKSHOP;LEAD;Bali Resort;CC6444;USD;0;X;MGS;STEM;Finance;;;08:00;17:00;12;1;IDR;13/03/2024;16/03/2024;1;Technical Skill;Seminar;Management Science;STEM Technical
EMP085389;;18/01/2022;12/01/2022;Employee EMP085389;Training Interface;Supervisor;FORESTRY & PLANTATION;TREASURY DIVISION;PLANT 2 DEPARTMENT;esg reporting;2022;GRI;DEVEL;TECH;Surabaya HQ;CC9228;USD;0;X;HRS;NSGML;ESG;;;08:00;17:00;12;1;IDR;12/01/2022;18/01/2022;5;Technical Skill;Workshop;Finance;Non-STEM General Management Le
EMP085191;;17/11/2024;04/11/2024;Budi Kartono;Manual Entry;Senior Operator;FINANCIAL SERVICES;ENGINEERING DIVISION;HEAVY EQUIPMENT DEPARTMENT;Coaching Performance;2024;Internal Trainer;CERT;COMPL;Jakarta Office;CC1736;IDR;1500000;X;HRS;NSGML;COACHING;;;08:00;17:00;16;2;IDR;04/11/2024;17/11/2024;1;Leadership;Seminar;Human Capital;STEM Technical
27825;CERT;21/04/2024;18/04/2024;Dian Nugroho;Training Interface;Officer;IT;MAINTENANCE DIVISION;HEAVY EQUIPMENT DEPARTMENT;risk factor in merger acquisition;2024;Internal Trainer;CERT;TECH;Online;CC4072;IDR;3500000;Y;FIN;NSTEM;M&A;36;CERT-54442;08:00;17:00;8;1;IDR;18/04/2024;21/04/2024;1;Technical Skill;Seminar;Engineering;Non-STEM General Management Le
EMP089042;;10/10/2024;01/10/2024;Bayu Wahyudi;Manual Entry;Specialist;LOGISTICS;PRODUCTION DIVISION;DRILLING DEPARTMENT;Leadership Essential ;2024;Internal Trainer;TRAIN;TECH;Surabaya HQ;CC2951;IDR;0;Y;TEC;STEM;Leadership;36;CERT-55038;08:00;17:00;16;2;IDR;01/10/2024;10/10/2024;4;Leadership;Training;Management Science;Non-STEM General Management Le
38435;TRAIN;11/08/2023;08/08/2023;Yogi Kartono;Training Interface;Supervisor;HUMAN RESOURCES;MAINTENANCE DIVISION;HR DEPT DEPARTMENT;esg reporting;2023;GRI;CERT;LEAD;Online;CC6057;USD;1500000;X;HRS;STEM;ESG;;;08:00;17:00;12;1;IDR;08/08/2023;11/08/2023;4;Technical Skill;Training;Human Capital;Non-STEM General Management Le
EMP085235;CERT;11/02/2024;08/02/2024;Dewi Tanjung;Self Reported;Section Head;AGRIBUSINESS;TREASURY DIVISION;DRILLING DEPARTMENT;strategi transformasi digital;2024;MIT Sloan Executive;CERT;SOFT;Online;CC8650;USD;0;X;FIN;STEM;Digital Strategy;;;08:00;17:00;24;3;IDR;08/02/2024;11/02/2024;4;Leadership;Workshop;Management Science;STEM Engineering
EMP085164;TRAIN;27/05/2023;24/05/2023;Yola Indrawan;Self Reported;Department Head;LOGISTICS;PRODUCTION DIVISION;DRILLING DEPARTMENT;Cybersecurity Fundamental;2023;Coursera;DEVEL;TECH;Bali Resort;CC8549;USD;0;;TEC;NSTEM;Cybersecurity;;;08:00;17:00;24;3;IDR;24/05/2023;27/05/2023;5;Technical Skill;Seminar;Human Capital;STEM Engineering
EMP085054;CERT;30/05/2023;18/05/2023;Citra Tambunan;Training Interface;Operator;FORESTRY & PLANTATION;TREASURY DIVISION;RECRUITMENT DEPARTMENT;MS Excel Lanjutan;2023;kelas.work;CERT;SOFT;Surabaya HQ;CC9224;USD;0;;HRS;NSTEM;MS Excel;;;08:00;17:00;16;2;IDR;18/05/2023;30/05/2023;5;Technical Skill;Seminar;Engineering;Non-STEM General Management Le
EMP085004;;09/03/2025;27/02/2025;Arman Rohman;Training Interface;General Manager;PETROCHEMICAL;PROCUREMENT DIVISION;CORPORATE TAX DEPARTMENT;Cybersecurity Fundamental;2025;Coursera;CERT;LEAD;Online;CC8338;USD;7500000;X;FIN;NSTEM;CYBERSECURITY;;;08:00;17:00;24;3;IDR;27/02/2025;09/03/2025;4;Technical Skill;Seminar;Management Science;STEM Technical
24752;TRAIN;02/08/2023;19/07/2023;Lestari Nugroho;Self Reported;Engineer;MINING OPERATIONS;INTERNAL AUDIT DIVISION;QUALITY CONTROL DEPARTMENT;ESG Reporting;2023;GRI;DEVEL;TECH;Online;CC8961;USD;3500000;Y;HRS;NSTEM;ESG;12;CERT-61196;08:00;17:00;12;1;IDR;19/07/2023;02/08/2023;1;Technical Skill;Certification;Finance;STEM Engineering
24752;CERT;23/07/2022;16/07/2022;Lestari Nugroho;Training Interface;Engineer;MINING OPERATIONS;INTERNAL AUDIT DIVISION;QUALITY CONTROL DEPARTMENT;Risk Factor In Merger Acquisition;2022;Internal Trainer;CERT;LEAD;Surabaya HQ;CC4951;IDR;0;;FIN;STEM;M&A;0;CERT-35725;08:00;17:00;8;1;IDR;16/07/2022;23/07/2022;1;Technical Skill;Training;Engineering;Non-STEM General Management Le
25613;;05/06/2025;31/05/2025;Fina Haryadi;Training Interface;Manager;FINANCE & ACCOUNTING;INTERNAL AUDIT DIVISION;CORPORATE AFFAIRS DEPT DEPARTMENT;Pengambilan Keputusan Strategis;2025;INSEAD;DEVEL;COMPL;;CC7913;USD;0;Y;FIN;NSGML;STRATEGY;;;08:00;17:00;20;2;IDR;31/05/2025;05/06/2025;1;Leadership;Seminar;Human Capital;STEM Technical
EMP085130;CERT;19/02/2025;10/02/2025;Dewi Ertanto;Self Reported;Engineer;PROPERTY;TALENT MANAGEMENT DIVISION;PIPELINE DEPARTMENT;Pengambilan Keputusan Strategis;2025;INSEAD;TRAIN;TECH;Jakarta Office;CC7341;USD;0;X;MGS;STEM;STRATEGY;12;CERT-32245;08:00;17:00;20;2;IDR;10/02/2025;19/02/2025;1;Leadership;Seminar;Engineering;STEM Technical
13665;CERT;13/10/2023;12/10/2023;Sri Hidayat;Training Interface;Specialist;CORPORATE;TALENT MANAGEMENT DIVISION;PLANT 1 DEPARTMENT;SAP S4HANA Basic;2023;SAP Education ID;WORKSHOP;TECH;Surabaya HQ;CC6401;IDR;0;Y;HRS;NSTEM;SAP;;;08:00;17:00;32;4;IDR;12/10/2023;13/10/2023;2;Technical Skill;Certification;Human Capital;STEM Technical
EMP085436;;22/10/2023;12/10/2023;Wilda Wardhana;Self Reported;Specialist;PROPERTY;MAINTENANCE DIVISION;PLANT 1 DEPARTMENT;PMP Preparation;2023;PMI Indonesia;WORKSHOP;LEAD;Bali Resort;CC9413;USD;500000;X;MGS;NSGML;Project Management;;;08:00;17:00;32;4;IDR;12/10/2023;22/10/2023;1;Soft Skill;Workshop;Finance;STEM Engineering
EMP085241;TRAIN;24/10/2024;13/10/2024;Haris Adiputra;Training Interface;Senior Operator;AGRIBUSINESS;PROCUREMENT DIVISION;DRILLING DEPARTMENT;Leadership Essential;2024;Internal Trainer;CERT;COMPL;Online;CC4439;IDR;0;Y;MGS;NSTEM;Leadership;0;CERT-85388;08:00;17:00;16;2;IDR;13/10/2024;24/10/2024;1;Leadership;Certification;Management Science;STEM Technical
75831;TRAIN;18/01/2023;17/01/2023;Mulia Akbar;Manual Entry;Coordinator;HSE;MAINTENANCE DIVISION;ACCOUNTING DEPT DEPARTMENT;ESG Reporting;2023;GRI;TRAIN;SOFT;Bali Resort;CC2868;USD;7500000;X;HRS;NSGML;ESG;;;08:00;17:00;12;1;IDR;17/01/2023;18/01/2023;1;Technical Skill;Training;Finance;STEM Engineering
39213;;29/11/2023;23/11/2023;Yuni Wibowo;Training Interface;Senior Operator;IT;INTERNAL AUDIT DIVISION;PLANT 2 DEPARTMENT;Finance for Non Finance ;2023;Coursera;WORKSHOP;COMPL;;CC7029;USD;1500000;X;MGS;NSGML;Finance;0;CERT-66355;08:00;17:00;12;1;IDR;23/11/2023;29/11/2023;5;Technical Skill;Workshop;Human Capital;Non-STEM General Management Le
18466;CERT;22/10/2022;18/10/2022;Fitri Ramadhan;Manual Entry;General Manager;HSE;MAINTENANCE DIVISION;HR DEPT DEPARTMENT;Leadership Essential;2022;Internal Trainer;TRAIN;COMPL;Surabaya HQ;CC5009;IDR;0;Y;FIN;STEM;Leadership;;;08:00;17:00;16;2;IDR;18/10/2022;22/10/2022;3;Leadership;Seminar;Finance;STEM Engineering
EMP085209;;13/09/2025;03/09/2025;Sri Wardhana;Self Reported;Engineer;FINANCIAL SERVICES;PROCUREMENT DIVISION;LOGISTICS DEPARTMENT;Teknik Negosiasi;2025;Harvard Online;DEVEL;SOFT;;CC4327;USD;0;X;HRS;NSTEM;NEGOTIATION;36;CERT-89036;08:00;17:00;16;2;IDR;03/09/2025;13/09/2025;4;Soft Skill;Workshop;Human Capital;STEM Engineering
78933;CERT;10/03/2022;07/03/2022;Yogi Nasution;Training Interface;Section Head;ENGINEERING;INTERNAL AUDIT DIVISION;OPERATIONS DEPT DEPARTMENT;Teknik Negosiasi;2022;Harvard Online;CERT;LEAD;Bali Resort;CC1275;USD;7500000;X;HRS;NSGML;Negotiation;;;08:00;17:00;16;2;IDR;07/03/2022;10/03/2022;5;Soft Skill;Training;Finance;STEM Engineering
EMP085056;CERT;19/08/2024;16/08/2024;D. Hermawan;Self Reported;Senior Analyst;AGRIBUSINESS;ENGINEERING DIVISION;LOGISTICS DEPARTMENT;ESG Reporting;2024;GRI;TRAIN;SOFT;Online;CC4117;USD;0;Y;FIN;NSGML;ESG;0;CERT-33406;08:00;17:00;12;1;IDR;16/08/2024;19/08/2024;2;Technical Skill;Certification;Finance;STEM Engineering
88365;CERT;13/11/2023;12/11/2023;Zahra Kartono;Self Reported;Engineer;FINANCE & ACCOUNTING;TREASURY DIVISION;HSE DEPT DEPARTMENT;ms excel lanjutan;2023;kelas.work;DEVEL;LEAD;Bali Resort;CC9328;USD;1500000;;MGS;NSGML;MS Excel;12;CERT-64129;08:00;17:00;16;2;IDR;12/11/2023;13/11/2023;2;Technical Skill;Seminar;Human Capital;STEM Technical
96365;;28/02/2022;22/02/2022;Fahmi Tanjung;Training Interface;Coordinator;INFORMATION TECHNOLOGY;ENGINEERING DIVISION;OPERATIONS DEPT DEPARTMENT;Data Analytics Advance;2022;Coursera;WORKSHOP;LEAD;Jakarta Office;CC2965;USD;3500000;Y;TEC;STEM;DATA ANALYTICS;12;CERT-84863;08:00;17:00;40;5;IDR;22/02/2022;28/02/2022;3;Technical Skill;Training;Finance;Non-STEM General Management Le
EMP085402;TRAIN;10/03/2025;26/02/2025;Darmawan Nainggolan;Training Interface;General Manager;FORESTRY & PLANTATION;ENGINEERING DIVISION;RECRUITMENT DEPARTMENT;SAP S4HANA Basic;2025;SAP Education ID;DEVEL;SOFT;Bali Resort;CC8329;IDR;0;;HRS;NSTEM;SAP;;;08:00;17:00;32;4;IDR;26/02/2025;10/03/2025;4;Technical Skill;Certification;Management Science;Non-STEM General Management Le
EMP085135;CERT;29/07/2025;27/07/2025;Yanto Wahyudi;Self Reported;Department Head;FORESTRY & PLANTATION;MAINTENANCE DIVISION;HEAVY EQUIPMENT DEPARTMENT;komunikasi efektif;2025;Dale Carnegie ID;CERT;SOFT;;CC2880;IDR;0;X;FIN;NSTEM;Communication;12;CERT-48091;08:00;17:00;8;1;IDR;27/07/2025;29/07/2025;4;Soft Skill;Workshop;Management Science;STEM Technical
EMP085431;;26/11/2025;22/11/2025;Lukman Firmansyah;Training Interface;Operator;MINING OPERATIONS;TREASURY DIVISION;HEAVY EQUIPMENT DEPARTMENT;Pengambilan Keputusan Strategis;2025;INSEAD;DEVEL;LEAD;Online;CC2527;USD;3500000;X;FIN;STEM;Strategy;;;08:00;17:00;20;2;IDR;22/11/2025;26/11/2025;4;Leadership;Seminar;Finance;STEM Technical
30644;;13/12/2022;10/12/2022;F. Nugroho;Self Reported;Manager;MINING OPERATIONS;TALENT MANAGEMENT DIVISION;ENGINEERING DEPT DEPARTMENT;Teknik Negosiasi;2022;Harvard Online;TRAIN;TECH;;CC4207;USD;7500000;Y;TEC;STEM;Negotiation;0;CERT-36883;08:00;17:00;16;2;IDR;10/12/2022;13/12/2022;2;Soft Skill;Workshop;Management Science;STEM Engineering
EMP085008;CERT;23/02/2025;11/02/2025;Citra Junaedi;Manual Entry;Senior Engineer;MINING OPERATIONS;MAINTENANCE DIVISION;RECRUITMENT DEPARTMENT;Komunikasi Efektif;2025;Dale Carnegie ID;CERT;COMPL;Bali Resort;CC9154;IDR;3500000;Y;TEC;NSTEM;COMMUNICATION;;;08:00;17:00;8;1;IDR;11/02/2025;23/02/2025;3;Soft Skill;Seminar;Human Capital;STEM Engineering
EMP085352;CERT;03/04/2025;25/03/2025;Irma Jaya;Training Interface;Analyst;MINING OPERATIONS;TALENT MANAGEMENT DIVISION;HEAVY EQUIPMENT DEPARTMENT;PMP Preparation;2025;PMI Indonesia;WORKSHOP;SOFT;Bali Resort;CC5290;USD;0;X;TEC;NSGML;Project Management;24;CERT-68248;08:00;17:00;32;4;IDR;25/03/2025;03/04/2025;3;Soft Skill;Seminar;Engineering;Non-STEM General Management Le
EMP085472;TRAIN;12/05/2022;08/05/2022;Andi Chandra;Self Reported;Manager;MINING OPERATIONS;PROCUREMENT DIVISION;QUALITY CONTROL DEPARTMENT;Keselamatan Pertambangan;2022;Internal Trainer;DEVEL;LEAD;;CC1350;IDR;0;X;HRS;STEM;Safety;36;CERT-75643;08:00;17:00;16;2;IDR;08/05/2022;12/05/2022;5;Technical Skill;Certification;Engineering;STEM Technical
19420;TRAIN;22/05/2025;10/05/2025;Zain Purwanto;Training Interface;Manager;FINANCE & ACCOUNTING;TALENT MANAGEMENT DIVISION;ACCOUNTING DEPT DEPARTMENT;SAP S4HANA Basic;2025;SAP Education ID;WORKSHOP;TECH;Jakarta Office;CC8793;IDR;1500000;Y;TEC;NSTEM;SAP;0;CERT-30731;08:00;17:00;32;4;IDR;10/05/2025;22/05/2025;3;Technical Skill;Seminar;Human Capital;STEM Technical
53756;;20/07/2022;19/07/2022;Fina Guntara;Self Reported;Engineer;MINING OPERATIONS (HOLDING);PRODUCTION DIVISION;CORPORATE AFFAIRS DEPT DEPARTMENT;finance for non finance;2022;Coursera;TRAIN;LEAD;Surabaya HQ;CC1366;USD;3500000;Y;MGS;NSGML;FINANCE;24;CERT-94642;08:00;17:00;12;1;IDR;19/07/2022;20/07/2022;4;Technical Skill;Workshop;Management Science;STEM Engineering
EMP085438;CERT;15/02/2022;02/02/2022;Okky Budiman;Manual Entry;Section Head;FORESTRY & PLANTATION;MAINTENANCE DIVISION;TAX DEPARTMENT;Coaching Performance;2022;Internal Trainer;DEVEL;LEAD;;CC6096;IDR;3500000;Y;TEC;NSGML;Coaching;;;08:00;17:00;16;2;IDR;02/02/2022;15/02/2022;5;Leadership;Workshop;Engineering;STEM Engineering
EMP087012;TRAIN;02/08/2024;01/08/2024;Doni Setiawan;Self Reported;Engineer;ENERGY GROUP;MAINTENANCE DIVISION;CORPORATE PLANT 2 DEPARTMENT;Risk Factor In Merger Acquisition ;2024;Internal Trainer;CERT;SOFT;;CC5466;IDR;1500000;Y;MGS;NSGML;M&A;;;08:00;17:00;8;1;IDR;01/08/2024;02/08/2024;1;Technical Skill;Training;Finance;Non-STEM General Management Le
21841;TRAIN;09/09/2025;06/09/2025;Randa Halim;Manual Entry;Senior Analyst;SUPPLY CHAIN;TALENT MANAGEMENT DIVISION;LEGAL DEPT DEPARTMENT;ESG Reporting;2025;GRI;TRAIN;COMPL;Surabaya HQ;CC9719;USD;3500000;Y;TEC;NSTEM;ESG;36;CERT-90685;08:00;17:00;12;1;IDR;06/09/2025;09/09/2025;5;Technical Skill;Seminar;Engineering;Non-STEM General Management Le
EMP085138;;10/04/2023;06/04/2023;Eko Widodo;Training Interface;Coordinator;AGRIBUSINESS;PRODUCTION DIVISION;PIPELINE DEPARTMENT;MS Excel Lanjutan;2023;kelas.work;CERT;LEAD;;CC6319;USD;500000;;HRS;NSTEM;MS Excel;;;08:00;17:00;16;2;IDR;06/04/2023;10/04/2023;2;Technical Skill;Training;Human Capital;STEM Technical
EMP085216;;17/07/2024;16/07/2024;Lisa Cokro;Self Reported;Senior Engineer;PETROCHEMICAL;PROCUREMENT DIVISION;PLANT 1 DEPARTMENT;Strategi Transformasi Digital ;2024;MIT Sloan Executive;TRAIN;SOFT;Bali Resort;CC3172;USD;500000;;HRS;NSTEM;DIGITAL STRATEGY;24;CERT-27836;08:00;17:00;24;3;IDR;16/07/2024;17/07/2024;1;Leadership;Workshop;Management Science;STEM Technical
50621;TRAIN;20/02/2024;11/02/2024;Vina Wijaya;Self Reported;Department Head;LEGAL & COMPLIANCE;TREASURY DIVISION;ENGINEERING DEPT DEPARTMENT;Keselamatan Pertambangan;2024;Internal Trainer;DEVEL;LEAD;Jakarta Office;CC9866;IDR;500000;Y;TEC;NSGML;Safety;12;CERT-88227;08:00;17:00;16;2;IDR;11/02/2024;20/02/2024;4;Technical Skill;Seminar;Engineering;STEM Engineering
76190;TRAIN;27/04/2022;18/04/2022;Galih Zulkarnain;Self Reported;Department Head;HUMAN RESOURCES;TALENT MANAGEMENT DIVISION;ACCOUNTING DEPT DEPARTMENT;Coaching Performance;2022;Internal Trainer;DEVEL;LEAD;Surabaya HQ;CC1302;IDR;3500000;X;FIN;STEM;Coaching;36;CERT-82562;08:00;17:00;16;2;IDR;18/04/2022;27/04/2022;3;Leadership;Workshop;Engineering;Non-STEM General Management Le
EMP085088;CERT;02/07/2024;25/06/2024;Veri Rohman;Self Reported;Senior Engineer;AGRIBUSINESS;PROCUREMENT DIVISION;PLANT 2 DEPARTMENT;ESG Reporting;2024;GRI;CERT;TECH;Surabaya HQ;CC6271;USD;0;X;FIN;NSGML;ESG;12;CERT-45794;08:00;17:00;12;1;IDR;25/06/2024;02/07/2024;2;Technical Skill;Certification;Finance;STEM Technical
44492;CERT;26/09/2022;22/09/2022;Dian Halim;Self Reported;Engineer;HUMAN RESOURCES;PROCUREMENT DIVISION;TAX DEPARTMENT;Leadership Essential;2022;Internal Trainer;DEVEL;SOFT;Online;CC6826;IDR;3500000;X;TEC;NSTEM;Leadership;;;08:00;17:00;16;2;IDR;22/09/2022;26/09/2022;1;Leadership;Training;Management Science;STEM Technical
16061;TRAIN;02/11/2022;01/11/2022;VICTOR DIANTO;Self Reported;Specialist;INFORMATION TECHNOLOGY;INTERNAL AUDIT DIVISION;FINANCE DEPT DEPARTMENT;MS Excel Lanjutan;2022;kelas.work;TRAIN;LEAD;Surabaya HQ;CC4755;USD;3500000;;TEC;NSTEM;MS EXCEL;;;08:00;17:00;16;2;IDR;01/11/2022;02/11/2022;1;Technical Skill;Certification;Finance;STEM Technical
EMP089030;TRAIN;06/02/2023;05/02/2023;Fahmi Halim;Self Reported;Manager;TRADING;TREASURY DIVISION;LOGISTICS DEPARTMENT;Risk Factor In Merger Acquisition;2023;Internal Trainer;TRAIN;COMPL;Online;CC8293;IDR;3500000;X;TEC;NSTEM;M&A;24;CERT-96539;08:00;17:00;8;1;IDR;05/02/2023;06/02/2023;2;Technical Skill;Training;Management Science;STEM Engineering
EMP085099;TRAIN;21/10/2025;12/10/2025;Employee EMP085099;Self Reported;Officer;TRADING;PROCUREMENT DIVISION;DRILLING DEPARTMENT;SAP S4HANA Basic;2025;SAP Education ID;WORKSHOP;TECH;Online;CC8612;IDR;3500000;;MGS;NSTEM;SAP;;;08:00;17:00;32;4;IDR;12/10/2025;21/10/2025;2;Technical Skill;Seminar;Finance;Non-STEM General Management Le
EMP085028;CERT;29/05/2024;15/05/2024;RAHMAD SIREGAR;Manual Entry;Senior Operator;ENERGY GROUP;MAINTENANCE DIVISION;RECRUITMENT DEPARTMENT;esg reporting;2024;GRI;TRAIN;TECH;;CC6370;USD;1500000;;MGS;STEM;ESG;;;08:00;17:00;12;1;IDR;15/05/2024;29/05/2024;1;Technical Skill;Certification;Human Capital;Non-STEM General Management Le
83788;CERT;13/12/2022;11/12/2022;Sri Nainggolan;Manual Entry;Department Head;SUPPLY CHAIN;PRODUCTION DIVISION;IT DEPT DEPARTMENT;finance for non finance;2022;Coursera;WORKSHOP;SOFT;Online;CC8945;USD;500000;Y;HRS;NSTEM;Finance;0;CERT-92882;08:00;17:00;12;1;IDR;11/12/2022;13/12/2022;2;Technical Skill;Workshop;Management Science;STEM Engineering
EMP085187;TRAIN;25/08/2023;13/08/2023;Xena Ilham;Manual Entry;Supervisor;CORPORATE CENTER;ENGINEERING DIVISION;HEAVY EQUIPMENT DEPARTMENT;ms excel lanjutan;2023;kelas.work;CERT;COMPL;Online;CC5806;USD;7500000;;TEC;STEM;MS Excel;24;CERT-55068;08:00;17:00;16;2;IDR;13/08/2023;25/08/2023;4;Technical Skill;Workshop;Engineering;STEM Technical
EMP085235;CERT;23/05/2025;19/05/2025;Dewi Tanjung;Self Reported;Section Head;AGRIBUSINESS;TREASURY DIVISION;DRILLING DEPARTMENT;ESG Reporting;2025;GRI;CERT;SOFT;Online;CC3835;USD;3500000;X;TEC;STEM;ESG;24;CERT-57128;08:00;17:00;12;1;IDR;19/05/2025;23/05/2025;2;Technical Skill;Workshop;Management Science;STEM Technical
EMP085187;CERT;30/11/2023;23/11/2023;Xena Ilham;Self Reported;Supervisor;CORPORATE CENTER;ENGINEERING DIVISION;HEAVY EQUIPMENT DEPARTMENT;SAP S4HANA Basic;2023;SAP Education ID;CERT;LEAD;Jakarta Office;CC5382;IDR;500000;X;MGS;NSTEM;SAP;36;CERT-39712;08:00;17:00;32;4;IDR;23/11/2023;30/11/2023;4;Technical Skill;Training;Management Science;STEM Engineering
EMP085471;;20/03/2024;08/03/2024;Pitra Mahendra;Self Reported;Officer;FINANCIAL SERVICES;INTERNAL AUDIT DIVISION;LOGISTICS DEPARTMENT;MS Excel Lanjutan;2024;kelas.work;CERT;TECH;Online;CC8384;USD;500000;;HRS;STEM;MS Excel;;;08:00;17:00;16;2;IDR;08/03/2024;20/03/2024;4;Technical Skill;Certification;Finance;Non-STEM General Management Le
EMP085187;CERT;07/07/2022;26/06/2022;Xena Ilham;Training Interface;Supervisor;CORPORATE CENTER;ENGINEERING DIVISION;HEAVY EQUIPMENT DEPARTMENT;Teknik Negosiasi;2022;Harvard Online;WORKSHOP;COMPL;Bali Resort;CC4845;USD;7500000;X;MGS;NSGML;NEGOTIATION;24;CERT-32713;08:00;17:00;16;2;IDR;26/06/2022;07/07/2022;3;Soft Skill;Workshop;Engineering;STEM Engineering
EMP085308;CERT;17/04/2023;14/04/2023;Eko Halim;Training Interface;Coordinator;PROPERTY;TREASURY DIVISION;PLANT 1 DEPARTMENT;ESG Reporting;2023;GRI;DEVEL;TECH;Bali Resort;CC3290;USD;0;Y;MGS;NSGML;ESG;;;08:00;17:00;12;1;IDR;14/04/2023;17/04/2023;2;Technical Skill;Training;Human Capital;STEM Technical
EMP085447;CERT;22/04/2024;16/04/2024;FERI BUDIMAN;Training Interface;Coordinator;LOGISTICS;INTERNAL AUDIT DIVISION;HEAVY EQUIPMENT DEPARTMENT;Keselamatan Pertambangan;2024;Internal Trainer;WORKSHOP;LEAD;;CC7752;IDR;500000;X;HRS;NSGML;SAFETY;;;08:00;17:00;16;2;IDR;16/04/2024;22/04/2024;2;Technical Skill;Seminar;Human Capital;Non-STEM General Management Le
EMP085312;CERT;23/07/2023;17/07/2023;Ivan Permadi;Self Reported;Analyst;ENERGY GROUP;INTERNAL AUDIT DIVISION;PLANT 1 DEPARTMENT;PMP Preparation;2023;PMI Indonesia;TRAIN;COMPL;Bali Resort;CC8447;USD;7500000;Y;MGS;STEM;Project Management;;;08:00;17:00;32;4;IDR;17/07/2023;23/07/2023;1;Soft Skill;Training;Engineering;Non-STEM General Management Le
38096;CERT;12/11/2024;07/11/2024;Eka Tanjung;Training Interface;Section Head;SUPPLY CHAIN;INTERNAL AUDIT DIVISION;ENGINEERING DEPT DEPARTMENT;Cybersecurity Fundamental;2024;Coursera;TRAIN;TECH;Surabaya HQ;CC8676;USD;500000;X;MGS;STEM;CYBERSECURITY;12;CERT-71249;08:00;17:00;24;3;IDR;07/11/2024;12/11/2024;4;Technical Skill;Certification;Finance;STEM Engineering
EMP085434;TRAIN;15/04/2022;10/04/2022;Veri Utama;Training Interface;Senior Analyst;TRADING;TALENT MANAGEMENT DIVISION;PLANT 2 DEPARTMENT;Strategi Transformasi Digital ;2022;MIT Sloan Executive;CERT;TECH;Jakarta Office;CC7841;USD;3500000;Y;FIN;NSTEM;DIGITAL STRATEGY;;;08:00;17:00;24;3;IDR;10/04/2022;15/04/2022;3;Leadership;Seminar;Human Capital;STEM Engineering
EMP085160;;09/03/2025;02/03/2025;Cika Wijaya;Training Interface;Coordinator;FINANCIAL SERVICES;ENGINEERING DIVISION;RECRUITMENT DEPARTMENT;ESG Reporting;2025;GRI;TRAIN;COMPL;Surabaya HQ;CC6020;USD;0;Y;MGS;STEM;ESG;;;08:00;17:00;12;1;IDR;02/03/2025;09/03/2025;4;Technical Skill;Training;Engineering;Non-STEM General Management Le
EMP085255;;02/12/2022;20/11/2022;Tara Tambunan;Manual Entry;Senior Analyst;MINING OPERATIONS;INTERNAL AUDIT DIVISION;PIPELINE DEPARTMENT;finance for non finance;2022;Coursera;CERT;TECH;Surabaya HQ;CC1244;USD;0;X;MGS;NSTEM;Finance;12;CERT-69217;08:00;17:00;12;1;IDR;20/11/2022;02/12/2022;3;Technical Skill;Seminar;Management Science;Non-STEM General Management Le
EMP085377;TRAIN;26/07/2023;21/07/2023;Hadi Santoso;Training Interface;Supervisor;FINANCIAL SERVICES;TALENT MANAGEMENT DIVISION;PLANT 1 DEPARTMENT;teknik negosiasi;2023;Harvard Online;TRAIN;SOFT;;CC9930;USD;1500000;Y;MGS;STEM;Negotiation;24;CERT-67993;08:00;17:00;16;2;IDR;21/07/2023;26/07/2023;4;Soft Skill;Certification;Finance;STEM Engineering
EMP085334;TRAIN;03/10/2025;02/10/2025;Dian Effendi;Self Reported;Officer;FINANCIAL SERVICES;PRODUCTION DIVISION;HEAVY EQUIPMENT DEPARTMENT;Finance for Non Finance;2025;Coursera;CERT;LEAD;;CC9664;USD;0;;FIN;NSGML;Finance;;;08:00;17:00;12;1;IDR;02/10/2025;03/10/2025;2;Technical Skill;Seminar;Management Science;Non-STEM General Management Le
EMP085287;CERT;08/12/2025;24/11/2025;Putri Cahyadi;Self Reported;Manager;PETROCHEMICAL;MAINTENANCE DIVISION;DRILLING DEPARTMENT;Teknik Negosiasi;2025;Harvard Online;WORKSHOP;COMPL;Jakarta Office;CC8624;USD;7500000;X;FIN;NSGML;NEGOTIATION;;;08:00;17:00;16;2;IDR;24/11/2025;08/12/2025;1;Soft Skill;Workshop;Finance;STEM Technical
70292;CERT;12/03/2022;03/03/2022;Maya Hermawan;Manual Entry;Department Head;SUPPLY CHAIN;MAINTENANCE DIVISION;AFFAIRS DEPT DEPARTMENT;Pengambilan Keputusan Strategis;2022;INSEAD;CERT;SOFT;Online;CC2970;USD;0;X;FIN;NSTEM;Strategy;;;08:00;17:00;20;2;IDR;03/03/2022;12/03/2022;1;Leadership;Certification;Finance;Non-STEM General Management Le
EMP085489;CERT;21/09/2023;19/09/2023;Bambang Gunawan;Manual Entry;Supervisor;MINING OPERATIONS;INTERNAL AUDIT DIVISION;QUALITY CONTROL DEPARTMENT;Keselamatan Pertambangan;2023;Internal Trainer;WORKSHOP;SOFT;Online;CC6767;IDR;1500000;X;MGS;NSTEM;SAFETY;24;CERT-10348;08:00;17:00;16;2;IDR;19/09/2023;21/09/2023;5;Technical Skill;Seminar;Management Science;Non-STEM General Management Le
EMP089031;TRAIN;26/10/2023;19/10/2023;Rina Gunawan;Self Reported;Engineer;ENERGY GROUP;TREASURY DIVISION;DRILLING DEPARTMENT;ESG Reporting;2023;GRI;WORKSHOP;SOFT;Surabaya HQ;CC1394;USD;0;;FIN;STEM;ESG;0;CERT-74418;08:00;17:00;12;1;IDR;19/10/2023;26/10/2023;1;Technical Skill;Workshop;Finance;Non-STEM General Management Le
EMP085413;TRAIN;09/04/2023;01/04/2023;Benny Budiman;Self Reported;Engineer;TRADING;MAINTENANCE DIVISION;PAYROLL DEPARTMENT;Keselamatan Pertambangan;2023;Internal Trainer;DEVEL;SOFT;Surabaya HQ;CC4247;IDR;1500000;;TEC;NSTEM;Safety;;;08:00;17:00;16;2;IDR;01/04/2023;09/04/2023;5;Technical Skill;Workshop;Finance;STEM Engineering
84478;TRAIN;14/05/2025;12/05/2025;Rahmad Jaya;Training Interface;Specialist;CORPORATE AFFAIRS;INTERNAL AUDIT DIVISION;CORPORATE AFFAIRS DEPT DEPARTMENT;data analytics advance;2025;Coursera;CERT;LEAD;Jakarta Office;CC8641;USD;0;Y;HRS;NSTEM;Data Analytics;0;CERT-26522;08:00;17:00;40;5;IDR;12/05/2025;14/05/2025;3;Technical Skill;Workshop;Management Science;STEM Technical
94933;CERT;04/01/2023;24/12/2022;Bambang Kusuma;Self Reported;Engineer;CORPORATE AFFAIRS;MAINTENANCE DIVISION;ENGINEERING DEPT DEPARTMENT;Leadership Essential;2022;Internal Trainer;CERT;LEAD;Surabaya HQ;CC7161;IDR;1500000;X;MGS;STEM;Leadership;24;CERT-29976;08:00;17:00;16;2;IDR;24/12/2022;04/01/2023;3;Leadership;Certification;Management Science;Non-STEM General Management Le
EMP087040;CERT;18/07/2023;05/07/2023;Andi Setiawan;Self Reported;Senior Analyst;PETROCHEMICAL;INTERNAL AUDIT DIVISION;PAYROLL DEPARTMENT;PMP Preparation;2023;PMI Indonesia;CERT;LEAD;Jakarta Office;CC9353;USD;3500000;X;MGS;STEM;Project Management;24;CERT-51505;08:00;17:00;32;4;IDR;05/07/2023;18/07/2023;4;Soft Skill;Seminar;Finance;Non-STEM General Management Le
69362;TRAIN;10/09/2024;01/09/2024;Hendra Tanjung;Training Interface;Senior Analyst;MINING OPERATIONS;INTERNAL AUDIT DIVISION;OPERATIONS DEPT DEPARTMENT;Strategi Transformasi Digital;2024;MIT Sloan Executive;WORKSHOP;COMPL;Bali Resort;CC5270;USD;7500000;;HRS;NSTEM;DIGITAL STRATEGY;36;CERT-20019;08:00;17:00;24;3;IDR;01/09/2024;10/09/2024;4;Leadership;Workshop;Human Capital;STEM Engineering
37793;CERT;22/07/2022;18/07/2022;Yuni Darwis;Manual Entry;Coordinator;ENGINEERING;PRODUCTION OPERATIONS DIVISION;ACCOUNTING DEPT DEPARTMENT;MS Excel Lanjutan;2022;kelas.work;WORKSHOP;COMPL;;CC6386;USD;7500000;;TEC;STEM;MS Excel;0;CERT-52547;08:00;17:00;16;2;IDR;18/07/2022;22/07/2022;3;Technical Skill;Certification;Finance;STEM Technical
54735;CERT;08/02/2025;03/02/2025;Eko Salim;Manual Entry;Coordinator;INFORMATION TECHNOLOGY;INTERNAL AUDIT DIVISION;ACCOUNTING DEPT DEPARTMENT;Cybersecurity Fundamental;2025;Coursera;TRAIN;TECH;Bali Resort;CC7731;USD;1500000;;TEC;STEM;CYBERSECURITY;;;08:00;17:00;24;3;IDR;03/02/2025;08/02/2025;2;Technical Skill;Workshop;Finance;STEM Engineering
92321;;09/02/2022;08/02/2022;Bayu Setiawan;Manual Entry;Specialist;CORPORATE;INTERNAL AUDIT DIVISION;PLANT 2 DEPARTMENT;ESG Reporting;2022;GRI;CERT;COMPL;Online;CC6810;USD;500000;;HRS;NSGML;ESG;12;CERT-65987;08:00;17:00;12;1;IDR;08/02/2022;09/02/2022;3;Technical Skill;Workshop;Management Science;Non-STEM General Management Le
92400;CERT;26/07/2022;14/07/2022;Cahyo Atmaja;Training Interface;Analyst;LEGAL & COMPLIANCE;ENGINEERING DIVISION;IT DEPT DEPARTMENT;Coaching Performance;2022;Internal Trainer;CERT;COMPL;Bali Resort;CC5868;IDR;3500000;;HRS;STEM;COACHING;;;08:00;17:00;16;2;IDR;14/07/2022;26/07/2022;4;Leadership;Training;Management Science;STEM Engineering
36786;;10/10/2024;06/10/2024;S. Rohman;Self Reported;Officer;FINANCE & ACCOUNTING;ENGINEERING DIVISION;HR DEPT DEPARTMENT;Risk Factor In Merger Acquisition ;2024;Internal Trainer;CERT;LEAD;;CC9161;IDR;0;;MGS;NSGML;M&A;36;CERT-61522;08:00;17:00;8;1;IDR;06/10/2024;10/10/2024;1;Technical Skill;Workshop;Engineering;STEM Technical
emp085301;TRAIN;16/10/2024;13/10/2024;Rina Permadi;Manual Entry;Analyst;MINING OPERATIONS;MAINTENANCE DIVISION;HEAVY EQUIPMENT DEPARTMENT;SAP S4HANA Basic;2024;SAP Education ID;WORKSHOP;SOFT;Bali Resort;CC6488;IDR;3500000;X;HRS;NSTEM;SAP;;;08:00;17:00;32;4;IDR;13/10/2024;16/10/2024;1;Technical Skill;Seminar;Engineering;STEM Engineering
81837;;27/11/2022;23/11/2022;Arman Manurung;Training Interface;Analyst;HSE;MAINTENANCE DIVISION;OPERATIONS DEPT DEPARTMENT;SAP S4HANA Basic;2022;SAP Education ID;TRAIN;SOFT;Jakarta Office;CC3202;IDR;0;Y;TEC;NSTEM;SAP;12;CERT-78198;08:00;17:00;32;4;IDR;23/11/2022;27/11/2022;2;Technical Skill;Training;Engineering;Non-STEM General Management Le
EMP085206;CERT;15/03/2024;10/03/2024;Julia Hidayat;Self Reported;Operator;FINANCIAL SERVICES;PROCUREMENT DIVISION;CORPORATE RECRUITMENT DEPARTMENT;Cybersecurity Fundamental;2024;Coursera;CERT;TECH;Online;CC7607;USD;500000;X;FIN;STEM;Cybersecurity;;;08:00;17:00;24;3;IDR;10/03/2024;15/03/2024;2;Technical Skill;Certification;Engineering;STEM Engineering
44492;TRAIN;23/09/2023;17/09/2023;Dian Halim;Manual Entry;Engineer;HUMAN RESOURCES;PROCUREMENT DIVISION;TAX DEPARTMENT;coaching performance;2023;Internal Trainer;WORKSHOP;LEAD;Surabaya HQ;CC6644;IDR;1500000;;HRS;NSGML;Coaching;;;08:00;17:00;16;2;IDR;17/09/2023;23/09/2023;1;Leadership;Workshop;Engineering;STEM Technical
EMP087039;TRAIN;30/08/2024;21/08/2024;Siti Setiawan;Self Reported;Senior Engineer;FORESTRY & PLANTATION;TREASURY DIVISION;PAYROLL DEPARTMENT;Teknik Negosiasi;2024;Harvard Online;DEVEL;LEAD;Surabaya HQ;CC6414;USD;500000;X;TEC;STEM;Negotiation;;;08:00;17:00;16;2;IDR;21/08/2024;30/08/2024;3;Soft Skill;Workshop;Management Science;Non-STEM General Management Le
95829;CERT;09/12/2023;04/12/2023;Eka Cokro;Self Reported;Manager;LEGAL & COMPLIANCE;TALENT MANAGEMENT DIVISION;HSE DEPT DEPARTMENT;Leadership Essential;2023;Internal Trainer;WORKSHOP;SOFT;Jakarta Office;CC2678;IDR;500000;;MGS;NSTEM;LEADERSHIP;;;08:00;17:00;16;2;IDR;04/12/2023;09/12/2023;3;Leadership;Certification;Engineering;Non-STEM General Management Le
EMP085088;CERT;26/04/2023;21/04/2023;Veri Rohman;Self Reported;Senior Engineer;AGRIBUSINESS;PROCUREMENT DIVISION;PLANT 2 DEPARTMENT;Cybersecurity Fundamental;2023;Coursera;TRAIN;COMPL;Surabaya HQ;CC6212;USD;7500000;Y;TEC;NSGML;Cybersecurity;;;08:00;17:00;24;3;IDR;21/04/2023;26/04/2023;1;Technical Skill;Certification;Human Capital;Non-STEM General Management Le
EMP085065;TRAIN;26/05/2023;22/05/2023;Haris Octavian;Training Interface;Officer;CORPORATE CENTER;TALENT MANAGEMENT DIVISION;CORPORATE LOGISTICS DEPARTMENT;data analytics advance;2023;Coursera;CERT;LEAD;Bali Resort;CC1972;USD;0;X;HRS;STEM;DATA ANALYTICS;0;CERT-31990;08:00;17:00;40;5;IDR;22/05/2023;26/05/2023;2;Technical Skill;Seminar;Finance;STEM Engineering
54699;;29/04/2022;26/04/2022;Qomar Wahab;Manual Entry;Senior Analyst;CORPORATE;TREASURY DIVISION;FINANCE DEPT DEPARTMENT;Strategi Transformasi Digital;2022;MIT Sloan Executive;DEVEL;LEAD;Surabaya HQ;CC1143;USD;1500000;;MGS;NSTEM;DIGITAL STRATEGY;;;08:00;17:00;24;3;IDR;26/04/2022;29/04/2022;5;Leadership;Workshop;Human Capital;STEM Engineering
76760;CERT;03/08/2022;27/07/2022;Arman Dianto;Training Interface;Engineer;FINANCE & ACCOUNTING;ENGINEERING DIVISION;ACCOUNTING DEPT DEPARTMENT;SAP S4HANA Basic;2022;SAP Education ID;CERT;COMPL;Online;CC2830;IDR;0;X;FIN;NSGML;SAP;12;CERT-44224;08:00;17:00;32;4;IDR;27/07/2022;03/08/2022;4;Technical Skill;Seminar;Human Capital;STEM Technical
31595;TRAIN;05/01/2022;03/01/2022;Hendra Usman;Self Reported;Senior Operator;HUMAN RESOURCES;TALENT MANAGEMENT DIVISION;OPERATIONS DEPT DEPARTMENT;Teknik Negosiasi;2022;Harvard Online;CERT;LEAD;;CC2103;USD;0;X;HRS;STEM;NEGOTIATION;24;CERT-92475;08:00;17:00;16;2;IDR;03/01/2022;05/01/2022;3;Soft Skill;Workshop;Human Capital;Non-STEM General Management Le
EMP085270;TRAIN;08/08/2024;26/07/2024;Victor Rohman;Manual Entry;Manager;ENERGY GROUP;INTERNAL AUDIT DIVISION;HEAVY EQUIPMENT DEPARTMENT;Cybersecurity Fundamental;2024;Coursera;TRAIN;LEAD;Jakarta Office;CC3828;USD;3500000;X;MGS;NSGML;Cybersecurity;;;08:00;17:00;24;3;IDR;26/07/2024;08/08/2024;2;Technical Skill;Certification;Finance;STEM Engineering
36786;TRAIN;27/11/2022;13/11/2022;S. Rohman;Manual Entry;Officer;FINANCE & ACCOUNTING;ENGINEERING DIVISION;HR DEPT DEPARTMENT;Finance for Non Finance ;2022;Coursera;WORKSHOP;COMPL;;CC4950;USD;7500000;;MGS;STEM;FINANCE;12;CERT-14285;08:00;17:00;12;1;IDR;13/11/2022;27/11/2022;4;Technical Skill;Training;Human Capital;Non-STEM General Management Le
EMP089039;CERT;17/06/2022;09/06/2022;Rina Atmaja;Manual Entry;Senior Operator;AGRIBUSINESS;PROCUREMENT DIVISION;DRILLING DEPARTMENT;Pengambilan Keputusan Strategis;2022;INSEAD;CERT;LEAD;Surabaya HQ;CC8159;USD;1500000;;TEC;NSTEM;Strategy;36;CERT-19487;08:00;17:00;20;2;IDR;09/06/2022;17/06/2022;2;Leadership;Certification;Engineering;STEM Technical
EMP085001;CERT;19/02/2022;13/02/2022;Reza Junaedi;Training Interface;General Manager;TRADING;TREASURY DIVISION;PIPELINE DEPARTMENT;Finance for Non Finance;2022;Coursera;CERT;SOFT;Jakarta Office;CC7897;USD;7500000;Y;HRS;NSTEM;Finance;36;CERT-94524;08:00;17:00;12;1;IDR;13/02/2022;19/02/2022;2;Technical Skill;Training;Human Capital;STEM Technical
EMP085113;;09/03/2025;27/02/2025;Yanto Cokro;Training Interface;Officer;TRADING;TREASURY DIVISION;DRILLING DEPARTMENT;Cybersecurity Fundamental;2025;Coursera;WORKSHOP;COMPL;Jakarta Office;CC1662;USD;0;;FIN;STEM;Cybersecurity;12;CERT-65382;08:00;17:00;24;3;IDR;27/02/2025;09/03/2025;4;Technical Skill;Training;Finance;STEM Technical
30574;CERT;07/06/2022;01/06/2022;Arief Dianto;Self Reported;Coordinator;SUPPLY CHAIN;ENGINEERING DIVISION;LEGAL DEPT DEPARTMENT;ESG Reporting;2022;GRI;TRAIN;SOFT;Surabaya HQ;CC2390;USD;3500000;Y;FIN;STEM;ESG;24;CERT-86952;08:00;17:00;12;1;IDR;01/06/2022;07/06/2022;2;Technical Skill;Workshop;Engineering;STEM Engineering
46927;TRAIN;21/11/2024;07/11/2024;Oscar Dianto;Manual Entry;Senior Engineer;ENGINEERING;TALENT MANAGEMENT DIVISION;OPERATIONS DEPT DEPARTMENT;PMP Preparation;2024;PMI Indonesia;TRAIN;LEAD;;CC9807;USD;0;X;FIN;STEM;PROJECT MANAGEMENT;;;08:00;17:00;32;4;IDR;07/11/2024;21/11/2024;2;Soft Skill;Workshop;Management Science;STEM Technical
EMP085028;;12/06/2025;30/05/2025;RAHMAD SIREGAR;Manual Entry;Senior Operator;ENERGY GROUP;MAINTENANCE DIVISION;RECRUITMENT DEPARTMENT;Teknik Negosiasi;2025;Harvard Online;TRAIN;TECH;Surabaya HQ;CC4434;USD;0;;FIN;STEM;NEGOTIATION;12;CERT-11703;08:00;17:00;16;2;IDR;30/05/2025;12/06/2025;3;Soft Skill;Seminar;Finance;Non-STEM General Management Le
EMP085135;CERT;12/07/2023;02/07/2023;Yanto Wahyudi;Manual Entry;Department Head;FORESTRY & PLANTATION;MAINTENANCE DIVISION;HEAVY EQUIPMENT DEPARTMENT;MS Excel Lanjutan;2023;kelas.work;CERT;TECH;Online;CC7369;USD;0;X;HRS;NSGML;MS EXCEL;0;CERT-83400;08:00;17:00;16;2;IDR;02/07/2023;12/07/2023;3;Technical Skill;Seminar;Finance;STEM Technical
EMP085186;;02/08/2022;22/07/2022;Fahmi Jaya;Self Reported;Coordinator;TRADING;PROCUREMENT OPERATIONS DIVISION;QUALITY CONTROL DEPARTMENT;Keselamatan Pertambangan;2022;Internal Trainer;TRAIN;COMPL;Online;CC7386;IDR;1500000;Y;TEC;NSGML;SAFETY;;;08:00;17:00;16;2;IDR;22/07/2022;02/08/2022;3;Technical Skill;Training;Human Capital;STEM Technical
84478;TRAIN;20/08/2024;08/08/2024;Rahmad Jaya;Self Reported;Specialist;CORPORATE AFFAIRS;INTERNAL AUDIT DIVISION;CORPORATE AFFAIRS DEPT DEPARTMENT;SAP S4HANA Basic;2024;SAP Education ID;TRAIN;SOFT;Bali Resort;CC9604;IDR;3500000;X;MGS;NSTEM;SAP;24;CERT-90073;08:00;17:00;32;4;IDR;08/08/2024;20/08/2024;5;Technical Skill;Workshop;Management Science;STEM Technical
EMP085449;;16/03/2024;12/03/2024;Leni Effendi;Training Interface;Senior Analyst;FINANCIAL SERVICES;PRODUCTION DIVISION;PIPELINE DEPARTMENT;Keselamatan Pertambangan;2024;Internal Trainer;WORKSHOP;LEAD;Jakarta Office;CC5952;IDR;500000;;TEC;NSGML;SAFETY;;;08:00;17:00;16;2;IDR;12/03/2024;16/03/2024;2;Technical Skill;Workshop;Human Capital;Non-STEM General Management Le
EMP089014;TRAIN;;;Yuni Pratama;Training Interface;General Manager;FINANCIAL SERVICES;;;Teknik Negosiasi;2024;Harvard Online;CERT;LEAD;Surabaya HQ;CC8829;USD;7500000;;TEC;NSTEM;Negotiation;;;08:00;17:00;16;2;IDR;;;5;Soft Skill;Workshop;Human Capital;STEM Technical
EMP085163;CERT;15/07/2024;01/07/2024;Employee EMP085163;Self Reported;General Manager;FINANCIAL SERVICES;TREASURY DIVISION;PLANT 2 DEPARTMENT;Keselamatan Pertambangan;2024;Internal Trainer;WORKSHOP;LEAD;Bali Resort;CC2311;IDR;0;Y;TEC;NSGML;SAFETY;12;CERT-46267;08:00;17:00;16;2;IDR;01/07/2024;15/07/2024;1;Technical Skill;Training;Finance;STEM Technical
EMP085162;CERT;09/09/2024;04/09/2024;Hadi Zulkarnain;Training Interface;Specialist;LOGISTICS;MAINTENANCE DIVISION;QUALITY CONTROL DEPARTMENT;Data Analytics Advance;2024;Coursera;TRAIN;LEAD;Jakarta Office;CC9235;USD;7500000;;FIN;STEM;DATA ANALYTICS;24;CERT-62315;08:00;17:00;40;5;IDR;04/09/2024;09/09/2024;2;Technical Skill;Training;Management Science;STEM Technical
59715;TRAIN;27/05/2025;17/05/2025;Putri Permadi;Manual Entry;Specialist;FINANCE & ACCOUNTING;PROCUREMENT DIVISION;FINANCE DEPT DEPARTMENT;ESG Reporting ;2025;GRI;TRAIN;SOFT;;CC7880;USD;7500000;Y;HRS;STEM;ESG;36;CERT-61237;08:00;17:00;12;1;IDR;17/05/2025;27/05/2025;1;Technical Skill;Seminar;Engineering;STEM Technical
54699;TRAIN;14/10/2023;07/10/2023;Qomar Wahab;Self Reported;Senior Analyst;CORPORATE;TREASURY DIVISION;FINANCE DEPT DEPARTMENT;komunikasi efektif;2023;Dale Carnegie ID;TRAIN;TECH;Jakarta Office;CC2341;IDR;500000;X;HRS;NSTEM;Communication;;;08:00;17:00;8;1;IDR;07/10/2023;14/10/2023;5;Soft Skill;Workshop;Management Science;STEM Technical
46936;CERT;29/04/2024;20/04/2024;Rina Kusuma;Self Reported;Specialist;FINANCE & ACCOUNTING;INTERNAL AUDIT DIVISION;PAYROLL DEPARTMENT;MS Excel Lanjutan;2024;kelas.work;WORKSHOP;LEAD;Bali Resort;CC6258;USD;0;X;TEC;NSTEM;MS EXCEL;;;08:00;17:00;16;2;IDR;20/04/2024;29/04/2024;5;Technical Skill;Workshop;Management Science;Non-STEM General Management Le
EMP085306;CERT;13/09/2023;12/09/2023;Benny Zainal;Self Reported;Coordinator;CORPORATE CENTER;TREASURY DIVISION;PIPELINE DEPARTMENT;Coaching Performance ;2023;Internal Trainer;DEVEL;TECH;Jakarta Office;CC8353;IDR;0;;FIN;NSGML;Coaching;;;08:00;17:00;16;2;IDR;12/09/2023;13/09/2023;1;Leadership;Training;Engineering;Non-STEM General Management Le
EMP085275;;09/04/2022;07/04/2022;Employee EMP085275;Manual Entry;Specialist;TRADING;PROCUREMENT DIVISION;DRILLING DEPARTMENT;keselamatan pertambangan;2022;Internal Trainer;WORKSHOP;COMPL;;CC7029;IDR;500000;Y;TEC;NSGML;SAFETY;;;08:00;17:00;16;2;IDR;07/04/2022;09/04/2022;4;Technical Skill;Seminar;Management Science;STEM Engineering
EMP085470;CERT;19/06/2025;08/06/2025;Toni Cokro;Self Reported;Supervisor;CORPORATE CENTER;INTERNAL AUDIT DIVISION;PAYROLL DEPARTMENT;MS Excel Lanjutan;2025;kelas.work;WORKSHOP;TECH;Bali Resort;CC4340;USD;7500000;X;MGS;NSTEM;MS Excel;36;CERT-51702;08:00;17:00;16;2;IDR;08/06/2025;19/06/2025;1;Technical Skill;Workshop;Management Science;Non-STEM General Management Le
EMP085072;CERT;17/05/2024;14/05/2024;Yola Yusuf;Manual Entry;Specialist;LOGISTICS;PROCUREMENT DIVISION;QUALITY CONTROL DEPARTMENT;pmp preparation;2024;PMI Indonesia;CERT;LEAD;Surabaya HQ;CC2901;USD;0;;HRS;NSTEM;PROJECT MANAGEMENT;;;08:00;17:00;32;4;IDR;14/05/2024;17/05/2024;2;Soft Skill;Training;Human Capital;STEM Engineering
30824;CERT;03/10/2025;21/09/2025;Victor Darwis;Self Reported;General Manager;ENGINEERING;MAINTENANCE DIVISION;ENGINEERING DEPT DEPARTMENT;Finance for Non Finance;2025;Coursera;DEVEL;LEAD;Bali Resort;CC2587;USD;0;;MGS;NSTEM;Finance;;;08:00;17:00;12;1;IDR;21/09/2025;03/10/2025;2;Technical Skill;Certification;Engineering;Non-STEM General Management Le
30644;CERT;09/04/2022;03/04/2022;F. Nugroho;Self Reported;Manager;MINING OPERATIONS;TALENT MANAGEMENT DIVISION;ENGINEERING DEPT DEPARTMENT;pengambilan keputusan strategis;2022;INSEAD;WORKSHOP;COMPL;;CC2446;USD;3500000;X;HRS;STEM;Strategy;;;08:00;17:00;20;2;IDR;03/04/2022;09/04/2022;5;Leadership;Workshop;Management Science;STEM Engineering
31872;CERT;19/06/2024;07/06/2024;Leni Gunawan;Training Interface;Engineer;HSE;MAINTENANCE DIVISION;HSE DEPT DEPARTMENT;risk factor in merger acquisition;2024;Internal Trainer;CERT;TECH;Bali Resort;CC9174;IDR;0;;TEC;NSGML;M&A;24;CERT-36047;08:00;17:00;8;1;IDR;07/06/2024;19/06/2024;4;Technical Skill;Training;Finance;STEM Engineering
EMP085474;CERT;15/06/2025;04/06/2025;Employee EMP085474;Self Reported;Specialist;MINING OPERATIONS;INTERNAL AUDIT DIVISION;PIPELINE DEPARTMENT;Coaching Performance;2025;Internal Trainer;DEVEL;SOFT;Bali Resort;CC8412;IDR;0;X;MGS;NSGML;COACHING;;;08:00;17:00;16;2;IDR;04/06/2025;15/06/2025;5;Leadership;Certification;Management Science;STEM Engineering
EMP085015;;24/05/2025;21/05/2025;Citra Salim;Self Reported;Officer;FINANCIAL SERVICES;TREASURY DIVISION;PIPELINE DEPARTMENT;Coaching Performance;2025;Internal Trainer;CERT;SOFT;Bali Resort;CC4869;IDR;0;Y;HRS;NSTEM;Coaching;;;08:00;17:00;16;2;IDR;21/05/2025;24/05/2025;3;Leadership;Training;Engineering;STEM Engineering
EMP085087;CERT;09/02/2023;04/02/2023;Nur Nainggolan;Self Reported;Coordinator;ENERGY GROUP;MAINTENANCE DIVISION;PAYROLL DEPARTMENT;Keselamatan Pertambangan;2023;Internal Trainer;TRAIN;COMPL;Bali Resort;CC7812;IDR;500000;;TEC;STEM;SAFETY;24;CERT-53744;08:00;17:00;16;2;IDR;04/02/2023;09/02/2023;4;Technical Skill;Certification;Finance;STEM Engineering
EMP085047;CERT;;;Hendra Cahyadi;Self Reported;Operator;TRADING;TREASURY DIVISION;PIPELINE DEPARTMENT;Pengambilan Keputusan Strategis;2023;INSEAD;WORKSHOP;SOFT;Jakarta Office;CC2767;USD;;X;HRS;NSGML;STRATEGY;0;CERT-82105;08:00;17:00;;;IDR;;;2;Leadership;Training;Finance;STEM Technical
EMP087039;;31/10/2025;17/10/2025;Siti Setiawan;Manual Entry;Senior Engineer;FORESTRY & PLANTATION;TREASURY DIVISION;PAYROLL DEPARTMENT;MS Excel Lanjutan;2025;kelas.work;WORKSHOP;TECH;;CC8047;USD;7500000;;TEC;STEM;MS Excel;24;CERT-78323;08:00;17:00;16;2;IDR;17/10/2025;31/10/2025;4;Technical Skill;Seminar;Management Science;Non-STEM General Management Le
54735;TRAIN;28/12/2023;18/12/2023;Eko Salim;Manual Entry;Coordinator;INFORMATION TECHNOLOGY;INTERNAL AUDIT DIVISION;ACCOUNTING DEPT DEPARTMENT;PMP Preparation;2023;PMI Indonesia;WORKSHOP;COMPL;Jakarta Office;CC2258;USD;1500000;X;FIN;NSTEM;PROJECT MANAGEMENT;;;08:00;17:00;32;4;IDR;18/12/2023;28/12/2023;3;Soft Skill;Workshop;Human Capital;STEM Engineering
EMP085177;CERT;02/09/2022;31/08/2022;Hendra Darwis;Manual Entry;Senior Analyst;ENERGY GROUP;MAINTENANCE DIVISION;PIPELINE DEPARTMENT;MS Excel Lanjutan ;2022;kelas.work;CERT;LEAD;Bali Resort;CC4420;USD;0;;MGS;NSTEM;MS EXCEL;;;08:00;17:00;16;2;IDR;31/08/2022;02/09/2022;5;Technical Skill;Seminar;Human Capital;Non-STEM General Management Le
EMP085176;CERT;21/10/2023;18/10/2023;Nina Setiawan;Manual Entry;Engineer;LOGISTICS;PRODUCTION DIVISION;PLANT 1 DEPARTMENT;Risk Factor In Merger Acquisition;2023;Internal Trainer;CERT;COMPL;Online;CC9159;IDR;500000;X;MGS;NSGML;M&A;;;08:00;17:00;8;1;IDR;18/10/2023;21/10/2023;2;Technical Skill;Workshop;Management Science;Non-STEM General Management Le
35134;;22/05/2024;20/05/2024;Budi Ertanto;Training Interface;Analyst;CORPORATE;PROCUREMENT DIVISION;OPERATIONS DEPT DEPARTMENT;Pengambilan Keputusan Strategis;2024;INSEAD;CERT;SOFT;;CC1384;USD;1500000;;FIN;NSGML;STRATEGY;36;CERT-50448;08:00;17:00;20;2;IDR;20/05/2024;22/05/2024;2;Leadership;Workshop;Engineering;STEM Engineering
20644;CERT;05/04/2025;27/03/2025;Joko Atmaja;Manual Entry;Manager;CORPORATE;MAINTENANCE DIVISION;PLANT 1 DEPARTMENT;Strategi Transformasi Digital ;2025;MIT Sloan Executive;TRAIN;SOFT;;CC3935;USD;0;X;MGS;NSGML;Digital Strategy;0;CERT-59125;08:00;17:00;24;3;IDR;27/03/2025;05/04/2025;1;Leadership;Certification;Engineering;STEM Engineering
EMP085288;;27/10/2023;18/10/2023;FITRI LAKSONO;Manual Entry;Officer;TRADING;TALENT MANAGEMENT DIVISION;TAX DEPARTMENT;risk factor in merger acquisition;2023;Internal Trainer;DEVEL;TECH;;CC8794;IDR;500000;;FIN;NSGML;M&A;12;CERT-27628;08:00;17:00;8;1;IDR;18/10/2023;27/10/2023;3;Technical Skill;Workshop;Human Capital;STEM Technical
EMP089029;;05/02/2025;03/02/2025;Hendra Wahyudi;Training Interface;Senior Engineer;AGRIBUSINESS;ENGINEERING DIVISION;PAYROLL DEPARTMENT;MS Excel Lanjutan;2025;kelas.work;WORKSHOP;LEAD;Bali Resort;CC8521;USD;0;X;HRS;STEM;MS Excel;0;CERT-45628;08:00;17:00;16;2;IDR;03/02/2025;05/02/2025;3;Technical Skill;Certification;Human Capital;STEM Technical
38435;;09/07/2023;08/07/2023;Yogi Kartono;Training Interface;Supervisor;HUMAN RESOURCES;MAINTENANCE DIVISION;HR DEPT DEPARTMENT;Strategi Transformasi Digital;2023;MIT Sloan Executive;DEVEL;LEAD;Online;CC5538;USD;0;X;MGS;NSGML;Digital Strategy;;;08:00;17:00;24;3;IDR;08/07/2023;09/07/2023;1;Leadership;Seminar;Engineering;Non-STEM General Management Le
14404;TRAIN;26/05/2023;18/05/2023;Guntur Bachtiar;Training Interface;Operator;INFORMATION TECHNOLOGY;PRODUCTION DIVISION;ACCOUNTING DEPT DEPARTMENT;Strategi Transformasi Digital ;2023;MIT Sloan Executive;WORKSHOP;LEAD;Bali Resort;CC6454;USD;0;;TEC;STEM;DIGITAL STRATEGY;24;CERT-20337;08:00;17:00;24;3;IDR;18/05/2023;26/05/2023;4;Leadership;Workshop;Finance;Non-STEM General Management Le
EMP085469;;13/03/2024;12/03/2024;Haris Widodo;Self Reported;Senior Operator;LOGISTICS;PROCUREMENT DIVISION;LOGISTICS DEPARTMENT;Coaching Performance;2024;Internal Trainer;CERT;COMPL;Online;CC9873;IDR;3500000;X;MGS;NSTEM;Coaching;;;08:00;17:00;16;2;IDR;12/03/2024;13/03/2024;4;Leadership;Workshop;Engineering;STEM Technical
63982;;16/04/2025;04/04/2025;Budi Kartono;Manual Entry;Manager;SUPPLY CHAIN;PROCUREMENT DIVISION;SUPPLY CHAIN DEPT DEPARTMENT;Keselamatan Pertambangan;2025;Internal Trainer;TRAIN;LEAD;Jakarta Office;CC4272;IDR;0;Y;MGS;NSGML;SAFETY;;;08:00;17:00;16;2;IDR;04/04/2025;16/04/2025;5;Technical Skill;Workshop;Human Capital;STEM Engineering
EMP085454;CERT;05/12/2022;04/12/2022;Oka Cahyadi;Training Interface;Senior Operator;PETROCHEMICAL (HOLDING);MAINTENANCE DIVISION;TAX DEPARTMENT;Strategi Transformasi Digital;2022;MIT Sloan Executive;TRAIN;TECH;Bali Resort;CC6496;USD;500000;X;HRS;STEM;DIGITAL STRATEGY;;;08:00;17:00;24;3;IDR;04/12/2022;05/12/2022;1;Leadership;Training;Engineering;STEM Engineering
EMP085354;CERT;30/05/2025;26/05/2025;Nur Manurung;Manual Entry;Supervisor;LOGISTICS;MAINTENANCE DIVISION;QUALITY CONTROL DEPARTMENT;SAP S4HANA Basic;2025;SAP Education ID;TRAIN;TECH;Surabaya HQ;CC8959;IDR;0;Y;TEC;NSTEM;SAP;36;CERT-63502;08:00;17:00;32;4;IDR;26/05/2025;30/05/2025;4;Technical Skill;Seminar;Engineering;STEM Engineering
EMP085407;TRAIN;03/07/2024;19/06/2024;Kevin Fajari;Self Reported;Manager;TRADING;PROCUREMENT DIVISION;DRILLING DEPARTMENT;Pengambilan Keputusan Strategis;2024;INSEAD;WORKSHOP;TECH;Online;CC9954;USD;0;Y;TEC;NSTEM;STRATEGY;;;08:00;17:00;20;2;IDR;19/06/2024;03/07/2024;3;Leadership;Certification;Management Science;STEM Technical
EMP085217;;13/07/2023;10/07/2023;Yogi Ramadhan;Training Interface;Department Head;FORESTRY & PLANTATION;PRODUCTION DIVISION;PLANT 1 DEPARTMENT;PMP Preparation;2023;PMI Indonesia;DEVEL;TECH;Bali Resort;CC6549;USD;0;;TEC;NSGML;PROJECT MANAGEMENT;;;08:00;17:00;32;4;IDR;10/07/2023;13/07/2023;4;Soft Skill;Training;Management Science;STEM Technical
EMP085324;TRAIN;25/05/2025;22/05/2025;Rahmad Salim;Self Reported;Senior Engineer;FINANCIAL SERVICES;ENGINEERING DIVISION;QUALITY CONTROL DEPARTMENT;ESG Reporting ;2025;GRI;CERT;COMPL;Online;CC6064;USD;1500000;Y;TEC;NSGML;ESG;12;CERT-46803;08:00;17:00;12;1;IDR;22/05/2025;25/05/2025;5;Technical Skill;Seminar;Engineering;STEM Engineering
62879;CERT;28/08/2025;18/08/2025;Reza Sari;Training Interface;General Manager;ENGINEERING;TALENT MANAGEMENT DIVISION;HSE DEPT DEPARTMENT;Coaching Performance;2025;Internal Trainer;CERT;SOFT;Jakarta Office;CC7570;IDR;0;;TEC;NSTEM;COACHING;;;08:00;17:00;16;2;IDR;18/08/2025;28/08/2025;1;Leadership;Certification;Engineering;STEM Engineering
EMP085341;;28/10/2025;23/10/2025;FAHMI WIDODO;Self Reported;Supervisor;ENERGY GROUP;ENGINEERING DIVISION;LOGISTICS DEPARTMENT;SAP S4HANA Basic;2025;SAP Education ID;TRAIN;TECH;;CC9362;IDR;0;Y;HRS;STEM;SAP;;;08:00;17:00;32;4;IDR;23/10/2025;28/10/2025;5;Technical Skill;Training;Management Science;STEM Engineering
EMP085002;CERT;26/04/2022;23/04/2022;Nasrul Basuki;Training Interface;Specialist;PROPERTY;PROCUREMENT DIVISION;TAX DEPARTMENT;PMP Preparation;2022;PMI Indonesia;CERT;COMPL;Bali Resort;CC6852;USD;0;X;HRS;STEM;PROJECT MANAGEMENT;;;08:00;17:00;32;4;IDR;23/04/2022;26/04/2022;1;Soft Skill;Training;Human Capital;STEM Engineering
EMP085242;TRAIN;16/03/2022;02/03/2022;Sri Sari;Training Interface;Manager;PROPERTY;PRODUCTION DIVISION;PLANT 1 DEPARTMENT;Komunikasi Efektif;2022;Dale Carnegie ID;WORKSHOP;COMPL;Surabaya HQ;CC2025;IDR;500000;X;MGS;STEM;Communication;;;08:00;17:00;8;1;IDR;02/03/2022;16/03/2022;1;Soft Skill;Training;Engineering;STEM Engineering
EMP085331;TRAIN;25/01/2023;15/01/2023;Suci Kartono;Self Reported;General Manager;FORESTRY & PLANTATION;ENGINEERING DIVISION;TAX DEPARTMENT;Komunikasi Efektif;2023;Dale Carnegie ID;DEVEL;COMPL;Jakarta Office;CC7092;IDR;500000;X;MGS;NSGML;Communication;24;CERT-83356;08:00;17:00;8;1;IDR;15/01/2023;25/01/2023;5;Soft Skill;Training;Finance;Non-STEM General Management Le
EMP085024;;09/01/2024;04/01/2024;Hana Cokro;Self Reported;Senior Engineer;AGRIBUSINESS;TALENT MANAGEMENT DIVISION;CORPORATE PLANT 2 DEPARTMENT;ESG Reporting;2024;GRI;CERT;SOFT;Jakarta Office;CC6143;USD;0;Y;HRS;NSGML;ESG;0;CERT-37251;08:00;17:00;12;1;IDR;04/01/2024;09/01/2024;4;Technical Skill;Seminar;Finance;STEM Engineering
90315;TRAIN;18/03/2022;12/03/2022;Haris Sari;Training Interface;Officer;IT;PRODUCTION DIVISION;LOGISTICS DEPARTMENT;PMP Preparation ;2022;PMI Indonesia;DEVEL;TECH;;CC8281;USD;3500000;X;HRS;STEM;PROJECT MANAGEMENT;36;CERT-69139;08:00;17:00;32;4;IDR;12/03/2022;18/03/2022;5;Soft Skill;Training;Finance;STEM Engineering
26247;;08/07/2023;02/07/2023;Julia Fajari;Training Interface;Supervisor;LEGAL & COMPLIANCE;PROCUREMENT DIVISION;ENGINEERING DEPT DEPARTMENT;Data Analytics Advance ;2023;Coursera;WORKSHOP;LEAD;;CC2267;USD;0;Y;TEC;NSGML;Data Analytics;24;CERT-94631;08:00;17:00;40;5;IDR;02/07/2023;08/07/2023;3;Technical Skill;Training;Finance;STEM Engineering
EMP085012;CERT;27/09/2022;23/09/2022;Budi Zulkarnain;Training Interface;Senior Operator;LOGISTICS;TALENT MANAGEMENT DIVISION;PAYROLL DEPARTMENT;Risk Factor In Merger Acquisition;2022;Internal Trainer;DEVEL;LEAD;;CC8014;IDR;1500000;Y;MGS;STEM;M&A;;;08:00;17:00;8;1;IDR;23/09/2022;27/09/2022;5;Technical Skill;Seminar;Human Capital;STEM Engineering
EMP085401;;26/05/2022;14/05/2022;Employee EMP085401;Training Interface;Section Head;ENERGY GROUP;ENGINEERING DIVISION;LOGISTICS DEPARTMENT;cybersecurity fundamental;2022;Coursera;TRAIN;COMPL;Online;CC5533;USD;0;Y;HRS;NSTEM;CYBERSECURITY;;;08:00;17:00;24;3;IDR;14/05/2022;26/05/2022;1;Technical Skill;Certification;Engineering;STEM Technical
EMP085085;CERT;02/12/2022;18/11/2022;Tara Halim;Manual Entry;Department Head;TRADING;PROCUREMENT DIVISION;PIPELINE DEPARTMENT;Leadership Essential;2022;Internal Trainer;DEVEL;TECH;Surabaya HQ;CC7850;IDR;1500000;Y;TEC;NSGML;Leadership;12;CERT-47802;08:00;17:00;16;2;IDR;18/11/2022;02/12/2022;2;Leadership;Training;Human Capital;Non-STEM General Management Le
40078;;08/10/2025;02/10/2025;Randa Cokro;Self Reported;Coordinator;CORPORATE;INTERNAL AUDIT DIVISION;SUPPLY CHAIN DEPT DEPARTMENT;Keselamatan Pertambangan ;2025;Internal Trainer;WORKSHOP;COMPL;Bali Resort;CC2266;IDR;0;;MGS;NSGML;SAFETY;12;CERT-40137;08:00;17:00;16;2;IDR;02/10/2025;08/10/2025;4;Technical Skill;Training;Human Capital;Non-STEM General Management Le
52646;TRAIN;16/12/2023;07/12/2023;Hendra Atmaja;Self Reported;Section Head;HUMAN RESOURCES;ENGINEERING DIVISION;PLANT 2 DEPARTMENT;Risk Factor In Merger Acquisition ;2023;Internal Trainer;TRAIN;LEAD;Surabaya HQ;CC6453;IDR;0;;MGS;NSGML;M&A;36;CERT-96025;08:00;17:00;8;1;IDR;07/12/2023;16/12/2023;5;Technical Skill;Seminar;Management Science;STEM Engineering
39213;CERT;23/10/2025;10/10/2025;Yuni Wibowo;Manual Entry;Senior Operator;IT;INTERNAL AUDIT DIVISION;PLANT 2 DEPARTMENT;Strategi Transformasi Digital;2025;MIT Sloan Executive;WORKSHOP;TECH;Bali Resort;CC2577;USD;1500000;;HRS;STEM;DIGITAL STRATEGY;12;CERT-60427;08:00;17:00;24;3;IDR;10/10/2025;23/10/2025;4;Leadership;Seminar;Management Science;STEM Technical
84478;CERT;10/03/2025;28/02/2025;Rahmad Jaya;Manual Entry;Specialist;CORPORATE AFFAIRS;INTERNAL AUDIT DIVISION;CORPORATE AFFAIRS DEPT DEPARTMENT;Teknik Negosiasi ;2025;Harvard Online;WORKSHOP;SOFT;Online;CC6648;USD;0;Y;HRS;NSTEM;Negotiation;12;CERT-60309;08:00;17:00;16;2;IDR;28/02/2025;10/03/2025;2;Soft Skill;Certification;Human Capital;STEM Technical
23271;;03/02/2025;27/01/2025;Zulfa Ertanto;Self Reported;General Manager;INFORMATION TECHNOLOGY;TREASURY DIVISION;ACCOUNTING DEPT DEPARTMENT;Strategi Transformasi Digital;2025;MIT Sloan Executive;DEVEL;LEAD;Online;CC4085;USD;1500000;X;FIN;NSTEM;DIGITAL STRATEGY;;;08:00;17:00;24;3;IDR;27/01/2025;03/02/2025;3;Leadership;Workshop;Management Science;Non-STEM General Management Le
61085;TRAIN;31/03/2022;22/03/2022;Dian Lubis;Training Interface;Coordinator;CORPORATE;TALENT MANAGEMENT DIVISION;SUPPLY CHAIN DEPT DEPARTMENT;Finance for Non Finance;2022;Coursera;TRAIN;SOFT;Online;CC2505;USD;0;Y;FIN;STEM;FINANCE;24;CERT-27284;08:00;17:00;12;1;IDR;22/03/2022;31/03/2022;1;Technical Skill;Seminar;Human Capital;STEM Engineering
57985;CERT;21/06/2023;17/06/2023;Yanto Fauzi;Manual Entry;Senior Analyst;FINANCE & ACCOUNTING;TREASURY DIVISION;FINANCE DEPT DEPARTMENT;Leadership Essential;2023;Internal Trainer;WORKSHOP;TECH;Jakarta Office;CC1087;IDR;500000;X;HRS;NSGML;Leadership;36;CERT-78208;08:00;17:00;16;2;IDR;17/06/2023;21/06/2023;1;Leadership;Seminar;Engineering;STEM Engineering
EMP085185;;14/09/2023;02/09/2023;Umi Kuncoro;Training Interface;Operator;TRADING;ENGINEERING DIVISION;HEAVY EQUIPMENT DEPARTMENT;MS Excel Lanjutan;2023;kelas.work;DEVEL;SOFT;Surabaya HQ;CC2726;USD;0;X;TEC;NSGML;MS EXCEL;36;CERT-86280;08:00;17:00;16;2;IDR;02/09/2023;14/09/2023;3;Technical Skill;Workshop;Management Science;Non-STEM General Management Le
EMP085443;TRAIN;16/10/2022;14/10/2022;Lisa Basuki;Self Reported;Specialist;ENERGY DIVISION;TREASURY DIVISION;DRILLING DEPARTMENT;SAP S4HANA Basic;2022;SAP Education ID;TRAIN;LEAD;Surabaya HQ;CC4919;IDR;1500000;X;MGS;STEM;SAP;12;CERT-87027;08:00;17:00;32;4;IDR;14/10/2022;16/10/2022;4;Technical Skill;Certification;Engineering;Non-STEM General Management Le
EMP085213;TRAIN;07/10/2023;05/10/2023;Employee EMP085213;Training Interface;Analyst;ENERGY GROUP;TREASURY DIVISION;PLANT 1 DEPARTMENT;Teknik Negosiasi;2023;Harvard Online;CERT;COMPL;Online;CC4069;USD;0;X;FIN;STEM;Negotiation;;;08:00;17:00;16;2;IDR;05/10/2023;07/10/2023;5;Soft Skill;Workshop;Finance;STEM Technical
EMP085469;CERT;05/05/2022;29/04/2022;Haris Widodo;Training Interface;Senior Operator;LOGISTICS;PROCUREMENT DIVISION;LOGISTICS DEPARTMENT;Data Analytics Advance;2022;Coursera;WORKSHOP;TECH;Surabaya HQ;CC2262;USD;0;;HRS;NSTEM;Data Analytics;;;08:00;17:00;40;5;IDR;29/04/2022;05/05/2022;5;Technical Skill;Certification;Human Capital;STEM Technical
EMP085260;TRAIN;03/11/2025;27/10/2025;Xena Manurung;Training Interface;Senior Analyst;PETROCHEMICAL;INTERNAL AUDIT DIVISION;DRILLING DEPARTMENT;Teknik Negosiasi;2025;Harvard Online;CERT;SOFT;Online;CC5612;USD;1500000;X;TEC;NSTEM;Negotiation;12;CERT-40740;08:00;17:00;16;2;IDR;27/10/2025;03/11/2025;4;Soft Skill;Workshop;Engineering;Non-STEM General Management Le
78633;TRAIN;25/04/2024;24/04/2024;Budi Hermawan;Training Interface;General Manager;CORPORATE;MAINTENANCE DIVISION;FINANCE DEPT DEPARTMENT;Keselamatan Pertambangan ;2024;Internal Trainer;DEVEL;TECH;Online;CC5013;IDR;500000;;MGS;NSTEM;SAFETY;;;08:00;17:00;16;2;IDR;24/04/2024;25/04/2024;5;Technical Skill;Seminar;Management Science;STEM Technical
13665;;08/01/2025;30/12/2024;Sri Hidayat;Self Reported;Specialist;CORPORATE;TALENT MANAGEMENT DIVISION;PLANT 1 DEPARTMENT;Keselamatan Pertambangan;2024;Internal Trainer;TRAIN;TECH;Bali Resort;CC1714;IDR;1500000;X;HRS;STEM;SAFETY;12;CERT-94972;08:00;17:00;16;2;IDR;30/12/2024;08/01/2025;5;Technical Skill;Seminar;Human Capital;STEM Technical
83788;;19/06/2025;18/06/2025;Sri Nainggolan;Self Reported;Department Head;SUPPLY CHAIN;PRODUCTION DIVISION;IT DEPT DEPARTMENT;Coaching Performance;2025;Internal Trainer;WORKSHOP;COMPL;Bali Resort;CC8941;IDR;0;;HRS;STEM;Coaching;;;08:00;17:00;16;2;IDR;18/06/2025;19/06/2025;2;Leadership;Training;Finance;STEM Technical
EMP087040;TRAIN;19/06/2025;12/06/2025;Andi Setiawan;Manual Entry;Senior Analyst;PETROCHEMICAL;INTERNAL AUDIT DIVISION;PAYROLL DEPARTMENT;Leadership Essential;2025;Internal Trainer;WORKSHOP;LEAD;Online;CC9999;IDR;0;X;FIN;STEM;LEADERSHIP;;;08:00;17:00;16;2;IDR;12/06/2025;19/06/2025;3;Leadership;Seminar;Engineering;Non-STEM General Management Le
47147;;26/10/2023;17/10/2023;Maya Setiawan;Self Reported;Department Head;MINING OPERATIONS;MAINTENANCE DIVISION;DRILLING DEPARTMENT;Komunikasi Efektif;2023;Dale Carnegie ID;DEVEL;TECH;Bali Resort;CC3911;IDR;1500000;;FIN;NSTEM;COMMUNICATION;0;CERT-94776;08:00;17:00;8;1;IDR;17/10/2023;26/10/2023;5;Soft Skill;Training;Management Science;STEM Engineering
EMP085164;CERT;10/06/2023;02/06/2023;Yola Indrawan;Training Interface;Department Head;LOGISTICS;PRODUCTION DIVISION;DRILLING DEPARTMENT;PMP Preparation;2023;PMI Indonesia;WORKSHOP;TECH;Online;CC3384;USD;500000;;MGS;STEM;PROJECT MANAGEMENT;24;CERT-70975;08:00;17:00;32;4;IDR;02/06/2023;10/06/2023;4;Soft Skill;Seminar;Human Capital;Non-STEM General Management Le
14404;TRAIN;10/04/2023;01/04/2023;Guntur Bachtiar;Training Interface;Operator;INFORMATION TECHNOLOGY;PRODUCTION DIVISION;ACCOUNTING DEPT DEPARTMENT;MS Excel Lanjutan;2023;kelas.work;CERT;TECH;Bali Resort;CC8156;USD;0;;FIN;NSTEM;MS Excel;36;CERT-87309;08:00;17:00;16;2;IDR;01/04/2023;10/04/2023;1;Technical Skill;Workshop;Human Capital;STEM Engineering
23664;CERT;18/08/2022;10/08/2022;Arief Hidayat;Self Reported;Engineer;MINING OPERATIONS;MAINTENANCE DIVISION;QUALITY CONTROL DEPARTMENT;Pengambilan Keputusan Strategis;2022;INSEAD;WORKSHOP;TECH;Bali Resort;CC6446;USD;500000;X;MGS;NSGML;Strategy;12;CERT-13262;08:00;17:00;20;2;IDR;10/08/2022;18/08/2022;4;Leadership;Workshop;Management Science;Non-STEM General Management Le
EMP085445;TRAIN;29/11/2024;22/11/2024;Nasrul Kartono;Manual Entry;Department Head;MINING OPERATIONS;PRODUCTION DIVISION;PAYROLL DEPARTMENT;pengambilan keputusan strategis;2024;INSEAD;CERT;SOFT;;CC6524;USD;0;;FIN;STEM;Strategy;;;08:00;17:00;20;2;IDR;22/11/2024;29/11/2024;3;Leadership;Workshop;Management Science;STEM Technical
EMP085207;;01/05/2025;24/04/2025;Hendra Chandra;Self Reported;Manager;FINANCIAL SERVICES;PROCUREMENT DIVISION;DRILLING DEPARTMENT;SAP S4HANA Basic;2025;SAP Education ID;DEVEL;COMPL;Bali Resort;CC2678;IDR;7500000;X;MGS;NSTEM;SAP;0;CERT-13471;08:00;17:00;32;4;IDR;24/04/2025;01/05/2025;4;Technical Skill;Certification;Management Science;STEM Technical
14404;;29/07/2024;17/07/2024;Guntur Bachtiar;Manual Entry;Operator;INFORMATION TECHNOLOGY;PRODUCTION DIVISION;ACCOUNTING DEPT DEPARTMENT;PMP Preparation ;2024;PMI Indonesia;TRAIN;COMPL;Jakarta Office;CC7530;USD;7500000;Y;TEC;NSTEM;Project Management;0;CERT-48940;08:00;17:00;32;4;IDR;17/07/2024;29/07/2024;2;Soft Skill;Training;Engineering;STEM Technical
73085;TRAIN;18/11/2025;17/11/2025;Siti Susanto;Manual Entry;Department Head;FINANCE & ACCOUNTING;INTERNAL AUDIT DIVISION;RECRUITMENT DEPARTMENT;Pengambilan Keputusan Strategis;2025;INSEAD;WORKSHOP;TECH;Jakarta Office;CC8124;USD;1500000;;MGS;NSGML;Strategy;;;08:00;17:00;20;2;IDR;17/11/2025;18/11/2025;1;Leadership;Seminar;Finance;Non-STEM General Management Le
88263;TRAIN;24/07/2024;16/07/2024;QOMAR PERMADI;Self Reported;Supervisor;INFORMATION TECHNOLOGY;TREASURY DIVISION;FINANCE DEPT DEPARTMENT;sap s4hana basic;2024;SAP Education ID;CERT;SOFT;Bali Resort;CC9695;IDR;0;Y;TEC;NSGML;SAP;;;08:00;17:00;32;4;IDR;16/07/2024;24/07/2024;2;Technical Skill;Seminar;Engineering;STEM Engineering
EMP087015;CERT;02/07/2022;25/06/2022;Haris Atmaja;Training Interface;Operator;PROPERTY;ENGINEERING DIVISION;PAYROLL DEPARTMENT;esg reporting;2022;GRI;DEVEL;TECH;Surabaya HQ;CC6685;USD;3500000;X;FIN;NSTEM;ESG;0;CERT-32078;08:00;17:00;12;1;IDR;25/06/2022;02/07/2022;4;Technical Skill;Certification;Management Science;STEM Engineering
EMP085029;TRAIN;19/11/2025;07/11/2025;Darmawan Gunadi;Training Interface;General Manager;MINING OPERATIONS;TREASURY DIVISION;RECRUITMENT DEPARTMENT;Cybersecurity Fundamental;2025;Coursera;TRAIN;TECH;Jakarta Office;CC7268;USD;500000;Y;MGS;NSGML;Cybersecurity;;;08:00;17:00;24;3;IDR;07/11/2025;19/11/2025;1;Technical Skill;Training;Management Science;STEM Technical
21809;;16/02/2025;08/02/2025;Randa Jaya;Manual Entry;Coordinator;INFORMATION TECHNOLOGY;PRODUCTION DIVISION;CORPORATE AFFAIRS DEPT DEPARTMENT;Risk Factor In Merger Acquisition;2025;Internal Trainer;DEVEL;COMPL;Surabaya HQ;CC9437;IDR;3500000;;MGS;STEM;M&A;;;08:00;17:00;8;1;IDR;08/02/2025;16/02/2025;2;Technical Skill;Training;Human Capital;STEM Engineering
30026;;29/06/2025;18/06/2025;Suci Setiawan;Manual Entry;General Manager;SUPPLY CHAIN;ENGINEERING DIVISION;ACCOUNTING DEPT DEPARTMENT;MS Excel Lanjutan;2025;kelas.work;WORKSHOP;COMPL;Online;CC9864;USD;500000;;TEC;NSTEM;MS EXCEL;36;CERT-23836;08:00;17:00;16;2;IDR;18/06/2025;29/06/2025;4;Technical Skill;Seminar;Engineering;Non-STEM General Management Le
EMP085094;TRAIN;16/04/2024;06/04/2024;Vina Iskandar;Self Reported;Supervisor;TRADING;TREASURY DIVISION;PIPELINE DEPARTMENT;Komunikasi Efektif;2024;Dale Carnegie ID;DEVEL;SOFT;Bali Resort;CC4775;IDR;0;Y;FIN;NSTEM;COMMUNICATION;;;08:00;17:00;8;1;IDR;06/04/2024;16/04/2024;4;Soft Skill;Training;Engineering;Non-STEM General Management Le
19770;;02/07/2023;29/06/2023;Intan Susanto;Manual Entry;Department Head;HUMAN RESOURCES;TALENT MANAGEMENT OPERATIONS DIVISION;SUPPLY CHAIN DEPT DEPARTMENT;Leadership Essential;2023;Internal Trainer;TRAIN;SOFT;Online;CC1430;IDR;1500000;;TEC;NSTEM;LEADERSHIP;;;08:00;17:00;16;2;IDR;29/06/2023;02/07/2023;1;Leadership;Certification;Human Capital;STEM Engineering
EMP085373;TRAIN;23/10/2023;10/10/2023;Umi Hidayat;Training Interface;Officer;FORESTRY & PLANTATION;PROCUREMENT DIVISION;DRILLING DEPARTMENT;MS Excel Lanjutan;2023;kelas.work;CERT;TECH;;CC2802;USD;0;;TEC;NSGML;MS EXCEL;0;CERT-13396;08:00;17:00;16;2;IDR;10/10/2023;23/10/2023;3;Technical Skill;Certification;Finance;Non-STEM General Management Le
EMP085354;;24/04/2023;18/04/2023;Nur Manurung;Manual Entry;Supervisor;LOGISTICS;MAINTENANCE DIVISION;QUALITY CONTROL DEPARTMENT;Keselamatan Pertambangan;2023;Internal Trainer;DEVEL;TECH;;CC4770;IDR;1500000;X;FIN;NSTEM;SAFETY;;;08:00;17:00;16;2;IDR;18/04/2023;24/04/2023;4;Technical Skill;Seminar;Human Capital;Non-STEM General Management Le
37793;TRAIN;01/02/2024;27/01/2024;Yuni Darwis;Training Interface;Coordinator;ENGINEERING;PRODUCTION OPERATIONS DIVISION;ACCOUNTING DEPT DEPARTMENT;Leadership Essential;2024;Internal Trainer;DEVEL;LEAD;;CC8070;IDR;3500000;Y;MGS;STEM;Leadership;36;CERT-51331;08:00;17:00;16;2;IDR;27/01/2024;01/02/2024;2;Leadership;Seminar;Engineering;STEM Technical
70708;;27/04/2024;23/04/2024;Kevin Siregar;Training Interface;Officer;INFORMATION TECHNOLOGY;MAINTENANCE DIVISION;LEGAL DEPT DEPARTMENT;Strategi Transformasi Digital ;2024;MIT Sloan Executive;WORKSHOP;TECH;Bali Resort;CC6699;USD;0;Y;MGS;NSTEM;DIGITAL STRATEGY;;;08:00;17:00;24;3;IDR;23/04/2024;27/04/2024;1;Leadership;Training;Finance;STEM Engineering
EMP089014;TRAIN;;;Yuni Pratama;Manual Entry;General Manager;FINANCIAL SERVICES;;;Data Analytics Advance ;2023;Coursera;CERT;TECH;Bali Resort;CC1072;USD;7500000;Y;HRS;NSTEM;DATA ANALYTICS;;;08:00;17:00;40;5;IDR;;;2;Technical Skill;Certification;Human Capital;STEM Engineering
25391;;18/01/2025;04/01/2025;Joko Hidayat;Training Interface;Senior Analyst;FINANCE & ACCOUNTING;TREASURY DIVISION;TAX DEPARTMENT;risk factor in merger acquisition;2025;Internal Trainer;CERT;TECH;Online;CC3548;IDR;3500000;Y;MGS;NSTEM;M&A;;;08:00;17:00;8;1;IDR;04/01/2025;18/01/2025;3;Technical Skill;Seminar;Human Capital;STEM Engineering
79196;CERT;05/08/2022;22/07/2022;Fahmi Gunawan;Training Interface;Department Head;LEGAL & COMPLIANCE;PRODUCTION DIVISION;LEGAL DEPT DEPARTMENT;PMP Preparation;2022;PMI Indonesia;CERT;LEAD;;CC8097;USD;1500000;Y;MGS;NSTEM;Project Management;;;08:00;17:00;32;4;IDR;22/07/2022;05/08/2022;2;Soft Skill;Certification;Management Science;STEM Engineering
EMP085242;TRAIN;21/03/2023;20/03/2023;Sri Sari;Manual Entry;Manager;PROPERTY;PRODUCTION DIVISION;PLANT 1 DEPARTMENT;ESG Reporting;2023;GRI;CERT;LEAD;Jakarta Office;CC5127;USD;500000;X;FIN;STEM;ESG;12;CERT-65830;08:00;17:00;12;1;IDR;20/03/2023;21/03/2023;5;Technical Skill;Certification;Finance;STEM Engineering
90085;TRAIN;07/09/2024;05/09/2024;Qomar Haryadi;Manual Entry;Section Head;SUPPLY CHAIN;INTERNAL AUDIT DIVISION;HSE DEPT DEPARTMENT;MS Excel Lanjutan;2024;kelas.work;CERT;LEAD;Online;CC5019;USD;0;;FIN;NSTEM;MS EXCEL;;;08:00;17:00;16;2;IDR;05/09/2024;07/09/2024;1;Technical Skill;Workshop;Engineering;Non-STEM General Management Le
87420;TRAIN;24/03/2025;18/03/2025;Bunga Yusuf;Training Interface;Section Head;MINING OPERATIONS;INTERNAL AUDIT DIVISION;LEGAL DEPT DEPARTMENT;Risk Factor In Merger Acquisition;2025;Internal Trainer;TRAIN;COMPL;Bali Resort;CC8138;IDR;0;X;FIN;NSGML;M&A;;;08:00;17:00;8;1;IDR;18/03/2025;24/03/2025;5;Technical Skill;Training;Management Science;STEM Engineering
EMP085022;TRAIN;16/03/2025;05/03/2025;Jihan Ramadhan;Manual Entry;Senior Engineer;ENERGY GROUP;INTERNAL AUDIT DIVISION;LOGISTICS DEPARTMENT;Teknik Negosiasi;2025;Harvard Online;WORKSHOP;SOFT;Bali Resort;CC2634;USD;3500000;;TEC;NSGML;NEGOTIATION;12;CERT-45582;08:00;17:00;16;2;IDR;05/03/2025;16/03/2025;4;Soft Skill;Certification;Human Capital;Non-STEM General Management Le
49987;CERT;27/05/2024;13/05/2024;Siti Permadi;Manual Entry;Coordinator;CORPORATE;MAINTENANCE DIVISION;DRILLING DEPARTMENT;MS Excel Lanjutan;2024;kelas.work;TRAIN;COMPL;Surabaya HQ;CC1420;USD;3500000;X;HRS;NSGML;MS Excel;24;CERT-15225;08:00;17:00;16;2;IDR;13/05/2024;27/05/2024;1;Technical Skill;Certification;Human Capital;Non-STEM General Management Le
36952;;23/01/2023;19/01/2023;Lisa Dinata;Self Reported;Manager;HUMAN RESOURCES;INTERNAL AUDIT DIVISION;IT DEPT DEPARTMENT;Data Analytics Advance;2023;Coursera;CERT;SOFT;Online;CC8513;USD;0;X;FIN;NSTEM;Data Analytics;24;CERT-28119;08:00;17:00;40;5;IDR;19/01/2023;23/01/2023;1;Technical Skill;Certification;Human Capital;Non-STEM General Management Le
EMP085059;TRAIN;09/02/2022;01/02/2022;HADI TANJUNG;Training Interface;Specialist;AGRIBUSINESS;TREASURY DIVISION;LOGISTICS DEPARTMENT;PMP Preparation;2022;PMI Indonesia;WORKSHOP;LEAD;Jakarta Office;CC8050;USD;0;Y;MGS;NSGML;PROJECT MANAGEMENT;24;CERT-47095;08:00;17:00;32;4;IDR;01/02/2022;09/02/2022;3;Soft Skill;Workshop;Management Science;STEM Engineering
31203;TRAIN;22/11/2025;11/11/2025;Siska Triyanto;Training Interface;Department Head;CORPORATE AFFAIRS;ENGINEERING DIVISION;IT DEPT DEPARTMENT;MS Excel Lanjutan;2025;kelas.work;TRAIN;TECH;Jakarta Office;CC7738;USD;0;X;TEC;NSTEM;MS Excel;0;CERT-47125;08:00;17:00;16;2;IDR;11/11/2025;22/11/2025;4;Technical Skill;Training;Finance;STEM Technical
10954;;18/12/2023;12/12/2023;Siti Wahyudi;Manual Entry;Senior Engineer;MINING OPERATIONS;MAINTENANCE DIVISION;TAX DEPARTMENT;Risk Factor In Merger Acquisition;2023;Internal Trainer;CERT;LEAD;Bali Resort;CC1013;IDR;3500000;X;TEC;NSTEM;M&A;24;CERT-39766;08:00;17:00;8;1;IDR;12/12/2023;18/12/2023;1;Technical Skill;Certification;Engineering;STEM Engineering
88263;;24/09/2024;16/09/2024;QOMAR PERMADI;Training Interface;Supervisor;INFORMATION TECHNOLOGY;TREASURY DIVISION;FINANCE DEPT DEPARTMENT;Keselamatan Pertambangan;2024;Internal Trainer;WORKSHOP;SOFT;;CC4728;IDR;0;X;FIN;NSTEM;Safety;24;CERT-45210;08:00;17:00;16;2;IDR;16/09/2024;24/09/2024;4;Technical Skill;Workshop;Finance;STEM Technical
46936;CERT;12/08/2022;11/08/2022;Rina Kusuma;Manual Entry;Specialist;FINANCE & ACCOUNTING;INTERNAL AUDIT DIVISION;PAYROLL DEPARTMENT;Data Analytics Advance;2022;Coursera;WORKSHOP;LEAD;Bali Resort;CC9184;USD;3500000;Y;MGS;NSTEM;DATA ANALYTICS;36;CERT-94115;08:00;17:00;40;5;IDR;11/08/2022;12/08/2022;4;Technical Skill;Workshop;Human Capital;STEM Engineering
EMP085334;TRAIN;05/04/2022;26/03/2022;Dian Effendi;Training Interface;Officer;FINANCIAL SERVICES;PRODUCTION DIVISION;HEAVY EQUIPMENT DEPARTMENT;SAP S4HANA Basic;2022;SAP Education ID;WORKSHOP;TECH;Jakarta Office;CC9955;IDR;0;;FIN;STEM;SAP;;;08:00;17:00;32;4;IDR;26/03/2022;05/04/2022;2;Technical Skill;Workshop;Management Science;Non-STEM General Management Le
84082;CERT;05/01/2023;31/12/2022;Doni Nugroho;Training Interface;Manager;CORPORATE AFFAIRS;MAINTENANCE DIVISION;HR DEPT DEPARTMENT;PMP Preparation;2022;PMI Indonesia;DEVEL;LEAD;Bali Resort;CC8202;USD;500000;Y;MGS;STEM;PROJECT MANAGEMENT;24;CERT-51358;08:00;17:00;32;4;IDR;31/12/2022;05/01/2023;3;Soft Skill;Seminar;Engineering;Non-STEM General Management Le
67877;;03/07/2024;23/06/2024;Agus Pratama;Training Interface;Coordinator;FINANCE & ACCOUNTING;TREASURY DIVISION;QUALITY CONTROL DEPARTMENT;Cybersecurity Fundamental;2024;Coursera;TRAIN;COMPL;Bali Resort;CC4524;USD;1500000;;TEC;STEM;Cybersecurity;24;CERT-22838;08:00;17:00;24;3;IDR;23/06/2024;03/07/2024;3;Technical Skill;Workshop;Engineering;Non-STEM General Management Le
EMP085414;CERT;09/11/2023;29/10/2023;Nasrul Kurniawan;Manual Entry;Senior Operator;ENERGY GROUP;ENGINEERING DIVISION;PIPELINE DEPARTMENT;Risk Factor In Merger Acquisition;2023;Internal Trainer;WORKSHOP;TECH;Jakarta Office;CC6776;IDR;1500000;Y;MGS;NSTEM;M&A;;;08:00;17:00;8;1;IDR;29/10/2023;09/11/2023;4;Technical Skill;Seminar;Human Capital;STEM Technical
EMP085159;TRAIN;06/07/2022;27/06/2022;YUNI PERMADI;Self Reported;Coordinator;FINANCIAL SERVICES;INTERNAL AUDIT DIVISION;QUALITY CONTROL DEPARTMENT;teknik negosiasi;2022;Harvard Online;WORKSHOP;TECH;Jakarta Office;CC4746;USD;7500000;X;TEC;NSGML;NEGOTIATION;;;08:00;17:00;16;2;IDR;27/06/2022;06/07/2022;1;Soft Skill;Workshop;Human Capital;STEM Engineering
EMP085198;TRAIN;18/08/2025;05/08/2025;Nasrul Yulianto;Self Reported;General Manager;TRADING;INTERNAL AUDIT DIVISION;PAYROLL DEPARTMENT;Cybersecurity Fundamental;2025;Coursera;TRAIN;TECH;Surabaya HQ;CC3083;USD;0;;HRS;NSGML;CYBERSECURITY;24;CERT-57278;08:00;17:00;24;3;IDR;05/08/2025;18/08/2025;2;Technical Skill;Certification;Human Capital;STEM Engineering
EMP085086;CERT;10/03/2022;26/02/2022;Vina Ginanjar;Self Reported;Senior Analyst;FORESTRY & PLANTATION;PRODUCTION OPERATIONS DIVISION;HEAVY EQUIPMENT DEPARTMENT;ESG Reporting;2022;GRI;WORKSHOP;TECH;Bali Resort;CC4925;USD;0;X;TEC;NSGML;ESG;24;CERT-15702;08:00;17:00;12;1;IDR;26/02/2022;10/03/2022;5;Technical Skill;Training;Human Capital;STEM Technical
91838;;12/03/2024;09/03/2024;Bayu Purnama;Training Interface;Supervisor;HUMAN RESOURCES (HOLDING);ENGINEERING DIVISION;LOGISTICS DEPARTMENT;Cybersecurity Fundamental ;2024;Coursera;WORKSHOP;COMPL;Bali Resort;CC2724;USD;0;Y;TEC;STEM;CYBERSECURITY;36;CERT-42281;08:00;17:00;24;3;IDR;09/03/2024;12/03/2024;5;Technical Skill;Certification;Engineering;STEM Technical
EMP085289;;27/07/2023;23/07/2023;Sandra Jaya;Self Reported;Specialist;AGRIBUSINESS;MAINTENANCE DIVISION;CORPORATE PIPELINE DEPARTMENT;Pengambilan Keputusan Strategis ;2023;INSEAD;WORKSHOP;COMPL;Bali Resort;CC7283;USD;500000;X;MGS;NSTEM;Strategy;36;CERT-30684;08:00;17:00;20;2;IDR;23/07/2023;27/07/2023;3;Leadership;Certification;Human Capital;STEM Engineering
EMP089038;CERT;01/11/2022;31/10/2022;Hendra Susanto;Self Reported;Coordinator;FINANCIAL SERVICES;TREASURY DIVISION;PIPELINE DEPARTMENT;ESG Reporting;2022;GRI;DEVEL;SOFT;Surabaya HQ;CC1629;USD;7500000;X;FIN;NSTEM;ESG;;;08:00;17:00;12;1;IDR;31/10/2022;01/11/2022;5;Technical Skill;Certification;Finance;Non-STEM General Management Le
EMP087019;CERT;03/09/2024;20/08/2024;Lukman Nainggolan;Training Interface;Analyst;MINING OPERATIONS;PROCUREMENT DIVISION;TAX DEPARTMENT;Finance for Non Finance;2024;Coursera;TRAIN;LEAD;Bali Resort;CC3521;USD;500000;X;TEC;NSGML;FINANCE;24;CERT-18326;08:00;17:00;12;1;IDR;20/08/2024;03/09/2024;1;Technical Skill;Workshop;Management Science;STEM Engineering
EMP089040;TRAIN;26/11/2022;20/11/2022;Bambang Pratama;Training Interface;Senior Operator;FORESTRY & PLANTATION;INTERNAL AUDIT DIVISION;QUALITY CONTROL DEPARTMENT;MS Excel Lanjutan;2022;kelas.work;WORKSHOP;COMPL;Surabaya HQ;CC8616;USD;0;Y;HRS;STEM;MS Excel;0;CERT-17716;08:00;17:00;16;2;IDR;20/11/2022;26/11/2022;4;Technical Skill;Training;Engineering;STEM Technical
EMP085227;CERT;17/04/2025;13/04/2025;Leni Permadi;Self Reported;Senior Operator;ENERGY DIVISION;PRODUCTION DIVISION;HEAVY EQUIPMENT DEPARTMENT;keselamatan pertambangan;2025;Internal Trainer;DEVEL;TECH;;CC8289;IDR;0;;HRS;NSTEM;SAFETY;;;08:00;17:00;16;2;IDR;13/04/2025;17/04/2025;4;Technical Skill;Workshop;Human Capital;STEM Engineering
76190;;16/12/2022;07/12/2022;Galih Zulkarnain;Manual Entry;Department Head;HUMAN RESOURCES;TALENT MANAGEMENT DIVISION;ACCOUNTING DEPT DEPARTMENT;esg reporting;2022;GRI;DEVEL;COMPL;Jakarta Office;CC2888;USD;0;X;HRS;STEM;ESG;;;08:00;17:00;12;1;IDR;07/12/2022;16/12/2022;3;Technical Skill;Workshop;Management Science;STEM Engineering
EMP085248;TRAIN;27/02/2024;24/02/2024;Employee EMP085248;Training Interface;Section Head;CORPORATE CENTER;TALENT MANAGEMENT DIVISION;PLANT 2 DEPARTMENT;ESG Reporting;2024;GRI;TRAIN;COMPL;Bali Resort;CC6134;USD;1500000;;FIN;NSGML;ESG;12;CERT-98289;08:00;17:00;12;1;IDR;24/02/2024;27/02/2024;1;Technical Skill;Workshop;Finance;STEM Engineering
EMP085004;;07/01/2025;06/01/2025;Arman Rohman;Manual Entry;General Manager;PETROCHEMICAL;PROCUREMENT DIVISION;CORPORATE TAX DEPARTMENT;SAP S4HANA Basic;2025;SAP Education ID;DEVEL;LEAD;Jakarta Office;CC4514;IDR;3500000;X;TEC;NSGML;SAP;;;08:00;17:00;32;4;IDR;06/01/2025;07/01/2025;3;Technical Skill;Training;Engineering;STEM Technical
EMP089038;;12/03/2023;09/03/2023;Hendra Susanto;Manual Entry;Coordinator;FINANCIAL SERVICES;TREASURY DIVISION;PIPELINE DEPARTMENT;pmp preparation;2023;PMI Indonesia;CERT;COMPL;;CC4222;USD;0;Y;MGS;STEM;Project Management;24;CERT-96332;08:00;17:00;32;4;IDR;09/03/2023;12/03/2023;5;Soft Skill;Seminar;Management Science;STEM Technical
26232;TRAIN;30/07/2023;29/07/2023;Siska Pratama;Self Reported;Supervisor;INFORMATION TECHNOLOGY;ENGINEERING DIVISION;FINANCE DEPT DEPARTMENT;PMP Preparation;2023;PMI Indonesia;TRAIN;TECH;Online;CC4958;USD;1500000;X;FIN;NSTEM;Project Management;;;08:00;17:00;32;4;IDR;29/07/2023;30/07/2023;4;Soft Skill;Workshop;Human Capital;STEM Technical
42904;TRAIN;11/02/2023;05/02/2023;Citra Zulkarnain;Training Interface;Senior Analyst;INFORMATION TECHNOLOGY;ENGINEERING DIVISION;OPERATIONS DEPT DEPARTMENT;MS Excel Lanjutan;2023;kelas.work;WORKSHOP;TECH;Jakarta Office;CC4511;USD;0;;MGS;NSTEM;MS EXCEL;12;CERT-81171;08:00;17:00;16;2;IDR;05/02/2023;11/02/2023;1;Technical Skill;Certification;Management Science;Non-STEM General Management Le
89925;CERT;17/11/2023;12/11/2023;Dewi Mulyadi;Self Reported;Officer;MINING OPERATIONS;TREASURY DIVISION;IT DEPT DEPARTMENT;Coaching Performance;2023;Internal Trainer;TRAIN;SOFT;Surabaya HQ;CC9473;IDR;0;;MGS;NSGML;COACHING;;;08:00;17:00;16;2;IDR;12/11/2023;17/11/2023;5;Leadership;Seminar;Engineering;Non-STEM General Management Le
22872;TRAIN;15/01/2024;11/01/2024;Feri Rahayu;Self Reported;Senior Engineer;ENGINEERING;PRODUCTION DIVISION;ACCOUNTING DEPT DEPARTMENT;Pengambilan Keputusan Strategis;2024;INSEAD;TRAIN;COMPL;Surabaya HQ;CC7461;USD;7500000;X;TEC;NSGML;STRATEGY;12;CERT-69835;08:00;17:00;20;2;IDR;11/01/2024;15/01/2024;2;Leadership;Training;Management Science;STEM Engineering
35243;;06/04/2023;28/03/2023;Wendi Pratama;Training Interface;Officer;HSE;PRODUCTION DIVISION;IT DEPT DEPARTMENT;teknik negosiasi;2023;Harvard Online;TRAIN;COMPL;Online;CC7399;USD;1500000;;HRS;NSTEM;NEGOTIATION;0;CERT-86945;08:00;17:00;16;2;IDR;28/03/2023;06/04/2023;5;Soft Skill;Certification;Human Capital;Non-STEM General Management Le
EMP089009;;13/01/2024;03/01/2024;Maya Setiawan;Training Interface;Senior Operator;PROPERTY;MAINTENANCE DIVISION;TAX DEPARTMENT;SAP S4HANA Basic;2024;SAP Education ID;TRAIN;SOFT;Online;CC3482;IDR;7500000;;MGS;NSGML;SAP;24;CERT-82571;08:00;17:00;32;4;IDR;03/01/2024;13/01/2024;1;Technical Skill;Seminar;Human Capital;STEM Technical
EMP085249;;30/04/2023;27/04/2023;Employee EMP085249;Manual Entry;General Manager;AGRIBUSINESS;MAINTENANCE DIVISION;TAX DEPARTMENT;Teknik Negosiasi;2023;Harvard Online;CERT;TECH;;CC9209;USD;0;X;TEC;NSTEM;Negotiation;24;CERT-44800;08:00;17:00;16;2;IDR;27/04/2023;30/04/2023;3;Soft Skill;Training;Human Capital;STEM Engineering
83072;;26/06/2023;20/06/2023;Kevin Ardhana;Training Interface;Senior Operator;FINANCE & ACCOUNTING;PRODUCTION DIVISION;IT DEPT DEPARTMENT;Finance for Non Finance;2023;Coursera;TRAIN;COMPL;Online;CC4457;USD;7500000;X;MGS;NSGML;FINANCE;;;08:00;17:00;12;1;IDR;20/06/2023;26/06/2023;4;Technical Skill;Workshop;Engineering;STEM Technical
73085;CERT;18/10/2023;11/10/2023;Siti Susanto;Training Interface;Department Head;FINANCE & ACCOUNTING;INTERNAL AUDIT DIVISION;RECRUITMENT DEPARTMENT;Coaching Performance;2023;Internal Trainer;CERT;COMPL;;CC7051;IDR;0;;MGS;NSGML;Coaching;12;CERT-86972;08:00;17:00;16;2;IDR;11/10/2023;18/10/2023;4;Leadership;Training;Management Science;Non-STEM General Management Le
EMP089002;TRAIN;12/12/2022;07/12/2022;Agus Nugroho;Training Interface;Analyst;CORPORATE CENTER;TREASURY DIVISION;HEAVY EQUIPMENT DEPARTMENT;esg reporting;2022;GRI;WORKSHOP;COMPL;;CC7819;USD;3500000;X;HRS;NSTEM;ESG;0;CERT-67956;08:00;17:00;12;1;IDR;07/12/2022;12/12/2022;5;Technical Skill;Training;Engineering;STEM Engineering
EMP085300;;01/02/2025;30/01/2025;Lukman Basuki;Self Reported;General Manager;FINANCIAL SERVICES;PROCUREMENT DIVISION;PLANT 2 DEPARTMENT;SAP S4HANA Basic;2025;SAP Education ID;DEVEL;SOFT;Jakarta Office;CC6531;IDR;3500000;X;TEC;STEM;SAP;;;08:00;17:00;32;4;IDR;30/01/2025;01/02/2025;3;Technical Skill;Training;Finance;STEM Technical
44055;TRAIN;23/12/2022;12/12/2022;Lukman Fajari;Self Reported;Engineer;HUMAN RESOURCES;PROCUREMENT DIVISION;SUPPLY CHAIN DEPT DEPARTMENT;MS Excel Lanjutan;2022;kelas.work;TRAIN;TECH;Surabaya HQ;CC8888;USD;3500000;Y;MGS;STEM;MS EXCEL;;;08:00;17:00;16;2;IDR;12/12/2022;23/12/2022;3;Technical Skill;Workshop;Human Capital;STEM Engineering
EMP085206;TRAIN;24/08/2023;20/08/2023;Julia Hidayat;Manual Entry;Operator;FINANCIAL SERVICES;PROCUREMENT DIVISION;CORPORATE RECRUITMENT DEPARTMENT;Komunikasi Efektif;2023;Dale Carnegie ID;CERT;LEAD;Jakarta Office;CC7467;IDR;1500000;;HRS;NSGML;Communication;0;CERT-38329;08:00;17:00;8;1;IDR;20/08/2023;24/08/2023;1;Soft Skill;Seminar;Human Capital;STEM Engineering
EMP085143;;13/07/2024;07/07/2024;Arman Gunawan;Self Reported;Supervisor;FORESTRY & PLANTATION;MAINTENANCE DIVISION;PIPELINE DEPARTMENT;Komunikasi Efektif;2024;Dale Carnegie ID;CERT;SOFT;Bali Resort;CC5791;IDR;7500000;X;MGS;NSTEM;Communication;;;08:00;17:00;8;1;IDR;07/07/2024;13/07/2024;3;Soft Skill;Workshop;Human Capital;STEM Engineering
57522;TRAIN;27/10/2025;19/10/2025;Yogi Usman;Training Interface;Senior Engineer;CORPORATE AFFAIRS;INTERNAL AUDIT DIVISION;CORPORATE AFFAIRS DEPT DEPARTMENT;Pengambilan Keputusan Strategis;2025;INSEAD;WORKSHOP;SOFT;Online;CC2271;USD;0;X;FIN;NSTEM;STRATEGY;0;CERT-63012;08:00;17:00;20;2;IDR;19/10/2025;27/10/2025;3;Leadership;Seminar;Management Science;STEM Engineering
31884;CERT;09/12/2025;04/12/2025;Intan Kusuma;Training Interface;Department Head;IT;ENGINEERING DIVISION;QUALITY CONTROL DEPARTMENT;Risk Factor In Merger Acquisition;2025;Internal Trainer;WORKSHOP;LEAD;Online;CC8386;IDR;7500000;Y;MGS;NSTEM;M&A;0;CERT-16938;08:00;17:00;8;1;IDR;04/12/2025;09/12/2025;4;Technical Skill;Training;Finance;STEM Technical
17558;;09/05/2025;04/05/2025;Veri Dinata;Training Interface;Manager;CORPORATE AFFAIRS;PRODUCTION DIVISION;HSE DEPT DEPARTMENT;Strategi Transformasi Digital;2025;MIT Sloan Executive;DEVEL;LEAD;Surabaya HQ;CC8902;USD;0;X;HRS;STEM;DIGITAL STRATEGY;12;CERT-24092;08:00;17:00;24;3;IDR;04/05/2025;09/05/2025;4;Leadership;Training;Management Science;Non-STEM General Management Le
EMP085113;TRAIN;03/01/2024;29/12/2023;Yanto Cokro;Training Interface;Officer;TRADING;TREASURY DIVISION;DRILLING DEPARTMENT;Data Analytics Advance;2023;Coursera;WORKSHOP;TECH;Jakarta Office;CC7819;USD;3500000;;FIN;STEM;Data Analytics;36;CERT-75987;08:00;17:00;40;5;IDR;29/12/2023;03/01/2024;4;Technical Skill;Certification;Finance;Non-STEM General Management Le
EMP085359;CERT;29/09/2022;15/09/2022;Fitri Hidayat;Manual Entry;Operator;MINING OPERATIONS;INTERNAL AUDIT DIVISION;LOGISTICS DEPARTMENT;Finance for Non Finance;2022;Coursera;DEVEL;SOFT;Surabaya HQ;CC7157;USD;3500000;X;HRS;STEM;Finance;12;CERT-59272;08:00;17:00;12;1;IDR;15/09/2022;29/09/2022;1;Technical Skill;Seminar;Human Capital;STEM Engineering
EMP085157;TRAIN;04/02/2024;22/01/2024;EKO ZAINAL;Training Interface;Coordinator;MINING OPERATIONS;PROCUREMENT DIVISION;LOGISTICS DEPARTMENT;ESG Reporting;2024;GRI;CERT;SOFT;;CC5883;USD;7500000;X;MGS;NSGML;ESG;36;CERT-11371;08:00;17:00;12;1;IDR;22/01/2024;04/02/2024;2;Technical Skill;Certification;Management Science;STEM Technical
31179;TRAIN;19/06/2025;07/06/2025;Teguh Akbar;Manual Entry;Manager;LEGAL & COMPLIANCE;TREASURY DIVISION;SUPPLY CHAIN DEPT DEPARTMENT;Teknik Negosiasi;2025;Harvard Online;WORKSHOP;LEAD;Online;CC2896;USD;500000;;MGS;NSTEM;Negotiation;12;CERT-62472;08:00;17:00;16;2;IDR;07/06/2025;19/06/2025;5;Soft Skill;Workshop;Management Science;STEM Engineering
EMP089002;TRAIN;03/09/2024;01/09/2024;Agus Nugroho;Manual Entry;Analyst;CORPORATE CENTER;TREASURY DIVISION;HEAVY EQUIPMENT DEPARTMENT;Teknik Negosiasi;2024;Harvard Online;CERT;TECH;Jakarta Office;CC4053;USD;1500000;;FIN;NSGML;NEGOTIATION;;;08:00;17:00;16;2;IDR;01/09/2024;03/09/2024;1;Soft Skill;Seminar;Management Science;STEM Engineering
EMP089042;;29/11/2023;25/11/2023;Bayu Wahyudi;Self Reported;Specialist;LOGISTICS;PRODUCTION DIVISION;DRILLING DEPARTMENT;MS Excel Lanjutan;2023;kelas.work;CERT;LEAD;Surabaya HQ;CC6834;USD;3500000;Y;TEC;STEM;MS Excel;12;CERT-62990;08:00;17:00;16;2;IDR;25/11/2023;29/11/2023;4;Technical Skill;Training;Management Science;STEM Technical
EMP085207;TRAIN;20/10/2022;15/10/2022;Hendra Chandra;Manual Entry;Manager;FINANCIAL SERVICES;PROCUREMENT DIVISION;DRILLING DEPARTMENT;Finance for Non Finance;2022;Coursera;WORKSHOP;COMPL;Online;CC6055;USD;0;X;MGS;NSTEM;FINANCE;24;CERT-49303;08:00;17:00;12;1;IDR;15/10/2022;20/10/2022;4;Technical Skill;Training;Human Capital;STEM Technical
96511;TRAIN;29/03/2022;22/03/2022;Qomar Mahendra;Manual Entry;Officer;CORPORATE;INTERNAL AUDIT DIVISION;ENGINEERING DEPT DEPARTMENT;ESG Reporting ;2022;GRI;DEVEL;LEAD;;CC5139;USD;0;Y;MGS;NSGML;ESG;12;CERT-82466;08:00;17:00;12;1;IDR;22/03/2022;29/03/2022;1;Technical Skill;Certification;Human Capital;STEM Technical
EMP087040;;23/03/2025;14/03/2025;Andi Setiawan;Manual Entry;Senior Analyst;PETROCHEMICAL;INTERNAL AUDIT DIVISION;PAYROLL DEPARTMENT;Coaching Performance;2025;Internal Trainer;WORKSHOP;COMPL;Bali Resort;CC9860;IDR;500000;Y;TEC;NSTEM;COACHING;36;CERT-76139;08:00;17:00;16;2;IDR;14/03/2025;23/03/2025;3;Leadership;Training;Human Capital;STEM Technical
EMP085371;TRAIN;30/05/2024;25/05/2024;Zahra Kuncoro;Manual Entry;Supervisor;TRADING;INTERNAL AUDIT DIVISION;PLANT 1 DEPARTMENT;Teknik Negosiasi;2024;Harvard Online;CERT;COMPL;Online;CC9169;USD;500000;;HRS;NSGML;NEGOTIATION;;;08:00;17:00;16;2;IDR;25/05/2024;30/05/2024;4;Soft Skill;Certification;Human Capital;STEM Engineering
EMP085386;;20/07/2023;16/07/2023;Elsa Chandra;Self Reported;Supervisor;ENERGY GROUP;ENGINEERING DIVISION;RECRUITMENT DEPARTMENT;Coaching Performance;2023;Internal Trainer;WORKSHOP;TECH;Surabaya HQ;CC1849;IDR;7500000;Y;TEC;STEM;COACHING;;;08:00;17:00;16;2;IDR;16/07/2023;20/07/2023;5;Leadership;Seminar;Human Capital;STEM Technical
EMP085308;CERT;06/04/2023;02/04/2023;Eko Halim;Self Reported;Coordinator;PROPERTY;TREASURY DIVISION;PLANT 1 DEPARTMENT;SAP S4HANA Basic;2023;SAP Education ID;TRAIN;SOFT;;CC7841;IDR;1500000;;MGS;NSGML;SAP;12;CERT-83774;08:00;17:00;32;4;IDR;02/04/2023;06/04/2023;5;Technical Skill;Seminar;Management Science;STEM Technical
EMP085243;CERT;09/11/2022;26/10/2022;Ayu Kurniawan;Training Interface;Engineer;MINING OPERATIONS;PROCUREMENT DIVISION;RECRUITMENT DEPARTMENT;Finance for Non Finance;2022;Coursera;WORKSHOP;COMPL;Online;CC6924;USD;0;Y;FIN;NSGML;FINANCE;;;08:00;17:00;12;1;IDR;26/10/2022;09/11/2022;1;Technical Skill;Seminar;Management Science;STEM Engineering
27825;;28/02/2023;23/02/2023;Dian Nugroho;Self Reported;Officer;IT;MAINTENANCE DIVISION;HEAVY EQUIPMENT DEPARTMENT;Leadership Essential;2023;Internal Trainer;CERT;SOFT;Online;CC3029;IDR;7500000;;MGS;NSGML;Leadership;;;08:00;17:00;16;2;IDR;23/02/2023;28/02/2023;2;Leadership;Workshop;Management Science;STEM Engineering
37926;;04/09/2022;29/08/2022;HARIS GUNAWAN;Manual Entry;Specialist;HUMAN RESOURCES;MAINTENANCE DIVISION;LOGISTICS DEPARTMENT;Teknik Negosiasi;2022;Harvard Online;TRAIN;SOFT;;CC5169;USD;7500000;X;HRS;NSTEM;NEGOTIATION;;;08:00;17:00;16;2;IDR;29/08/2022;04/09/2022;1;Soft Skill;Workshop;Engineering;STEM Technical
EMP085444;CERT;07/05/2025;26/04/2025;Andi Junaedi;Manual Entry;Engineer;FINANCIAL SERVICES (HOLDING);TALENT MANAGEMENT DIVISION;PLANT 2 DEPARTMENT;Teknik Negosiasi;2025;Harvard Online;CERT;TECH;Surabaya HQ;CC6469;USD;0;;MGS;NSTEM;Negotiation;;;08:00;17:00;16;2;IDR;26/04/2025;07/05/2025;5;Soft Skill;Certification;Finance;STEM Technical
98052;CERT;01/01/2023;25/12/2022;Prima Setiawan;Self Reported;Section Head;CORPORATE;PROCUREMENT DIVISION;HR DEPT DEPARTMENT;SAP S4HANA Basic;2022;SAP Education ID;DEVEL;TECH;Surabaya HQ;CC1715;IDR;0;X;HRS;STEM;SAP;24;CERT-90967;08:00;17:00;32;4;IDR;25/12/2022;01/01/2023;1;Technical Skill;Workshop;Human Capital;STEM Technical
60295;TRAIN;13/05/2022;08/05/2022;Yuni Hidayat;Manual Entry;Manager;HUMAN RESOURCES;ENGINEERING DIVISION;HEAVY EQUIPMENT DEPARTMENT;Keselamatan Pertambangan;2022;Internal Trainer;WORKSHOP;SOFT;Surabaya HQ;CC6907;IDR;7500000;Y;FIN;NSGML;SAFETY;36;CERT-80423;08:00;17:00;16;2;IDR;08/05/2022;13/05/2022;1;Technical Skill;Certification;Management Science;STEM Technical
EMP085056;;12/05/2025;01/05/2025;D. Hermawan;Training Interface;Senior Analyst;AGRIBUSINESS;ENGINEERING DIVISION;LOGISTICS DEPARTMENT;Leadership Essential;2025;Internal Trainer;WORKSHOP;COMPL;;CC1854;IDR;3500000;X;FIN;NSTEM;LEADERSHIP;;;08:00;17:00;16;2;IDR;01/05/2025;12/05/2025;2;Leadership;Training;Finance;STEM Technical
EMP085138;CERT;22/08/2024;13/08/2024;Eko Widodo;Self Reported;Coordinator;AGRIBUSINESS;PRODUCTION DIVISION;PIPELINE DEPARTMENT;Keselamatan Pertambangan;2024;Internal Trainer;TRAIN;COMPL;Online;CC9096;IDR;0;;TEC;STEM;SAFETY;12;CERT-77034;08:00;17:00;16;2;IDR;13/08/2024;22/08/2024;5;Technical Skill;Certification;Engineering;STEM Technical
EMP085308;;10/08/2023;29/07/2023;Eko Halim;Manual Entry;Coordinator;PROPERTY;TREASURY DIVISION;PLANT 1 DEPARTMENT;Risk Factor In Merger Acquisition;2023;Internal Trainer;DEVEL;LEAD;;CC6942;IDR;500000;X;MGS;NSGML;M&A;0;CERT-25793;08:00;17:00;8;1;IDR;29/07/2023;10/08/2023;1;Technical Skill;Certification;Management Science;STEM Technical
38708;;01/09/2022;21/08/2022;Reza Kusuma;Self Reported;General Manager;ENGINEERING;PROCUREMENT DIVISION;ACCOUNTING DEPT DEPARTMENT;MS Excel Lanjutan;2022;kelas.work;DEVEL;SOFT;Jakarta Office;CC9206;USD;0;;HRS;NSTEM;MS EXCEL;36;CERT-77303;08:00;17:00;16;2;IDR;21/08/2022;01/09/2022;5;Technical Skill;Certification;Management Science;STEM Engineering
EMP085048;TRAIN;17/09/2022;05/09/2022;Employee EMP085048;Training Interface;Department Head;MINING OPERATIONS;TALENT MANAGEMENT DIVISION;PLANT 2 DEPARTMENT;PMP Preparation;2022;PMI Indonesia;TRAIN;LEAD;Jakarta Office;CC9837;USD;1500000;X;HRS;STEM;PROJECT MANAGEMENT;;;08:00;17:00;32;4;IDR;05/09/2022;17/09/2022;5;Soft Skill;Seminar;Management Science;Non-STEM General Management Le
26064;;18/12/2024;16/12/2024;Sri Indrawan;Self Reported;Analyst;INFORMATION TECHNOLOGY;PROCUREMENT DIVISION;HR DEPT DEPARTMENT;Komunikasi Efektif;2024;Dale Carnegie ID;CERT;SOFT;Online;CC5054;IDR;0;X;FIN;STEM;Communication;24;CERT-99140;08:00;17:00;8;1;IDR;16/12/2024;18/12/2024;1;Soft Skill;Training;Engineering;STEM Technical
EMP087003;CERT;03/05/2022;01/05/2022;Sri Santoso;Training Interface;Analyst;PETROCHEMICAL;TREASURY DIVISION;HEAVY EQUIPMENT DEPARTMENT;Komunikasi Efektif ;2022;Dale Carnegie ID;DEVEL;SOFT;Jakarta Office;CC6069;IDR;0;X;HRS;STEM;Communication;0;CERT-72986;08:00;17:00;8;1;IDR;01/05/2022;03/05/2022;2;Soft Skill;Training;Finance;Non-STEM General Management Le
13968;;24/06/2025;15/06/2025;Bambang Wibowo;Manual Entry;Operator;CORPORATE;ENGINEERING DIVISION;PLANT 1 DEPARTMENT;Risk Factor In Merger Acquisition;2025;Internal Trainer;CERT;TECH;Surabaya HQ;CC8153;IDR;0;Y;TEC;NSTEM;M&A;12;CERT-89565;08:00;17:00;8;1;IDR;15/06/2025;24/06/2025;5;Technical Skill;Training;Management Science;STEM Engineering
90315;CERT;25/01/2025;14/01/2025;Haris Sari;Training Interface;Officer;IT;PRODUCTION DIVISION;LOGISTICS DEPARTMENT;keselamatan pertambangan;2025;Internal Trainer;DEVEL;SOFT;Jakarta Office;CC2098;IDR;0;Y;TEC;NSGML;SAFETY;24;CERT-35035;08:00;17:00;16;2;IDR;14/01/2025;25/01/2025;4;Technical Skill;Training;Finance;STEM Technical
20396;TRAIN;19/05/2025;15/05/2025;Hana Jaya;Manual Entry;Coordinator;LEGAL & COMPLIANCE;PRODUCTION DIVISION;ENGINEERING DEPT DEPARTMENT;Strategi Transformasi Digital;2025;MIT Sloan Executive;CERT;LEAD;Jakarta Office;CC7726;USD;3500000;X;FIN;STEM;Digital Strategy;;;08:00;17:00;24;3;IDR;15/05/2025;19/05/2025;1;Leadership;Workshop;Management Science;STEM Engineering
92921;TRAIN;03/06/2023;23/05/2023;Hadi Akbar;Manual Entry;Senior Operator;CORPORATE;INTERNAL AUDIT DIVISION;LEGAL DEPT DEPARTMENT;Data Analytics Advance;2023;Coursera;DEVEL;SOFT;Jakarta Office;CC2257;USD;0;Y;HRS;NSGML;Data Analytics;;;08:00;17:00;40;5;IDR;23/05/2023;03/06/2023;3;Technical Skill;Workshop;Management Science;Non-STEM General Management Le
77431;CERT;02/09/2024;30/08/2024;Siti Tambunan;Self Reported;Supervisor;CORPORATE AFFAIRS;PROCUREMENT DIVISION;ACCOUNTING DEPT DEPARTMENT;risk factor in merger acquisition;2024;Internal Trainer;TRAIN;SOFT;Jakarta Office;CC8420;IDR;7500000;;FIN;NSTEM;M&A;24;CERT-47413;08:00;17:00;8;1;IDR;30/08/2024;02/09/2024;4;Technical Skill;Seminar;Human Capital;Non-STEM General Management Le
EMP085132;;05/05/2024;03/05/2024;Haris Santoso;Manual Entry;Operator;AGRIBUSINESS;PRODUCTION DIVISION;RECRUITMENT DEPARTMENT;ESG Reporting;2024;GRI;DEVEL;SOFT;;CC6805;USD;3500000;X;MGS;NSTEM;ESG;;;08:00;17:00;12;1;IDR;03/05/2024;05/05/2024;2;Technical Skill;Workshop;Human Capital;STEM Engineering
EMP085478;TRAIN;18/12/2024;11/12/2024;Julia Hidayat;Manual Entry;Senior Engineer;FORESTRY & PLANTATION;ENGINEERING DIVISION;DRILLING DEPARTMENT;Keselamatan Pertambangan;2024;Internal Trainer;DEVEL;TECH;Surabaya HQ;CC9136;IDR;7500000;Y;TEC;STEM;SAFETY;;;08:00;17:00;16;2;IDR;11/12/2024;18/12/2024;5;Technical Skill;Workshop;Finance;STEM Engineering
87420;;23/08/2025;22/08/2025;Bunga Yusuf;Manual Entry;Section Head;MINING OPERATIONS;INTERNAL AUDIT DIVISION;LEGAL DEPT DEPARTMENT;sap s4hana basic;2025;SAP Education ID;WORKSHOP;COMPL;Online;CC4587;IDR;7500000;X;HRS;NSGML;SAP;;;08:00;17:00;32;4;IDR;22/08/2025;23/08/2025;4;Technical Skill;Certification;Finance;Non-STEM General Management Le
EMP087003;CERT;22/06/2023;13/06/2023;Sri Santoso;Manual Entry;Analyst;PETROCHEMICAL;TREASURY DIVISION;HEAVY EQUIPMENT DEPARTMENT;pmp preparation;2023;PMI Indonesia;CERT;SOFT;Jakarta Office;CC4432;USD;0;Y;HRS;NSGML;PROJECT MANAGEMENT;;;08:00;17:00;32;4;IDR;13/06/2023;22/06/2023;4;Soft Skill;Training;Human Capital;STEM Engineering
63708;;24/07/2024;23/07/2024;Hana Fauzi;Manual Entry;Manager;FINANCE & ACCOUNTING;TREASURY DIVISION;FINANCE DEPT DEPARTMENT;MS Excel Lanjutan ;2024;kelas.work;TRAIN;TECH;Bali Resort;CC1517;USD;1500000;Y;FIN;NSTEM;MS EXCEL;;;08:00;17:00;16;2;IDR;23/07/2024;24/07/2024;4;Technical Skill;Seminar;Finance;Non-STEM General Management Le
EMP085410;;18/12/2022;09/12/2022;Maya Jaya;Self Reported;Senior Operator;LOGISTICS;ENGINEERING DIVISION;LOGISTICS DEPARTMENT;SAP S4HANA Basic;2022;SAP Education ID;CERT;LEAD;Jakarta Office;CC9755;IDR;0;;FIN;NSGML;SAP;24;CERT-51446;08:00;17:00;32;4;IDR;09/12/2022;18/12/2022;3;Technical Skill;Seminar;Human Capital;STEM Technical
14955;CERT;07/10/2023;23/09/2023;Vina Atmaja;Manual Entry;Senior Engineer;SUPPLY CHAIN;PROCUREMENT DIVISION;FINANCE DEPT DEPARTMENT;PMP Preparation;2023;PMI Indonesia;WORKSHOP;COMPL;Surabaya HQ;CC5767;USD;1500000;X;FIN;STEM;Project Management;24;CERT-10521;08:00;17:00;32;4;IDR;23/09/2023;07/10/2023;1;Soft Skill;Workshop;Management Science;STEM Technical
EMP085019;;15/12/2022;14/12/2022;Benny Dianto;Manual Entry;Analyst;TRADING;TREASURY DIVISION;HEAVY EQUIPMENT DEPARTMENT;Cybersecurity Fundamental;2022;Coursera;WORKSHOP;LEAD;Jakarta Office;CC8695;USD;3500000;;MGS;STEM;CYBERSECURITY;36;CERT-14899;08:00;17:00;24;3;IDR;14/12/2022;15/12/2022;3;Technical Skill;Training;Human Capital;Non-STEM General Management Le
EMP087005;CERT;23/04/2022;09/04/2022;Agus Nainggolan;Training Interface;Section Head;FORESTRY & PLANTATION;ENGINEERING DIVISION;PAYROLL DEPARTMENT;Coaching Performance;2022;Internal Trainer;CERT;COMPL;Bali Resort;CC6468;IDR;7500000;;MGS;NSTEM;COACHING;0;CERT-77143;08:00;17:00;16;2;IDR;09/04/2022;23/04/2022;5;Leadership;Training;Engineering;STEM Engineering
70708;;02/09/2024;23/08/2024;Kevin Siregar;Training Interface;Officer;INFORMATION TECHNOLOGY;MAINTENANCE DIVISION;LEGAL DEPT DEPARTMENT;Cybersecurity Fundamental;2024;Coursera;CERT;TECH;Surabaya HQ;CC3796;USD;500000;;MGS;NSGML;CYBERSECURITY;12;CERT-95037;08:00;17:00;24;3;IDR;23/08/2024;02/09/2024;1;Technical Skill;Workshop;Human Capital;STEM Technical
EMP085444;TRAIN;31/05/2022;22/05/2022;Andi Junaedi;Training Interface;Engineer;FINANCIAL SERVICES (HOLDING);TALENT MANAGEMENT DIVISION;PLANT 2 DEPARTMENT;Coaching Performance;2022;Internal Trainer;CERT;COMPL;Surabaya HQ;CC1712;IDR;1500000;;HRS;STEM;COACHING;24;CERT-73972;08:00;17:00;16;2;IDR;22/05/2022;31/05/2022;1;Leadership;Workshop;Management Science;Non-STEM General Management Le
43260;CERT;19/01/2025;12/01/2025;ULFA TRIYANTO;Self Reported;Senior Engineer;FINANCE & ACCOUNTING;TALENT MANAGEMENT DIVISION;OPERATIONS DEPT DEPARTMENT;Strategi Transformasi Digital;2025;MIT Sloan Executive;DEVEL;TECH;Bali Resort;CC1390;USD;0;;HRS;STEM;Digital Strategy;0;CERT-86440;08:00;17:00;24;3;IDR;12/01/2025;19/01/2025;1;Leadership;Training;Management Science;STEM Engineering
EMP085053;CERT;23/01/2024;14/01/2024;Kartika Adiputra;Self Reported;Department Head;MINING OPERATIONS;MAINTENANCE DIVISION;DRILLING DEPARTMENT;Finance for Non Finance;2024;Coursera;TRAIN;TECH;Online;CC6528;USD;0;;TEC;NSGML;FINANCE;0;CERT-61247;08:00;17:00;12;1;IDR;14/01/2024;23/01/2024;3;Technical Skill;Seminar;Finance;STEM Technical
EMP089034;TRAIN;02/11/2023;29/10/2023;Agus Kurniawan;Training Interface;Officer;FINANCIAL SERVICES;PROCUREMENT DIVISION;LOGISTICS DEPARTMENT;PMP Preparation;2023;PMI Indonesia;TRAIN;TECH;Jakarta Office;CC8899;USD;7500000;;TEC;NSTEM;PROJECT MANAGEMENT;;;08:00;17:00;32;4;IDR;29/10/2023;02/11/2023;1;Soft Skill;Workshop;Human Capital;Non-STEM General Management Le
EMP085470;TRAIN;28/07/2023;15/07/2023;Toni Cokro;Manual Entry;Supervisor;CORPORATE CENTER;INTERNAL AUDIT DIVISION;PAYROLL DEPARTMENT;Pengambilan Keputusan Strategis ;2023;INSEAD;CERT;TECH;Jakarta Office;CC4462;USD;3500000;Y;TEC;STEM;Strategy;;;08:00;17:00;20;2;IDR;15/07/2023;28/07/2023;1;Leadership;Seminar;Engineering;Non-STEM General Management Le
EMP085025;CERT;03/04/2024;23/03/2024;Zulfa Fajari;Training Interface;Senior Operator;ENERGY GROUP;ENGINEERING DIVISION;QUALITY CONTROL DEPARTMENT;Coaching Performance;2024;Internal Trainer;CERT;SOFT;;CC6814;IDR;0;;MGS;NSGML;Coaching;;;08:00;17:00;16;2;IDR;23/03/2024;03/04/2024;5;Leadership;Seminar;Human Capital;STEM Engineering
EMP085288;;15/06/2025;07/06/2025;FITRI LAKSONO;Training Interface;Officer;TRADING;TALENT MANAGEMENT DIVISION;TAX DEPARTMENT;Coaching Performance;2025;Internal Trainer;WORKSHOP;SOFT;;CC7547;IDR;7500000;;TEC;NSTEM;COACHING;;;08:00;17:00;16;2;IDR;07/06/2025;15/06/2025;3;Leadership;Certification;Human Capital;STEM Technical
11982;TRAIN;29/10/2025;25/10/2025;Elsa Triyanto;Self Reported;Officer;ENGINEERING;INTERNAL AUDIT DIVISION;ENGINEERING DEPT DEPARTMENT;MS Excel Lanjutan ;2025;kelas.work;TRAIN;LEAD;Jakarta Office;CC4543;USD;500000;X;TEC;STEM;MS EXCEL;;;08:00;17:00;16;2;IDR;25/10/2025;29/10/2025;4;Technical Skill;Certification;Human Capital;Non-STEM General Management Le
38096;TRAIN;25/03/2022;17/03/2022;Eka Tanjung;Self Reported;Section Head;SUPPLY CHAIN;INTERNAL AUDIT DIVISION;ENGINEERING DEPT DEPARTMENT;sap s4hana basic;2022;SAP Education ID;TRAIN;COMPL;Jakarta Office;CC1598;IDR;0;Y;MGS;NSGML;SAP;24;CERT-24502;08:00;17:00;32;4;IDR;17/03/2022;25/03/2022;3;Technical Skill;Certification;Management Science;STEM Technical
26064;CERT;31/08/2024;30/08/2024;Sri Indrawan;Training Interface;Analyst;INFORMATION TECHNOLOGY;PROCUREMENT DIVISION;HR DEPT DEPARTMENT;Pengambilan Keputusan Strategis;2024;INSEAD;DEVEL;LEAD;Surabaya HQ;CC8684;USD;3500000;Y;MGS;NSTEM;STRATEGY;36;CERT-45550;08:00;17:00;20;2;IDR;30/08/2024;31/08/2024;2;Leadership;Certification;Management Science;STEM Engineering
EMP085478;TRAIN;08/10/2025;27/09/2025;Julia Hidayat;Manual Entry;Senior Engineer;FORESTRY & PLANTATION;ENGINEERING DIVISION;DRILLING DEPARTMENT;ESG Reporting;2025;GRI;DEVEL;LEAD;Surabaya HQ;CC8695;USD;1500000;X;HRS;STEM;ESG;;;08:00;17:00;12;1;IDR;27/09/2025;08/10/2025;1;Technical Skill;Training;Engineering;Non-STEM General Management Le
84514;TRAIN;;;Andi Wijaya;Self Reported;Department Head;MINING OPERATIONS;;PLANT 2 DEPARTMENT;PMP Preparation;2025;PMI Indonesia;TRAIN;SOFT;Jakarta Office;CC6937;USD;0;;TEC;NSGML;Project Management;;;08:00;17:00;;;IDR;;;1;Soft Skill;Certification;Finance;Non-STEM General Management Le
EMP085209;CERT;31/01/2024;30/01/2024;Sri Wardhana;Training Interface;Engineer;FINANCIAL SERVICES;PROCUREMENT DIVISION;LOGISTICS DEPARTMENT;Strategi Transformasi Digital ;2024;MIT Sloan Executive;CERT;TECH;;CC5607;USD;3500000;Y;FIN;NSTEM;Digital Strategy;36;CERT-28104;08:00;17:00;24;3;IDR;30/01/2024;31/01/2024;2;Leadership;Training;Finance;STEM Engineering
EMP085410;;02/12/2022;30/11/2022;Maya Jaya;Manual Entry;Senior Operator;LOGISTICS;ENGINEERING DIVISION;LOGISTICS DEPARTMENT;Leadership Essential;2022;Internal Trainer;TRAIN;COMPL;Surabaya HQ;CC2251;IDR;500000;X;HRS;NSGML;LEADERSHIP;24;CERT-75979;08:00;17:00;16;2;IDR;30/11/2022;02/12/2022;3;Leadership;Workshop;Human Capital;STEM Engineering
30644;CERT;22/08/2024;15/08/2024;F. Nugroho;Manual Entry;Manager;MINING OPERATIONS;TALENT MANAGEMENT DIVISION;ENGINEERING DEPT DEPARTMENT;Risk Factor In Merger Acquisition;2024;Internal Trainer;TRAIN;TECH;Surabaya HQ;CC1009;IDR;1500000;;FIN;NSTEM;M&A;;;08:00;17:00;8;1;IDR;15/08/2024;22/08/2024;1;Technical Skill;Training;Finance;STEM Engineering
EMP087032;;04/09/2024;26/08/2024;Nanda Wijaya;Manual Entry;Officer;LOGISTICS;TALENT MANAGEMENT DIVISION;QUALITY CONTROL DEPARTMENT;Finance for Non Finance;2024;Coursera;DEVEL;COMPL;Jakarta Office;CC4042;USD;1500000;Y;MGS;NSTEM;FINANCE;36;CERT-54747;08:00;17:00;12;1;IDR;26/08/2024;04/09/2024;3;Technical Skill;Seminar;Human Capital;Non-STEM General Management Le
74079;CERT;18/10/2023;09/10/2023;Ivan Hermawan;Training Interface;General Manager;SUPPLY CHAIN;INTERNAL AUDIT DIVISION;CORPORATE AFFAIRS DEPT DEPARTMENT;Cybersecurity Fundamental;2023;Coursera;DEVEL;LEAD;Jakarta Office;CC6556;USD;1500000;Y;HRS;NSTEM;Cybersecurity;12;CERT-37297;08:00;17:00;24;3;IDR;09/10/2023;18/10/2023;5;Technical Skill;Training;Finance;STEM Engineering
24752;;25/07/2023;11/07/2023;Lestari Nugroho;Self Reported;Engineer;MINING OPERATIONS;INTERNAL AUDIT DIVISION;QUALITY CONTROL DEPARTMENT;Komunikasi Efektif;2023;Dale Carnegie ID;TRAIN;TECH;;CC2755;IDR;0;X;FIN;STEM;Communication;;;08:00;17:00;8;1;IDR;11/07/2023;25/07/2023;5;Soft Skill;Workshop;Human Capital;STEM Engineering
EMP085395;;24/11/2025;15/11/2025;Agus Rohman;Self Reported;Senior Analyst;CORPORATE CENTER;PROCUREMENT DIVISION;HEAVY EQUIPMENT DEPARTMENT;sap s4hana basic;2025;SAP Education ID;CERT;TECH;Bali Resort;CC1494;IDR;0;X;HRS;NSTEM;SAP;;;08:00;17:00;32;4;IDR;15/11/2025;24/11/2025;2;Technical Skill;Training;Engineering;STEM Technical
EMP085234;CERT;25/02/2025;21/02/2025;Dewi Hidayat;Training Interface;Section Head;PROPERTY;TREASURY DIVISION;DRILLING DEPARTMENT;PMP Preparation;2025;PMI Indonesia;CERT;LEAD;Jakarta Office;CC4210;USD;0;;HRS;NSGML;Project Management;12;CERT-25815;08:00;17:00;32;4;IDR;21/02/2025;25/02/2025;5;Soft Skill;Training;Engineering;STEM Technical
55527;CERT;28/04/2022;17/04/2022;Jihan Manurung;Training Interface;Department Head;LEGAL & COMPLIANCE;PRODUCTION DIVISION;IT DEPT DEPARTMENT;MS Excel Lanjutan;2022;kelas.work;CERT;COMPL;Jakarta Office;CC6454;USD;3500000;;MGS;NSGML;MS Excel;0;CERT-50191;08:00;17:00;16;2;IDR;17/04/2022;28/04/2022;5;Technical Skill;Training;Finance;STEM Technical
EMP089001;CERT;06/08/2022;04/08/2022;A. Pratama;Self Reported;Supervisor;FORESTRY & PLANTATION;PROCUREMENT DIVISION;HEAVY EQUIPMENT DEPARTMENT;SAP S4HANA Basic;2022;SAP Education ID;CERT;LEAD;Surabaya HQ;CC6593;IDR;1500000;Y;HRS;NSTEM;SAP;36;CERT-85514;08:00;17:00;32;4;IDR;04/08/2022;06/08/2022;2;Technical Skill;Workshop;Human Capital;STEM Engineering
79654;TRAIN;28/08/2022;25/08/2022;Udin Rahayu;Manual Entry;Section Head;CORPORATE AFFAIRS;MAINTENANCE DIVISION;HSE DEPT DEPARTMENT;Finance for Non Finance;2022;Coursera;DEVEL;SOFT;Bali Resort;CC2604;USD;0;X;FIN;STEM;FINANCE;;;08:00;17:00;12;1;IDR;25/08/2022;28/08/2022;2;Technical Skill;Seminar;Engineering;Non-STEM General Management Le
EMP085164;TRAIN;01/05/2024;24/04/2024;Yola Indrawan;Training Interface;Department Head;LOGISTICS;PRODUCTION DIVISION;DRILLING DEPARTMENT;ESG Reporting;2024;GRI;DEVEL;COMPL;Online;CC8371;USD;3500000;;HRS;NSTEM;ESG;36;CERT-58971;08:00;17:00;12;1;IDR;24/04/2024;01/05/2024;2;Technical Skill;Workshop;Management Science;Non-STEM General Management Le
EMP085418;TRAIN;20/03/2025;11/03/2025;Cika Siregar;Self Reported;Manager;AGRIBUSINESS;INTERNAL AUDIT DIVISION;QUALITY CONTROL DEPARTMENT;SAP S4HANA Basic;2025;SAP Education ID;CERT;LEAD;Online;CC1611;IDR;3500000;Y;TEC;NSTEM;SAP;;;08:00;17:00;32;4;IDR;11/03/2025;20/03/2025;1;Technical Skill;Certification;Engineering;STEM Engineering
99593;CERT;18/10/2022;10/10/2022;A. Salim;Self Reported;Department Head;INFORMATION TECHNOLOGY;ENGINEERING DIVISION;ENGINEERING DEPT DEPARTMENT;ESG Reporting;2022;GRI;DEVEL;COMPL;Online;CC5668;USD;0;Y;TEC;NSTEM;ESG;0;CERT-37686;08:00;17:00;12;1;IDR;10/10/2022;18/10/2022;3;Technical Skill;Seminar;Engineering;Non-STEM General Management Le
EMP089018;CERT;02/01/2023;20/12/2022;Maya Nugroho;Training Interface;Specialist;AGRIBUSINESS;MAINTENANCE DIVISION;PAYROLL DEPARTMENT;Keselamatan Pertambangan ;2022;Internal Trainer;TRAIN;SOFT;Online;CC8811;IDR;0;X;MGS;NSGML;SAFETY;12;CERT-53476;08:00;17:00;16;2;IDR;20/12/2022;02/01/2023;5;Technical Skill;Certification;Engineering;STEM Engineering
EMP087040;CERT;17/01/2022;03/01/2022;Andi Setiawan;Training Interface;Senior Analyst;PETROCHEMICAL;INTERNAL AUDIT DIVISION;PAYROLL DEPARTMENT;MS Excel Lanjutan;2022;kelas.work;TRAIN;COMPL;Jakarta Office;CC5029;USD;0;Y;MGS;NSTEM;MS Excel;36;CERT-99504;08:00;17:00;16;2;IDR;03/01/2022;17/01/2022;4;Technical Skill;Workshop;Engineering;Non-STEM General Management Le
36083;TRAIN;26/06/2023;13/06/2023;Yogi Rahayu;Self Reported;Section Head;SUPPLY CHAIN;INTERNAL AUDIT DIVISION;OPERATIONS DEPT DEPARTMENT;Strategi Transformasi Digital;2023;MIT Sloan Executive;TRAIN;COMPL;;CC6616;USD;0;X;HRS;STEM;DIGITAL STRATEGY;;;08:00;17:00;24;3;IDR;13/06/2023;26/06/2023;4;Leadership;Certification;Management Science;Non-STEM General Management Le
80896;TRAIN;14/05/2022;06/05/2022;Lisa Kuncoro;Self Reported;Analyst;SUPPLY CHAIN;INTERNAL AUDIT DIVISION;HR DEPT DEPARTMENT;SAP S4HANA Basic;2022;SAP Education ID;TRAIN;LEAD;Online;CC8075;IDR;3500000;;FIN;NSGML;SAP;0;CERT-88214;08:00;17:00;32;4;IDR;06/05/2022;14/05/2022;4;Technical Skill;Certification;Human Capital;Non-STEM General Management Le
EMP085383;TRAIN;27/01/2024;15/01/2024;Jaka Budiman;Manual Entry;Officer;TRADING;MAINTENANCE DIVISION;QUALITY CONTROL DEPARTMENT;Finance for Non Finance;2024;Coursera;DEVEL;SOFT;Jakarta Office;CC8271;USD;0;X;FIN;STEM;Finance;24;CERT-72947;08:00;17:00;12;1;IDR;15/01/2024;27/01/2024;2;Technical Skill;Certification;Human Capital;STEM Technical
EMP085062;TRAIN;20/07/2022;12/07/2022;Ayu Mulyadi;Manual Entry;Section Head;FINANCIAL SERVICES;TREASURY DIVISION;QUALITY CONTROL DEPARTMENT;Data Analytics Advance;2022;Coursera;CERT;LEAD;Surabaya HQ;CC2970;USD;1500000;Y;FIN;NSGML;Data Analytics;;;08:00;17:00;40;5;IDR;12/07/2022;20/07/2022;2;Technical Skill;Workshop;Finance;Non-STEM General Management Le
22667;;28/05/2023;21/05/2023;Cahyo Wijaya;Self Reported;Manager;LEGAL & COMPLIANCE;ENGINEERING DIVISION;HSE DEPT DEPARTMENT;MS Excel Lanjutan ;2023;kelas.work;WORKSHOP;TECH;;CC2791;USD;3500000;Y;TEC;NSGML;MS Excel;12;CERT-15482;08:00;17:00;16;2;IDR;21/05/2023;28/05/2023;5;Technical Skill;Seminar;Management Science;STEM Engineering
70292;TRAIN;09/02/2023;05/02/2023;Maya Hermawan;Self Reported;Department Head;SUPPLY CHAIN;MAINTENANCE DIVISION;AFFAIRS DEPT DEPARTMENT;Leadership Essential;2023;Internal Trainer;CERT;LEAD;Online;CC1914;IDR;3500000;Y;TEC;NSGML;Leadership;;;08:00;17:00;16;2;IDR;05/02/2023;09/02/2023;4;Leadership;Workshop;Management Science;STEM Engineering
19770;TRAIN;13/12/2022;07/12/2022;Intan Susanto;Self Reported;Department Head;HUMAN RESOURCES;TALENT MANAGEMENT OPERATIONS DIVISION;SUPPLY CHAIN DEPT DEPARTMENT;Keselamatan Pertambangan ;2022;Internal Trainer;DEVEL;SOFT;Bali Resort;CC2038;IDR;0;X;FIN;NSGML;SAFETY;;;08:00;17:00;16;2;IDR;07/12/2022;13/12/2022;2;Technical Skill;Certification;Management Science;STEM Engineering
EMP089010;;20/01/2024;10/01/2024;Arief Gunawan;Training Interface;Section Head;MINING OPERATIONS;INTERNAL AUDIT DIVISION;LOGISTICS DEPARTMENT;Coaching Performance;2024;Internal Trainer;WORKSHOP;LEAD;Online;CC3987;IDR;500000;;TEC;NSTEM;COACHING;24;CERT-63980;08:00;17:00;16;2;IDR;10/01/2024;20/01/2024;2;Leadership;Training;Management Science;STEM Engineering
EMP085437;TRAIN;26/03/2025;22/03/2025;Toni Permadi;Manual Entry;Supervisor;PETROCHEMICAL;PRODUCTION DIVISION;HEAVY EQUIPMENT DEPARTMENT;Risk Factor In Merger Acquisition ;2025;Internal Trainer;WORKSHOP;LEAD;Jakarta Office;CC6864;IDR;0;;MGS;NSGML;M&A;;;08:00;17:00;8;1;IDR;22/03/2025;26/03/2025;5;Technical Skill;Certification;Human Capital;STEM Technical
EMP085302;CERT;11/05/2024;08/05/2024;Nasrul Nainggolan;Self Reported;Specialist;TRADING;MAINTENANCE DIVISION;QUALITY CONTROL DEPARTMENT;Pengambilan Keputusan Strategis;2024;INSEAD;DEVEL;COMPL;Online;CC9865;USD;0;X;FIN;NSGML;Strategy;;;08:00;17:00;20;2;IDR;08/05/2024;11/05/2024;1;Leadership;Workshop;Finance;STEM Engineering
26247;TRAIN;12/03/2025;11/03/2025;Julia Fajari;Training Interface;Supervisor;LEGAL & COMPLIANCE;PROCUREMENT DIVISION;ENGINEERING DEPT DEPARTMENT;SAP S4HANA Basic;2025;SAP Education ID;DEVEL;COMPL;Online;CC9328;IDR;500000;;FIN;NSTEM;SAP;;;08:00;17:00;32;4;IDR;11/03/2025;12/03/2025;4;Technical Skill;Certification;Human Capital;STEM Engineering
EMP085372;;15/11/2022;03/11/2022;Zulfa Chandra;Self Reported;Officer;CORPORATE CENTER;ENGINEERING DIVISION;TAX DEPARTMENT;Pengambilan Keputusan Strategis;2022;INSEAD;DEVEL;COMPL;Surabaya HQ;CC4628;USD;500000;;HRS;STEM;Strategy;;;08:00;17:00;20;2;IDR;03/11/2022;15/11/2022;4;Leadership;Workshop;Engineering;Non-STEM General Management Le
EMP085243;;06/09/2025;01/09/2025;Ayu Kurniawan;Manual Entry;Engineer;MINING OPERATIONS;PROCUREMENT DIVISION;RECRUITMENT DEPARTMENT;Cybersecurity Fundamental;2025;Coursera;WORKSHOP;SOFT;Bali Resort;CC1663;USD;3500000;;TEC;NSGML;Cybersecurity;0;CERT-39161;08:00;17:00;24;3;IDR;01/09/2025;06/09/2025;4;Technical Skill;Seminar;Management Science;STEM Engineering
11982;TRAIN;03/11/2024;24/10/2024;Elsa Triyanto;Training Interface;Officer;ENGINEERING;INTERNAL AUDIT DIVISION;ENGINEERING DEPT DEPARTMENT;Leadership Essential;2024;Internal Trainer;TRAIN;LEAD;;CC4523;IDR;0;;TEC;STEM;LEADERSHIP;0;CERT-62311;08:00;17:00;16;2;IDR;24/10/2024;03/11/2024;3;Leadership;Certification;Human Capital;STEM Technical
EMP085029;TRAIN;29/09/2025;17/09/2025;Darmawan Gunadi;Training Interface;General Manager;MINING OPERATIONS;TREASURY DIVISION;RECRUITMENT DEPARTMENT;Risk Factor In Merger Acquisition;2025;Internal Trainer;DEVEL;TECH;Bali Resort;CC4153;IDR;0;Y;TEC;STEM;M&A;;;08:00;17:00;8;1;IDR;17/09/2025;29/09/2025;1;Technical Skill;Workshop;Human Capital;STEM Engineering
EMP085381;CERT;24/03/2022;18/03/2022;Kartika Atmaja;Training Interface;Manager;MINING OPERATIONS;TALENT MANAGEMENT DIVISION;HEAVY EQUIPMENT DEPARTMENT;Leadership Essential;2022;Internal Trainer;CERT;SOFT;Bali Resort;CC3957;IDR;3500000;;TEC;NSTEM;Leadership;12;CERT-97984;08:00;17:00;16;2;IDR;18/03/2022;24/03/2022;5;Leadership;Seminar;Human Capital;Non-STEM General Management Le
70708;CERT;28/10/2025;21/10/2025;Kevin Siregar;Training Interface;Officer;INFORMATION TECHNOLOGY;MAINTENANCE DIVISION;LEGAL DEPT DEPARTMENT;MS Excel Lanjutan;2025;kelas.work;TRAIN;SOFT;Bali Resort;CC2035;USD;500000;X;FIN;NSGML;MS Excel;12;CERT-99664;08:00;17:00;16;2;IDR;21/10/2025;28/10/2025;3;Technical Skill;Workshop;Human Capital;Non-STEM General Management Le
36786;;19/02/2023;11/02/2023;S. Rohman;Manual Entry;Officer;FINANCE & ACCOUNTING;ENGINEERING DIVISION;HR DEPT DEPARTMENT;keselamatan pertambangan;2023;Internal Trainer;DEVEL;TECH;Bali Resort;CC3978;IDR;0;X;HRS;NSTEM;Safety;;;08:00;17:00;16;2;IDR;11/02/2023;19/02/2023;5;Technical Skill;Workshop;Human Capital;Non-STEM General Management Le
14012;CERT;28/10/2023;17/10/2023;Yuni Wijaya;Training Interface;Supervisor;HSE;PRODUCTION DIVISION;HSE DEPT DEPARTMENT;Pengambilan Keputusan Strategis ;2023;INSEAD;WORKSHOP;COMPL;Bali Resort;CC5518;USD;0;X;MGS;NSGML;Strategy;;;08:00;17:00;20;2;IDR;17/10/2023;28/10/2023;4;Leadership;Training;Human Capital;STEM Engineering
EMP085026;;07/05/2025;29/04/2025;Haris Triyanto;Self Reported;Specialist;ENERGY GROUP;TALENT MANAGEMENT DIVISION;LOGISTICS DEPARTMENT;Risk Factor In Merger Acquisition ;2025;Internal Trainer;WORKSHOP;SOFT;Bali Resort;CC7144;IDR;0;X;MGS;NSGML;M&A;;;08:00;17:00;8;1;IDR;29/04/2025;07/05/2025;3;Technical Skill;Certification;Human Capital;STEM Technical
EMP085023;CERT;14/06/2022;12/06/2022;Yuni Rohman;Training Interface;Section Head;LOGISTICS;TREASURY DIVISION;PLANT 2 DEPARTMENT;Leadership Essential;2022;Internal Trainer;DEVEL;SOFT;Online;CC6944;IDR;0;X;TEC;STEM;Leadership;;;08:00;17:00;16;2;IDR;12/06/2022;14/06/2022;5;Leadership;Certification;Human Capital;Non-STEM General Management Le
EMP085023;;12/06/2025;11/06/2025;Yuni Rohman;Training Interface;Section Head;LOGISTICS;TREASURY DIVISION;PLANT 2 DEPARTMENT;ms excel lanjutan;2025;kelas.work;WORKSHOP;SOFT;Bali Resort;CC2833;USD;0;X;TEC;STEM;MS EXCEL;36;CERT-14686;08:00;17:00;16;2;IDR;11/06/2025;12/06/2025;1;Technical Skill;Training;Management Science;STEM Technical
92400;CERT;25/08/2022;15/08/2022;Cahyo Atmaja;Manual Entry;Analyst;LEGAL & COMPLIANCE;ENGINEERING DIVISION;IT DEPT DEPARTMENT;PMP Preparation ;2022;PMI Indonesia;DEVEL;COMPL;Bali Resort;CC6596;USD;7500000;Y;MGS;NSGML;Project Management;;;08:00;17:00;32;4;IDR;15/08/2022;25/08/2022;3;Soft Skill;Seminar;Human Capital;STEM Technical
EMP085483;TRAIN;30/08/2025;21/08/2025;Aldhi Haryadi;Self Reported;Engineer;MINING OPERATIONS;ENGINEERING DIVISION;RECRUITMENT DEPARTMENT;Coaching Performance;2025;Internal Trainer;DEVEL;TECH;;CC9817;IDR;0;X;HRS;STEM;Coaching;;;08:00;17:00;16;2;IDR;21/08/2025;30/08/2025;3;Leadership;Training;Engineering;Non-STEM General Management Le
EMP085238;;18/02/2024;08/02/2024;Benny Manurung;Self Reported;Senior Engineer;FINANCIAL SERVICES;PROCUREMENT DIVISION;PLANT 2 DEPARTMENT;MS Excel Lanjutan;2024;kelas.work;WORKSHOP;COMPL;Surabaya HQ;CC3429;USD;7500000;;MGS;NSGML;MS EXCEL;;;08:00;17:00;16;2;IDR;08/02/2024;18/02/2024;2;Technical Skill;Certification;Management Science;Non-STEM General Management Le
EMP085175;;15/10/2022;10/10/2022;Fina Siregar;Training Interface;Manager;MINING OPERATIONS;TREASURY DIVISION;PAYROLL DEPARTMENT;leadership essential;2022;Internal Trainer;WORKSHOP;TECH;Online;CC6577;IDR;7500000;Y;MGS;STEM;LEADERSHIP;12;CERT-66727;08:00;17:00;16;2;IDR;10/10/2022;15/10/2022;5;Leadership;Seminar;Finance;STEM Technical
EMP085062;TRAIN;13/05/2023;08/05/2023;Ayu Mulyadi;Manual Entry;Section Head;FINANCIAL SERVICES;TREASURY DIVISION;QUALITY CONTROL DEPARTMENT;Cybersecurity Fundamental;2023;Coursera;DEVEL;LEAD;;CC9916;USD;500000;X;MGS;NSGML;Cybersecurity;36;CERT-14203;08:00;17:00;24;3;IDR;08/05/2023;13/05/2023;5;Technical Skill;Workshop;Human Capital;STEM Technical
39919;CERT;20/12/2024;10/12/2024;SITI MANURUNG;Manual Entry;Specialist;SUPPLY CHAIN;PROCUREMENT DIVISION;SUPPLY CHAIN DEPT DEPARTMENT;Leadership Essential;2024;Internal Trainer;WORKSHOP;LEAD;Bali Resort;CC7782;IDR;0;;TEC;NSGML;LEADERSHIP;;;08:00;17:00;16;2;IDR;10/12/2024;20/12/2024;3;Leadership;Certification;Finance;STEM Engineering
14955;CERT;17/09/2022;08/09/2022;Vina Atmaja;Self Reported;Senior Engineer;SUPPLY CHAIN;PROCUREMENT DIVISION;FINANCE DEPT DEPARTMENT;ESG Reporting;2022;GRI;WORKSHOP;TECH;Online;CC2013;USD;0;Y;HRS;NSTEM;ESG;36;CERT-32507;08:00;17:00;12;1;IDR;08/09/2022;17/09/2022;1;Technical Skill;Certification;Finance;STEM Engineering
31872;CERT;01/03/2025;19/02/2025;Leni Gunawan;Training Interface;Engineer;HSE;MAINTENANCE DIVISION;HSE DEPT DEPARTMENT;Teknik Negosiasi;2025;Harvard Online;DEVEL;SOFT;Online;CC9154;USD;0;Y;TEC;NSTEM;NEGOTIATION;;;08:00;17:00;16;2;IDR;19/02/2025;01/03/2025;1;Soft Skill;Training;Finance;STEM Technical
30574;TRAIN;21/06/2025;16/06/2025;Arief Dianto;Self Reported;Coordinator;SUPPLY CHAIN;ENGINEERING DIVISION;LEGAL DEPT DEPARTMENT;PMP Preparation;2025;PMI Indonesia;CERT;LEAD;Bali Resort;CC1166;USD;500000;X;HRS;NSTEM;PROJECT MANAGEMENT;0;CERT-76469;08:00;17:00;32;4;IDR;16/06/2025;21/06/2025;2;Soft Skill;Certification;Management Science;Non-STEM General Management Le
EMP085009;;13/07/2024;29/06/2024;Cika Basuki;Training Interface;Coordinator;PROPERTY;MAINTENANCE DIVISION;PAYROLL DEPARTMENT;Keselamatan Pertambangan;2024;Internal Trainer;DEVEL;SOFT;Surabaya HQ;CC2878;IDR;0;X;FIN;STEM;Safety;36;CERT-29216;08:00;17:00;16;2;IDR;29/06/2024;13/07/2024;3;Technical Skill;Workshop;Engineering;STEM Engineering
EMP085317;;17/07/2022;04/07/2022;M. Wardhana;Training Interface;Senior Operator;LOGISTICS;INTERNAL AUDIT DIVISION;PLANT 2 DEPARTMENT;Komunikasi Efektif;2022;Dale Carnegie ID;DEVEL;TECH;Surabaya HQ;CC4038;IDR;0;Y;HRS;NSTEM;Communication;;;08:00;17:00;8;1;IDR;04/07/2022;17/07/2022;1;Soft Skill;Certification;Finance;STEM Technical
63708;;26/05/2024;18/05/2024;Hana Fauzi;Self Reported;Manager;FINANCE & ACCOUNTING;TREASURY DIVISION;FINANCE DEPT DEPARTMENT;Leadership Essential;2024;Internal Trainer;TRAIN;COMPL;Bali Resort;CC4696;IDR;0;Y;MGS;NSGML;Leadership;;;08:00;17:00;16;2;IDR;18/05/2024;26/05/2024;3;Leadership;Certification;Human Capital;Non-STEM General Management Le
20178;TRAIN;01/05/2022;28/04/2022;Hana Pangestu;Manual Entry;Analyst;LEGAL & COMPLIANCE;TREASURY DIVISION;LEGAL DEPT DEPARTMENT;finance for non finance;2022;Coursera;DEVEL;SOFT;Online;CC2754;USD;1500000;X;FIN;NSGML;FINANCE;24;CERT-41757;08:00;17:00;12;1;IDR;28/04/2022;01/05/2022;4;Technical Skill;Seminar;Human Capital;Non-STEM General Management Le
90635;;01/03/2024;24/02/2024;M. Susanto;Self Reported;Manager;FINANCE & ACCOUNTING;INTERNAL AUDIT DIVISION;QUALITY CONTROL DEPARTMENT;SAP S4HANA Basic;2024;SAP Education ID;DEVEL;SOFT;Jakarta Office;CC4798;IDR;7500000;X;MGS;NSTEM;SAP;12;CERT-87616;08:00;17:00;32;4;IDR;24/02/2024;01/03/2024;4;Technical Skill;Training;Finance;Non-STEM General Management Le
69362;TRAIN;23/05/2024;11/05/2024;Hendra Tanjung;Self Reported;Senior Analyst;MINING OPERATIONS;INTERNAL AUDIT DIVISION;OPERATIONS DEPT DEPARTMENT;ESG Reporting;2024;GRI;CERT;SOFT;Bali Resort;CC3205;USD;7500000;;TEC;STEM;ESG;;;08:00;17:00;12;1;IDR;11/05/2024;23/05/2024;1;Technical Skill;Workshop;Management Science;STEM Technical
EMP085086;TRAIN;08/12/2025;28/11/2025;Vina Ginanjar;Manual Entry;Senior Analyst;FORESTRY & PLANTATION;PRODUCTION OPERATIONS DIVISION;HEAVY EQUIPMENT DEPARTMENT;Finance for Non Finance ;2025;Coursera;DEVEL;COMPL;Online;CC6608;USD;0;Y;MGS;NSGML;FINANCE;36;CERT-16576;08:00;17:00;12;1;IDR;28/11/2025;08/12/2025;2;Technical Skill;Training;Engineering;Non-STEM General Management Le
EMP085056;CERT;19/09/2024;08/09/2024;D. Hermawan;Training Interface;Senior Analyst;AGRIBUSINESS;ENGINEERING DIVISION;LOGISTICS DEPARTMENT;Pengambilan Keputusan Strategis;2024;INSEAD;DEVEL;COMPL;Online;CC6818;USD;0;Y;TEC;STEM;STRATEGY;12;CERT-61316;08:00;17:00;20;2;IDR;08/09/2024;19/09/2024;3;Leadership;Certification;Engineering;Non-STEM General Management Le
EMP085157;;22/02/2024;12/02/2024;EKO ZAINAL;Training Interface;Coordinator;MINING OPERATIONS;PROCUREMENT DIVISION;LOGISTICS DEPARTMENT;Teknik Negosiasi;2024;Harvard Online;CERT;TECH;Jakarta Office;CC3466;USD;500000;;HRS;NSGML;NEGOTIATION;24;CERT-55240;08:00;17:00;16;2;IDR;12/02/2024;22/02/2024;3;Soft Skill;Seminar;Management Science;Non-STEM General Management Le
43410;CERT;01/12/2025;22/11/2025;Reza Chandra;Manual Entry;Coordinator;SUPPLY CHAIN;ENGINEERING DIVISION;ACCOUNTING DEPT DEPARTMENT;Strategi Transformasi Digital;2025;MIT Sloan Executive;CERT;COMPL;Bali Resort;CC2701;USD;1500000;X;FIN;STEM;Digital Strategy;36;CERT-32668;08:00;17:00;24;3;IDR;22/11/2025;01/12/2025;3;Leadership;Training;Human Capital;STEM Engineering
EMP085191;;01/11/2022;31/10/2022;Budi Kartono;Self Reported;Senior Operator;FINANCIAL SERVICES;ENGINEERING DIVISION;HEAVY EQUIPMENT DEPARTMENT;Strategi Transformasi Digital;2022;MIT Sloan Executive;TRAIN;COMPL;Jakarta Office;CC6811;USD;0;X;TEC;NSTEM;DIGITAL STRATEGY;0;CERT-25745;08:00;17:00;24;3;IDR;31/10/2022;01/11/2022;2;Leadership;Certification;Engineering;STEM Technical
EMP085063;CERT;14/09/2024;09/09/2024;Xena Octavian;Self Reported;Department Head;PETROCHEMICAL;INTERNAL AUDIT DIVISION;RECRUITMENT DEPARTMENT;Risk Factor In Merger Acquisition;2024;Internal Trainer;DEVEL;TECH;Online;CC6855;IDR;7500000;;HRS;NSGML;M&A;;;08:00;17:00;8;1;IDR;09/09/2024;14/09/2024;3;Technical Skill;Certification;Finance;STEM Engineering
16411;CERT;13/06/2025;03/06/2025;Nur Santoso;Training Interface;Section Head;IT;TALENT MANAGEMENT DIVISION;PLANT 1 DEPARTMENT;Teknik Negosiasi;2025;Harvard Online;TRAIN;SOFT;Online;CC2290;USD;0;X;MGS;NSTEM;Negotiation;;;08:00;17:00;16;2;IDR;03/06/2025;13/06/2025;4;Soft Skill;Training;Finance;Non-STEM General Management Le
EMP085231;CERT;07/11/2025;29/10/2025;E. EMP085231;Manual Entry;Supervisor;PROPERTY;TREASURY DIVISION;LOGISTICS DEPARTMENT;Coaching Performance;2025;Internal Trainer;DEVEL;COMPL;;CC4897;IDR;7500000;X;TEC;NSGML;Coaching;36;CERT-63465;08:00;17:00;16;2;IDR;29/10/2025;07/11/2025;2;Leadership;Certification;Finance;Non-STEM General Management Le
EMP085390;;23/01/2023;17/01/2023;Bella Wibowo;Self Reported;Section Head;PETROCHEMICAL;TREASURY DIVISION;TAX DEPARTMENT;Data Analytics Advance;2023;Coursera;DEVEL;TECH;Online;CC7520;USD;0;;MGS;STEM;Data Analytics;0;CERT-35541;08:00;17:00;40;5;IDR;17/01/2023;23/01/2023;2;Technical Skill;Training;Engineering;STEM Technical
89932;;22/02/2024;13/02/2024;Bambang Haryadi;Training Interface;Department Head;ENGINEERING;MAINTENANCE DIVISION;ENGINEERING DEPT DEPARTMENT;esg reporting;2024;GRI;CERT;COMPL;Jakarta Office;CC3401;USD;7500000;;TEC;STEM;ESG;;;08:00;17:00;12;1;IDR;13/02/2024;22/02/2024;1;Technical Skill;Seminar;Engineering;STEM Technical
EMP085438;CERT;25/08/2025;14/08/2025;Okky Budiman;Manual Entry;Section Head;FORESTRY & PLANTATION;MAINTENANCE DIVISION;TAX DEPARTMENT;ms excel lanjutan;2025;kelas.work;WORKSHOP;LEAD;Surabaya HQ;CC8292;USD;0;;TEC;NSTEM;MS Excel;0;CERT-51580;08:00;17:00;16;2;IDR;14/08/2025;25/08/2025;5;Technical Skill;Seminar;Engineering;STEM Engineering
18466;;17/10/2022;14/10/2022;Fitri Ramadhan;Self Reported;General Manager;HSE;MAINTENANCE DIVISION;HR DEPT DEPARTMENT;MS Excel Lanjutan;2022;kelas.work;CERT;LEAD;Online;CC5992;USD;1500000;Y;TEC;NSTEM;MS EXCEL;12;CERT-13400;08:00;17:00;16;2;IDR;14/10/2022;17/10/2022;2;Technical Skill;Certification;Human Capital;STEM Technical
25613;;26/09/2022;13/09/2022;Fina Haryadi;Self Reported;Manager;FINANCE & ACCOUNTING;INTERNAL AUDIT DIVISION;CORPORATE AFFAIRS DEPT DEPARTMENT;SAP S4HANA Basic ;2022;SAP Education ID;CERT;SOFT;;CC9333;IDR;7500000;Y;HRS;STEM;SAP;36;CERT-36399;08:00;17:00;32;4;IDR;13/09/2022;26/09/2022;4;Technical Skill;Seminar;Human Capital;STEM Technical
EMP085030;TRAIN;17/12/2023;07/12/2023;Bunga Jaya;Manual Entry;Senior Operator;FINANCIAL SERVICES;INTERNAL AUDIT DIVISION;LOGISTICS DEPARTMENT;Keselamatan Pertambangan;2023;Internal Trainer;TRAIN;SOFT;Surabaya HQ;CC1944;IDR;0;Y;FIN;NSTEM;SAFETY;;;08:00;17:00;16;2;IDR;07/12/2023;17/12/2023;1;Technical Skill;Training;Finance;Non-STEM General Management Le
EMP085166;CERT;18/10/2025;15/10/2025;Haris Hermawan;Manual Entry;Officer;ENERGY GROUP;PRODUCTION DIVISION;PLANT 1 DEPARTMENT;Teknik Negosiasi;2025;Harvard Online;CERT;SOFT;Bali Resort;CC7931;USD;1500000;Y;FIN;NSTEM;NEGOTIATION;;;08:00;17:00;16;2;IDR;15/10/2025;18/10/2025;1;Soft Skill;Workshop;Finance;STEM Technical
EMP085306;CERT;24/01/2022;21/01/2022;Benny Zainal;Self Reported;Coordinator;CORPORATE CENTER;TREASURY DIVISION;PIPELINE DEPARTMENT;esg reporting;2022;GRI;TRAIN;COMPL;Surabaya HQ;CC7305;USD;7500000;X;FIN;NSGML;ESG;12;CERT-43179;08:00;17:00;12;1;IDR;21/01/2022;24/01/2022;5;Technical Skill;Seminar;Human Capital;STEM Engineering
EMP085426;TRAIN;30/06/2023;20/06/2023;Zahra Lubis;Training Interface;Section Head;CORPORATE CENTER;PRODUCTION DIVISION;PLANT 1 DEPARTMENT;Leadership Essential ;2023;Internal Trainer;WORKSHOP;TECH;;CC5347;IDR;0;;TEC;NSTEM;Leadership;;;08:00;17:00;16;2;IDR;20/06/2023;30/06/2023;1;Leadership;Workshop;Engineering;Non-STEM General Management Le
EMP089001;;08/09/2023;30/08/2023;A. Pratama;Training Interface;Supervisor;FORESTRY & PLANTATION;PROCUREMENT DIVISION;HEAVY EQUIPMENT DEPARTMENT;ESG Reporting;2023;GRI;CERT;COMPL;;CC6715;USD;500000;;TEC;NSGML;ESG;36;CERT-99168;08:00;17:00;12;1;IDR;30/08/2023;08/09/2023;5;Technical Skill;Workshop;Human Capital;Non-STEM General Management Le
EMP085236;TRAIN;10/03/2024;08/03/2024;Employee EMP085236;Manual Entry;Coordinator;FINANCIAL SERVICES;ENGINEERING DIVISION;PAYROLL DEPARTMENT;Komunikasi Efektif;2024;Dale Carnegie ID;CERT;LEAD;Bali Resort;CC1450;IDR;0;X;FIN;NSTEM;Communication;36;CERT-44590;08:00;17:00;8;1;IDR;08/03/2024;10/03/2024;4;Soft Skill;Certification;Engineering;STEM Engineering
EMP085392;;19/04/2024;17/04/2024;Rina Ertanto;Training Interface;Senior Engineer;MINING OPERATIONS;ENGINEERING DIVISION;HEAVY EQUIPMENT DEPARTMENT;Cybersecurity Fundamental;2024;Coursera;WORKSHOP;TECH;Online;CC6269;USD;500000;Y;FIN;NSTEM;CYBERSECURITY;24;CERT-56018;08:00;17:00;24;3;IDR;17/04/2024;19/04/2024;5;Technical Skill;Training;Finance;Non-STEM General Management Le
EMP089020;TRAIN;25/04/2023;19/04/2023;Sri Wijaya;Self Reported;Operator;TRADING;ENGINEERING DIVISION;DRILLING DEPARTMENT;PMP Preparation;2023;PMI Indonesia;TRAIN;TECH;Bali Resort;CC5564;USD;0;;HRS;STEM;PROJECT MANAGEMENT;;;08:00;17:00;32;4;IDR;19/04/2023;25/04/2023;4;Soft Skill;Workshop;Human Capital;STEM Technical
EMP085062;TRAIN;16/01/2024;09/01/2024;Ayu Mulyadi;Training Interface;Section Head;FINANCIAL SERVICES;TREASURY DIVISION;QUALITY CONTROL DEPARTMENT;Finance for Non Finance ;2024;Coursera;WORKSHOP;SOFT;Surabaya HQ;CC3101;USD;3500000;Y;HRS;NSGML;Finance;;;08:00;17:00;12;1;IDR;09/01/2024;16/01/2024;3;Technical Skill;Seminar;Finance;STEM Technical
EMP085191;CERT;02/05/2023;30/04/2023;Budi Kartono;Training Interface;Senior Operator;FINANCIAL SERVICES;ENGINEERING DIVISION;HEAVY EQUIPMENT DEPARTMENT;SAP S4HANA Basic;2023;SAP Education ID;TRAIN;LEAD;Jakarta Office;CC1613;IDR;3500000;;MGS;STEM;SAP;;;08:00;17:00;32;4;IDR;30/04/2023;02/05/2023;5;Technical Skill;Training;Engineering;STEM Technical
15955;;27/09/2024;20/09/2024;Krisna Oetomo;Self Reported;Analyst;INFORMATION TECHNOLOGY;ENGINEERING DIVISION;FINANCE DEPT DEPARTMENT;ESG Reporting;2024;GRI;CERT;LEAD;Jakarta Office;CC3879;USD;7500000;X;HRS;NSGML;ESG;;;08:00;17:00;12;1;IDR;20/09/2024;27/09/2024;4;Technical Skill;Training;Finance;STEM Engineering
EMP085094;;29/01/2022;20/01/2022;Vina Iskandar;Manual Entry;Supervisor;TRADING;TREASURY DIVISION;PIPELINE DEPARTMENT;PMP Preparation;2022;PMI Indonesia;DEVEL;COMPL;;CC2451;USD;0;;MGS;NSTEM;PROJECT MANAGEMENT;24;CERT-50889;08:00;17:00;32;4;IDR;20/01/2022;29/01/2022;5;Soft Skill;Workshop;Management Science;STEM Technical
EMP085296;CERT;13/11/2024;08/11/2024;Randa Manurung;Self Reported;Analyst;PROPERTY;INTERNAL AUDIT DIVISION;QUALITY CONTROL DEPARTMENT;Teknik Negosiasi;2024;Harvard Online;TRAIN;SOFT;;CC4663;USD;7500000;X;HRS;STEM;Negotiation;0;CERT-63046;08:00;17:00;16;2;IDR;08/11/2024;13/11/2024;5;Soft Skill;Certification;Human Capital;STEM Engineering
EMP085053;;11/07/2024;28/06/2024;Kartika Adiputra;Manual Entry;Department Head;MINING OPERATIONS;MAINTENANCE DIVISION;DRILLING DEPARTMENT;strategi transformasi digital;2024;MIT Sloan Executive;WORKSHOP;COMPL;;CC2887;USD;0;;TEC;NSGML;Digital Strategy;24;CERT-61835;08:00;17:00;24;3;IDR;28/06/2024;11/07/2024;3;Leadership;Seminar;Management Science;STEM Technical
EMP085371;CERT;23/02/2024;09/02/2024;Zahra Kuncoro;Manual Entry;Supervisor;TRADING;INTERNAL AUDIT DIVISION;PLANT 1 DEPARTMENT;Pengambilan Keputusan Strategis;2024;INSEAD;CERT;SOFT;;CC8091;USD;7500000;Y;MGS;STEM;Strategy;;;08:00;17:00;20;2;IDR;09/02/2024;23/02/2024;3;Leadership;Certification;Human Capital;STEM Technical
71160;CERT;12/06/2025;11/06/2025;SITI PRATAMA;Self Reported;Senior Engineer;MINING OPERATIONS;INTERNAL AUDIT DIVISION;TAX DEPARTMENT;keselamatan pertambangan;2025;Internal Trainer;DEVEL;COMPL;;CC2116;IDR;1500000;Y;MGS;NSTEM;Safety;;;08:00;17:00;16;2;IDR;11/06/2025;12/06/2025;1;Technical Skill;Certification;Management Science;Non-STEM General Management Le
EMP085159;CERT;05/06/2022;25/05/2022;YUNI PERMADI;Training Interface;Coordinator;FINANCIAL SERVICES;INTERNAL AUDIT DIVISION;QUALITY CONTROL DEPARTMENT;esg reporting;2022;GRI;DEVEL;LEAD;Online;CC5202;USD;0;;TEC;STEM;ESG;24;CERT-30830;08:00;17:00;12;1;IDR;25/05/2022;05/06/2022;5;Technical Skill;Certification;Management Science;Non-STEM General Management Le
EMP085175;;14/12/2025;30/11/2025;Fina Siregar;Manual Entry;Manager;MINING OPERATIONS;TREASURY DIVISION;PAYROLL DEPARTMENT;Strategi Transformasi Digital;2025;MIT Sloan Executive;TRAIN;LEAD;Jakarta Office;CC5365;USD;0;Y;TEC;NSGML;Digital Strategy;;;08:00;17:00;24;3;IDR;30/11/2025;14/12/2025;4;Leadership;Workshop;Engineering;Non-STEM General Management Le
31595;;15/08/2022;01/08/2022;Hendra Usman;Self Reported;Senior Operator;HUMAN RESOURCES;TALENT MANAGEMENT DIVISION;OPERATIONS DEPT DEPARTMENT;coaching performance;2022;Internal Trainer;TRAIN;COMPL;Bali Resort;CC2076;IDR;7500000;X;HRS;STEM;COACHING;;;08:00;17:00;16;2;IDR;01/08/2022;15/08/2022;1;Leadership;Seminar;Human Capital;STEM Engineering
61085;TRAIN;12/09/2022;11/09/2022;Dian Lubis;Self Reported;Coordinator;CORPORATE;TALENT MANAGEMENT DIVISION;SUPPLY CHAIN DEPT DEPARTMENT;Pengambilan Keputusan Strategis;2022;INSEAD;WORKSHOP;TECH;Surabaya HQ;CC6306;USD;1500000;Y;HRS;STEM;Strategy;;;08:00;17:00;20;2;IDR;11/09/2022;12/09/2022;1;Leadership;Certification;Finance;STEM Engineering
EMP085332;TRAIN;27/01/2025;15/01/2025;Wahyu Gunadi;Training Interface;Specialist;FINANCIAL SERVICES;INTERNAL AUDIT DIVISION;RECRUITMENT DEPARTMENT;Coaching Performance ;2025;Internal Trainer;CERT;LEAD;Bali Resort;CC6255;IDR;0;X;HRS;NSTEM;COACHING;;;08:00;17:00;16;2;IDR;15/01/2025;27/01/2025;4;Leadership;Workshop;Human Capital;STEM Technical
EMP085437;;18/01/2024;13/01/2024;Toni Permadi;Self Reported;Supervisor;PETROCHEMICAL;PRODUCTION DIVISION;HEAVY EQUIPMENT DEPARTMENT;finance for non finance;2024;Coursera;CERT;TECH;;CC7419;USD;0;X;HRS;NSGML;FINANCE;;;08:00;17:00;12;1;IDR;13/01/2024;18/01/2024;3;Technical Skill;Training;Management Science;STEM Engineering
EMP085413;CERT;22/12/2024;13/12/2024;Benny Budiman;Manual Entry;Engineer;TRADING;MAINTENANCE DIVISION;PAYROLL DEPARTMENT;PMP Preparation;2024;PMI Indonesia;WORKSHOP;SOFT;Online;CC2315;USD;7500000;;FIN;NSGML;PROJECT MANAGEMENT;0;CERT-84994;08:00;17:00;32;4;IDR;13/12/2024;22/12/2024;5;Soft Skill;Certification;Human Capital;STEM Technical
19770;TRAIN;28/09/2024;23/09/2024;Intan Susanto;Manual Entry;Department Head;HUMAN RESOURCES;TALENT MANAGEMENT OPERATIONS DIVISION;SUPPLY CHAIN DEPT DEPARTMENT;Cybersecurity Fundamental;2024;Coursera;DEVEL;LEAD;Bali Resort;CC1774;USD;0;;HRS;STEM;Cybersecurity;;;08:00;17:00;24;3;IDR;23/09/2024;28/09/2024;3;Technical Skill;Certification;Engineering;STEM Engineering
EMP085229;CERT;28/09/2022;20/09/2022;Dewi Akbar;Self Reported;Engineer;ENERGY GROUP;TALENT MANAGEMENT DIVISION;HEAVY EQUIPMENT DEPARTMENT;Komunikasi Efektif;2022;Dale Carnegie ID;CERT;LEAD;Bali Resort;CC1960;IDR;0;X;MGS;NSTEM;COMMUNICATION;;;08:00;17:00;8;1;IDR;20/09/2022;28/09/2022;1;Soft Skill;Certification;Engineering;STEM Technical
59754;TRAIN;17/10/2022;16/10/2022;Gina Lesmana;Training Interface;Department Head;HUMAN RESOURCES;TALENT MANAGEMENT DIVISION;ACCOUNTING DEPT DEPARTMENT;Finance for Non Finance;2022;Coursera;WORKSHOP;COMPL;Online;CC8353;USD;3500000;X;HRS;NSTEM;FINANCE;24;CERT-42252;08:00;17:00;12;1;IDR;16/10/2022;17/10/2022;5;Technical Skill;Workshop;Engineering;STEM Engineering
EMP085247;;05/11/2025;28/10/2025;Veri Irawan;Self Reported;Section Head;AGRIBUSINESS;PROCUREMENT DIVISION;RECRUITMENT DEPARTMENT;Keselamatan Pertambangan ;2025;Internal Trainer;DEVEL;LEAD;;CC7115;IDR;1500000;Y;FIN;NSTEM;SAFETY;12;CERT-15198;08:00;17:00;16;2;IDR;28/10/2025;05/11/2025;4;Technical Skill;Certification;Finance;Non-STEM General Management Le
EMP085337;TRAIN;06/08/2023;24/07/2023;Leni Junaedi;Manual Entry;Department Head;CORPORATE CENTER;MAINTENANCE DIVISION;TAX DEPARTMENT;Komunikasi Efektif;2023;Dale Carnegie ID;CERT;TECH;;CC2415;IDR;3500000;X;HRS;NSGML;COMMUNICATION;12;CERT-22062;08:00;17:00;8;1;IDR;24/07/2023;06/08/2023;4;Soft Skill;Certification;Management Science;STEM Technical
55527;TRAIN;10/11/2024;08/11/2024;Jihan Manurung;Training Interface;Department Head;LEGAL & COMPLIANCE;PRODUCTION DIVISION;IT DEPT DEPARTMENT;Komunikasi Efektif;2024;Dale Carnegie ID;TRAIN;SOFT;Bali Resort;CC2064;IDR;0;X;HRS;NSGML;Communication;0;CERT-26846;08:00;17:00;8;1;IDR;08/11/2024;10/11/2024;1;Soft Skill;Certification;Management Science;Non-STEM General Management Le
EMP085388;TRAIN;01/07/2025;29/06/2025;Employee EMP085388;Self Reported;Officer;CORPORATE CENTER;TREASURY DIVISION;DRILLING DEPARTMENT;Coaching Performance;2025;Internal Trainer;TRAIN;SOFT;Bali Resort;CC4339;IDR;500000;X;TEC;NSTEM;COACHING;36;CERT-54771;08:00;17:00;16;2;IDR;29/06/2025;01/07/2025;1;Leadership;Certification;Engineering;STEM Technical
EMP085439;CERT;02/01/2024;23/12/2023;Siska Indrawan;Training Interface;Section Head;TRADING;TALENT MANAGEMENT DIVISION;PIPELINE DEPARTMENT;SAP S4HANA Basic;2023;SAP Education ID;DEVEL;TECH;Surabaya HQ;CC3965;IDR;1500000;X;TEC;STEM;SAP;24;CERT-32109;08:00;17:00;32;4;IDR;23/12/2023;02/01/2024;5;Technical Skill;Training;Human Capital;Non-STEM General Management Le
EMP085125;CERT;12/07/2022;11/07/2022;Bayu Halim;Self Reported;Officer;TRADING;PROCUREMENT DIVISION;HEAVY EQUIPMENT DEPARTMENT;Risk Factor In Merger Acquisition;2022;Internal Trainer;WORKSHOP;LEAD;Online;CC9037;IDR;0;;TEC;NSGML;M&A;12;CERT-25530;08:00;17:00;8;1;IDR;11/07/2022;12/07/2022;5;Technical Skill;Certification;Finance;STEM Engineering
EMP085213;TRAIN;21/10/2024;10/10/2024;Employee EMP085213;Self Reported;Analyst;ENERGY GROUP;TREASURY DIVISION;PLANT 1 DEPARTMENT;strategi transformasi digital;2024;MIT Sloan Executive;TRAIN;COMPL;Bali Resort;CC3181;USD;500000;X;MGS;NSGML;DIGITAL STRATEGY;24;CERT-36852;08:00;17:00;24;3;IDR;10/10/2024;21/10/2024;4;Leadership;Training;Management Science;STEM Technical
79196;TRAIN;26/10/2023;12/10/2023;Fahmi Gunawan;Self Reported;Department Head;LEGAL & COMPLIANCE;PRODUCTION DIVISION;LEGAL DEPT DEPARTMENT;Risk Factor In Merger Acquisition;2023;Internal Trainer;CERT;SOFT;Surabaya HQ;CC5254;IDR;7500000;Y;MGS;STEM;M&A;;;08:00;17:00;8;1;IDR;12/10/2023;26/10/2023;5;Technical Skill;Seminar;Human Capital;STEM Technical
26064;TRAIN;24/06/2025;10/06/2025;Sri Indrawan;Manual Entry;Analyst;INFORMATION TECHNOLOGY;PROCUREMENT DIVISION;HR DEPT DEPARTMENT;Teknik Negosiasi;2025;Harvard Online;TRAIN;LEAD;Online;CC9411;USD;0;X;TEC;STEM;Negotiation;12;CERT-43602;08:00;17:00;16;2;IDR;10/06/2025;24/06/2025;3;Soft Skill;Seminar;Engineering;STEM Technical
EMP085016;TRAIN;14/03/2023;28/02/2023;Reza Dianto;Self Reported;Operator;PETROCHEMICAL;INTERNAL AUDIT DIVISION;DRILLING DEPARTMENT;Data Analytics Advance;2023;Coursera;WORKSHOP;TECH;;CC6508;USD;500000;;MGS;NSTEM;Data Analytics;36;CERT-60510;08:00;17:00;40;5;IDR;28/02/2023;14/03/2023;2;Technical Skill;Seminar;Human Capital;Non-STEM General Management Le
EMP085416;TRAIN;08/11/2025;29/10/2025;Xena Gunadi;Manual Entry;Manager;FORESTRY & PLANTATION;MAINTENANCE DIVISION;PLANT 2 DEPARTMENT;Coaching Performance;2025;Internal Trainer;WORKSHOP;LEAD;;CC9470;IDR;1500000;;MGS;STEM;Coaching;24;CERT-85233;08:00;17:00;16;2;IDR;29/10/2025;08/11/2025;3;Leadership;Workshop;Finance;STEM Technical
EMP085044;TRAIN;02/12/2022;21/11/2022;Employee EMP085044;Manual Entry;Senior Engineer;CORPORATE CENTER;MAINTENANCE DIVISION;QUALITY CONTROL DEPARTMENT;ESG Reporting;2022;GRI;TRAIN;SOFT;Bali Resort;CC9404;USD;1500000;;TEC;NSGML;ESG;;;08:00;17:00;12;1;IDR;21/11/2022;02/12/2022;1;Technical Skill;Seminar;Management Science;STEM Engineering
30574;CERT;28/05/2023;27/05/2023;Arief Dianto;Training Interface;Coordinator;SUPPLY CHAIN;ENGINEERING DIVISION;LEGAL DEPT DEPARTMENT;Pengambilan Keputusan Strategis;2023;INSEAD;DEVEL;COMPL;Bali Resort;CC3486;USD;0;Y;FIN;NSTEM;Strategy;24;CERT-75709;08:00;17:00;20;2;IDR;27/05/2023;28/05/2023;2;Leadership;Workshop;Engineering;Non-STEM General Management Le
EMP085409;;14/12/2025;04/12/2025;Xena Nasution;Self Reported;Manager;TRADING;ENGINEERING DIVISION;PLANT 1 DEPARTMENT;risk factor in merger acquisition;2025;Internal Trainer;TRAIN;TECH;Bali Resort;CC8486;IDR;3500000;Y;MGS;NSGML;M&A;0;CERT-24816;08:00;17:00;8;1;IDR;04/12/2025;14/12/2025;1;Technical Skill;Training;Finance;STEM Engineering
90315;;22/09/2023;15/09/2023;Haris Sari;Manual Entry;Officer;IT;PRODUCTION DIVISION;LOGISTICS DEPARTMENT;ms excel lanjutan;2023;kelas.work;TRAIN;COMPL;Jakarta Office;CC9191;USD;0;Y;FIN;NSGML;MS EXCEL;;;08:00;17:00;16;2;IDR;15/09/2023;22/09/2023;4;Technical Skill;Seminar;Management Science;STEM Technical
EMP085025;TRAIN;06/10/2023;22/09/2023;Zulfa Fajari;Self Reported;Senior Operator;ENERGY GROUP;ENGINEERING DIVISION;QUALITY CONTROL DEPARTMENT;Keselamatan Pertambangan ;2023;Internal Trainer;DEVEL;SOFT;Jakarta Office;CC1171;IDR;0;X;TEC;NSGML;SAFETY;;;08:00;17:00;16;2;IDR;22/09/2023;06/10/2023;3;Technical Skill;Training;Human Capital;STEM Technical
EMP085326;CERT;04/11/2022;28/10/2022;BUDI SALIM;Training Interface;Section Head;PETROCHEMICAL;PRODUCTION DIVISION;RECRUITMENT DEPARTMENT;Komunikasi Efektif;2022;Dale Carnegie ID;WORKSHOP;TECH;Jakarta Office;CC6596;IDR;3500000;X;TEC;NSGML;Communication;;;08:00;17:00;8;1;IDR;28/10/2022;04/11/2022;4;Soft Skill;Training;Finance;STEM Technical
47147;TRAIN;30/12/2024;18/12/2024;Maya Setiawan;Training Interface;Department Head;MINING OPERATIONS;MAINTENANCE DIVISION;DRILLING DEPARTMENT;Finance for Non Finance;2024;Coursera;DEVEL;COMPL;Surabaya HQ;CC6892;USD;0;;MGS;NSGML;Finance;;;08:00;17:00;12;1;IDR;18/12/2024;30/12/2024;5;Technical Skill;Training;Finance;STEM Technical
EMP085022;;05/08/2023;01/08/2023;Jihan Ramadhan;Training Interface;Senior Engineer;ENERGY GROUP;INTERNAL AUDIT DIVISION;LOGISTICS DEPARTMENT;Cybersecurity Fundamental;2023;Coursera;CERT;SOFT;Bali Resort;CC3578;USD;0;;FIN;NSTEM;Cybersecurity;0;CERT-97982;08:00;17:00;24;3;IDR;01/08/2023;05/08/2023;4;Technical Skill;Certification;Management Science;STEM Technical
EMP085277;CERT;30/03/2025;19/03/2025;Employee EMP085277;Self Reported;Section Head;AGRIBUSINESS;TREASURY DIVISION;PIPELINE DEPARTMENT;Cybersecurity Fundamental;2025;Coursera;TRAIN;LEAD;Bali Resort;CC3421;USD;0;;TEC;STEM;Cybersecurity;;;08:00;17:00;24;3;IDR;19/03/2025;30/03/2025;2;Technical Skill;Certification;Management Science;STEM Engineering
EMP089022;TRAIN;23/03/2023;21/03/2023;Fahmi Susanto;Training Interface;Section Head;TRADING;PRODUCTION DIVISION;PIPELINE DEPARTMENT;Coaching Performance;2023;Internal Trainer;WORKSHOP;COMPL;Online;CC5972;IDR;1500000;;FIN;NSGML;COACHING;36;CERT-71903;08:00;17:00;16;2;IDR;21/03/2023;23/03/2023;4;Leadership;Seminar;Engineering;STEM Technical
EMP085235;;12/07/2024;10/07/2024;Dewi Tanjung;Manual Entry;Section Head;AGRIBUSINESS;TREASURY DIVISION;DRILLING DEPARTMENT;Data Analytics Advance;2024;Coursera;DEVEL;LEAD;Surabaya HQ;CC9171;USD;0;Y;HRS;NSGML;DATA ANALYTICS;;;08:00;17:00;40;5;IDR;10/07/2024;12/07/2024;1;Technical Skill;Certification;Engineering;STEM Engineering
EMP089020;;19/01/2022;18/01/2022;Sri Wijaya;Self Reported;Operator;TRADING;ENGINEERING DIVISION;DRILLING DEPARTMENT;esg reporting;2022;GRI;CERT;SOFT;;CC6483;USD;500000;;HRS;NSTEM;ESG;;;08:00;17:00;12;1;IDR;18/01/2022;19/01/2022;2;Technical Skill;Seminar;Human Capital;STEM Engineering
15955;;07/06/2024;04/06/2024;Krisna Oetomo;Self Reported;Analyst;INFORMATION TECHNOLOGY;ENGINEERING DIVISION;FINANCE DEPT DEPARTMENT;Keselamatan Pertambangan;2024;Internal Trainer;CERT;COMPL;Jakarta Office;CC1863;IDR;3500000;;TEC;STEM;SAFETY;;;08:00;17:00;16;2;IDR;04/06/2024;07/06/2024;3;Technical Skill;Seminar;Finance;STEM Engineering
EMP085401;CERT;04/04/2023;29/03/2023;Employee EMP085401;Manual Entry;Section Head;ENERGY GROUP;ENGINEERING DIVISION;LOGISTICS DEPARTMENT;Strategi Transformasi Digital;2023;MIT Sloan Executive;WORKSHOP;TECH;Online;CC4769;USD;3500000;;FIN;STEM;Digital Strategy;12;CERT-33848;08:00;17:00;24;3;IDR;29/03/2023;04/04/2023;4;Leadership;Training;Finance;STEM Engineering
EMP085355;TRAIN;19/09/2023;17/09/2023;Qomar Lesmana;Manual Entry;Specialist;PETROCHEMICAL;MAINTENANCE DIVISION;HEAVY EQUIPMENT DEPARTMENT;ESG Reporting;2023;GRI;CERT;SOFT;Surabaya HQ;CC7226;USD;7500000;Y;TEC;STEM;ESG;;;08:00;17:00;12;1;IDR;17/09/2023;19/09/2023;3;Technical Skill;Workshop;Human Capital;STEM Technical
EMP085395;;27/08/2023;17/08/2023;Agus Rohman;Manual Entry;Senior Analyst;CORPORATE CENTER;PROCUREMENT DIVISION;HEAVY EQUIPMENT DEPARTMENT;Risk Factor In Merger Acquisition;2023;Internal Trainer;TRAIN;TECH;;CC7223;IDR;500000;;TEC;STEM;M&A;;;08:00;17:00;8;1;IDR;17/08/2023;27/08/2023;2;Technical Skill;Workshop;Management Science;STEM Engineering
78933;;23/06/2023;17/06/2023;Yogi Nasution;Training Interface;Section Head;ENGINEERING;INTERNAL AUDIT DIVISION;OPERATIONS DEPT DEPARTMENT;PMP Preparation;2023;PMI Indonesia;WORKSHOP;TECH;Surabaya HQ;CC2193;USD;0;X;TEC;NSGML;Project Management;12;CERT-19216;08:00;17:00;32;4;IDR;17/06/2023;23/06/2023;1;Soft Skill;Workshop;Management Science;Non-STEM General Management Le
20641;;18/02/2022;09/02/2022;Arief Iskandar;Training Interface;Operator;CORPORATE;TREASURY DIVISION;CORPORATE AFFAIRS DEPT DEPARTMENT;Keselamatan Pertambangan ;2022;Internal Trainer;TRAIN;SOFT;;CC1589;IDR;3500000;X;HRS;NSTEM;SAFETY;;;08:00;17:00;16;2;IDR;09/02/2022;18/02/2022;3;Technical Skill;Training;Finance;STEM Engineering
11982;;22/11/2024;11/11/2024;Elsa Triyanto;Training Interface;Officer;ENGINEERING;INTERNAL AUDIT DIVISION;ENGINEERING DEPT DEPARTMENT;SAP S4HANA Basic;2024;SAP Education ID;CERT;COMPL;;CC7743;IDR;3500000;Y;TEC;NSTEM;SAP;;;08:00;17:00;32;4;IDR;11/11/2024;22/11/2024;5;Technical Skill;Training;Finance;STEM Engineering
EMP087016;CERT;10/10/2025;26/09/2025;Employee EMP087016;Manual Entry;Officer;LOGISTICS;ENGINEERING DIVISION;TAX DEPARTMENT;ESG Reporting ;2025;GRI;CERT;TECH;;CC6764;USD;0;X;FIN;NSTEM;ESG;36;CERT-89039;08:00;17:00;12;1;IDR;26/09/2025;10/10/2025;1;Technical Skill;Seminar;Management Science;Non-STEM General Management Le
89519;;16/09/2024;07/09/2024;I. Susanto;Training Interface;Operator;MINING OPERATIONS;PRODUCTION DIVISION;ACCOUNTING DEPT DEPARTMENT;SAP S4HANA Basic;2024;SAP Education ID;CERT;LEAD;;CC7143;IDR;500000;X;MGS;NSGML;SAP;36;CERT-99157;08:00;17:00;32;4;IDR;07/09/2024;16/09/2024;4;Technical Skill;Workshop;Finance;STEM Technical
EMP085336;TRAIN;28/07/2022;25/07/2022;Cahyo Purnama;Self Reported;Manager;MINING OPERATIONS;ENGINEERING DIVISION;PLANT 2 DEPARTMENT;Leadership Essential;2022;Internal Trainer;CERT;LEAD;;CC6971;IDR;7500000;;HRS;STEM;LEADERSHIP;;;08:00;17:00;16;2;IDR;25/07/2022;28/07/2022;1;Leadership;Seminar;Engineering;Non-STEM General Management Le
EMP087012;TRAIN;07/05/2025;29/04/2025;Doni Setiawan;Training Interface;Engineer;ENERGY GROUP;MAINTENANCE DIVISION;CORPORATE PLANT 2 DEPARTMENT;PMP Preparation;2025;PMI Indonesia;TRAIN;TECH;;CC2163;USD;7500000;;TEC;NSTEM;Project Management;0;CERT-35290;08:00;17:00;32;4;IDR;29/04/2025;07/05/2025;2;Soft Skill;Workshop;Engineering;STEM Technical
59754;CERT;01/03/2023;18/02/2023;Gina Lesmana;Manual Entry;Department Head;HUMAN RESOURCES;TALENT MANAGEMENT DIVISION;ACCOUNTING DEPT DEPARTMENT;Keselamatan Pertambangan;2023;Internal Trainer;DEVEL;LEAD;Online;CC5658;IDR;0;Y;MGS;STEM;SAFETY;;;08:00;17:00;16;2;IDR;18/02/2023;01/03/2023;4;Technical Skill;Workshop;Management Science;STEM Technical
63982;;13/04/2022;09/04/2022;Budi Kartono;Training Interface;Manager;SUPPLY CHAIN;PROCUREMENT DIVISION;SUPPLY CHAIN DEPT DEPARTMENT;ESG Reporting ;2022;GRI;WORKSHOP;SOFT;Surabaya HQ;CC3461;USD;7500000;;HRS;NSTEM;ESG;12;CERT-92457;08:00;17:00;12;1;IDR;09/04/2022;13/04/2022;3;Technical Skill;Certification;Finance;Non-STEM General Management Le
EMP089047;CERT;16/10/2024;12/10/2024;Wulan Santoso;Manual Entry;Engineer;TRADING;ENGINEERING DIVISION;LOGISTICS DEPARTMENT;Pengambilan Keputusan Strategis;2024;INSEAD;DEVEL;SOFT;Surabaya HQ;CC6431;USD;500000;;TEC;NSGML;STRATEGY;;;08:00;17:00;20;2;IDR;12/10/2024;16/10/2024;1;Leadership;Certification;Management Science;Non-STEM General Management Le
EMP085296;CERT;13/12/2023;03/12/2023;Randa Manurung;Manual Entry;Analyst;PROPERTY;INTERNAL AUDIT DIVISION;QUALITY CONTROL DEPARTMENT;Data Analytics Advance ;2023;Coursera;CERT;LEAD;;CC3549;USD;3500000;;FIN;NSTEM;Data Analytics;;;08:00;17:00;40;5;IDR;03/12/2023;13/12/2023;2;Technical Skill;Workshop;Management Science;STEM Technical
83788;TRAIN;09/01/2025;05/01/2025;Sri Nainggolan;Self Reported;Department Head;SUPPLY CHAIN;PRODUCTION DIVISION;IT DEPT DEPARTMENT;Cybersecurity Fundamental;2025;Coursera;TRAIN;SOFT;Bali Resort;CC7322;USD;500000;X;HRS;NSTEM;Cybersecurity;36;CERT-44494;08:00;17:00;24;3;IDR;05/01/2025;09/01/2025;3;Technical Skill;Workshop;Finance;STEM Technical
EMP085059;CERT;31/05/2023;28/05/2023;HADI TANJUNG;Manual Entry;Specialist;AGRIBUSINESS;TREASURY DIVISION;LOGISTICS DEPARTMENT;pengambilan keputusan strategis;2023;INSEAD;WORKSHOP;SOFT;Surabaya HQ;CC8158;USD;0;X;HRS;NSTEM;STRATEGY;24;CERT-36151;08:00;17:00;20;2;IDR;28/05/2023;31/05/2023;5;Leadership;Certification;Human Capital;STEM Technical
EMP085175;CERT;26/09/2022;21/09/2022;Fina Siregar;Training Interface;Manager;MINING OPERATIONS;TREASURY DIVISION;PAYROLL DEPARTMENT;ESG Reporting;2022;GRI;WORKSHOP;SOFT;;CC8998;USD;0;X;HRS;NSTEM;ESG;24;CERT-81748;08:00;17:00;12;1;IDR;21/09/2022;26/09/2022;4;Technical Skill;Workshop;Engineering;STEM Engineering
38708;;30/08/2025;17/08/2025;Reza Kusuma;Manual Entry;General Manager;ENGINEERING;PROCUREMENT DIVISION;ACCOUNTING DEPT DEPARTMENT;leadership essential;2025;Internal Trainer;WORKSHOP;LEAD;Online;CC8524;IDR;1500000;Y;TEC;STEM;Leadership;12;CERT-66277;08:00;17:00;16;2;IDR;17/08/2025;30/08/2025;1;Leadership;Seminar;Engineering;STEM Engineering
EMP085344;CERT;07/06/2023;30/05/2023;Putri Darwis;Self Reported;Manager;ENERGY GROUP;ENGINEERING DIVISION;LOGISTICS DEPARTMENT;Leadership Essential;2023;Internal Trainer;TRAIN;TECH;Jakarta Office;CC1973;IDR;1500000;X;MGS;NSGML;LEADERSHIP;;;08:00;17:00;16;2;IDR;30/05/2023;07/06/2023;4;Leadership;Workshop;Management Science;STEM Technical
EMP085026;CERT;06/08/2024;24/07/2024;Haris Triyanto;Self Reported;Specialist;ENERGY GROUP;TALENT MANAGEMENT DIVISION;LOGISTICS DEPARTMENT;teknik negosiasi;2024;Harvard Online;TRAIN;LEAD;Surabaya HQ;CC7265;USD;1500000;Y;HRS;NSGML;Negotiation;36;CERT-36504;08:00;17:00;16;2;IDR;24/07/2024;06/08/2024;3;Soft Skill;Training;Management Science;Non-STEM General Management Le
81837;TRAIN;28/06/2023;24/06/2023;Arman Manurung;Training Interface;Analyst;HSE;MAINTENANCE DIVISION;OPERATIONS DEPT DEPARTMENT;Leadership Essential ;2023;Internal Trainer;DEVEL;LEAD;Jakarta Office;CC3676;IDR;1500000;X;FIN;STEM;LEADERSHIP;;;08:00;17:00;16;2;IDR;24/06/2023;28/06/2023;2;Leadership;Seminar;Finance;STEM Engineering
EMP085026;TRAIN;07/06/2022;01/06/2022;Haris Triyanto;Training Interface;Specialist;ENERGY GROUP;TALENT MANAGEMENT DIVISION;LOGISTICS DEPARTMENT;coaching performance;2022;Internal Trainer;CERT;SOFT;;CC2441;IDR;0;Y;HRS;STEM;Coaching;;;08:00;17:00;16;2;IDR;01/06/2022;07/06/2022;3;Leadership;Certification;Management Science;Non-STEM General Management Le
EMP085163;TRAIN;24/07/2025;12/07/2025;Employee EMP085163;Training Interface;General Manager;FINANCIAL SERVICES;TREASURY DIVISION;PLANT 2 DEPARTMENT;MS Excel Lanjutan ;2025;kelas.work;TRAIN;TECH;Jakarta Office;CC8580;USD;7500000;;TEC;NSGML;MS Excel;0;CERT-13611;08:00;17:00;16;2;IDR;12/07/2025;24/07/2025;2;Technical Skill;Certification;Finance;STEM Engineering
EMP087023;CERT;06/11/2023;24/10/2023;Kartika Rahayu;Training Interface;Department Head;FORESTRY & PLANTATION;MAINTENANCE DIVISION;LOGISTICS DEPARTMENT;Data Analytics Advance ;2023;Coursera;WORKSHOP;TECH;Jakarta Office;CC7267;USD;7500000;Y;FIN;NSTEM;Data Analytics;24;CERT-50045;08:00;17:00;40;5;IDR;24/10/2023;06/11/2023;3;Technical Skill;Seminar;Finance;Non-STEM General Management Le
48398;TRAIN;06/10/2025;05/10/2025;Bunga Junaedi;Training Interface;Department Head;HUMAN RESOURCES;INTERNAL AUDIT DIVISION;ACCOUNTING DEPT DEPARTMENT;Data Analytics Advance ;2025;Coursera;TRAIN;COMPL;Surabaya HQ;CC9536;USD;7500000;X;MGS;NSTEM;Data Analytics;;;08:00;17:00;40;5;IDR;05/10/2025;06/10/2025;1;Technical Skill;Training;Engineering;Non-STEM General Management Le
EMP085044;CERT;18/04/2025;08/04/2025;Employee EMP085044;Training Interface;Senior Engineer;CORPORATE CENTER;MAINTENANCE DIVISION;QUALITY CONTROL DEPARTMENT;Risk Factor In Merger Acquisition;2025;Internal Trainer;TRAIN;LEAD;Online;CC8058;IDR;0;;HRS;NSGML;M&A;;;08:00;17:00;8;1;IDR;08/04/2025;18/04/2025;1;Technical Skill;Seminar;Engineering;Non-STEM General Management Le
40078;;21/11/2024;09/11/2024;Randa Cokro;Self Reported;Coordinator;CORPORATE;INTERNAL AUDIT DIVISION;SUPPLY CHAIN DEPT DEPARTMENT;Risk Factor In Merger Acquisition ;2024;Internal Trainer;WORKSHOP;LEAD;Online;CC2271;IDR;1500000;X;HRS;NSGML;M&A;12;CERT-31071;08:00;17:00;8;1;IDR;09/11/2024;21/11/2024;5;Technical Skill;Certification;Finance;Non-STEM General Management Le
EMP085058;TRAIN;21/09/2023;07/09/2023;Eka Fauzi;Manual Entry;Engineer;PETROCHEMICAL;INTERNAL AUDIT DIVISION;QUALITY CONTROL DEPARTMENT;Data Analytics Advance;2023;Coursera;DEVEL;COMPL;Jakarta Office;CC2156;USD;7500000;X;HRS;STEM;DATA ANALYTICS;24;CERT-22234;08:00;17:00;40;5;IDR;07/09/2023;21/09/2023;2;Technical Skill;Workshop;Management Science;STEM Engineering
43115;TRAIN;23/03/2023;15/03/2023;Mega Laksono;Training Interface;Specialist;CORPORATE;TREASURY DIVISION;TAX DEPARTMENT;Coaching Performance;2023;Internal Trainer;TRAIN;SOFT;;CC2415;IDR;3500000;Y;TEC;NSTEM;Coaching;0;CERT-68793;08:00;17:00;16;2;IDR;15/03/2023;23/03/2023;4;Leadership;Training;Management Science;Non-STEM General Management Le
79196;CERT;13/02/2023;07/02/2023;Fahmi Gunawan;Training Interface;Department Head;LEGAL & COMPLIANCE;PRODUCTION DIVISION;LEGAL DEPT DEPARTMENT;Finance for Non Finance;2023;Coursera;WORKSHOP;SOFT;;CC3513;USD;7500000;;FIN;NSTEM;Finance;;;08:00;17:00;12;1;IDR;07/02/2023;13/02/2023;3;Technical Skill;Training;Engineering;Non-STEM General Management Le
EMP085221;;04/07/2024;25/06/2024;Imam Pratama;Manual Entry;Department Head;MINING OPERATIONS;PRODUCTION DIVISION;PIPELINE DEPARTMENT;SAP S4HANA Basic;2024;SAP Education ID;DEVEL;SOFT;;CC2294;IDR;3500000;;MGS;STEM;SAP;;;08:00;17:00;32;4;IDR;25/06/2024;04/07/2024;1;Technical Skill;Seminar;Human Capital;STEM Engineering
EMP085336;CERT;29/01/2024;19/01/2024;Cahyo Purnama;Self Reported;Manager;MINING OPERATIONS;ENGINEERING DIVISION;PLANT 2 DEPARTMENT;Komunikasi Efektif;2024;Dale Carnegie ID;DEVEL;LEAD;;CC5282;IDR;0;X;FIN;NSTEM;Communication;;;08:00;17:00;8;1;IDR;19/01/2024;29/01/2024;2;Soft Skill;Workshop;Human Capital;STEM Technical
EMP085177;;09/12/2022;28/11/2022;Hendra Darwis;Manual Entry;Senior Analyst;ENERGY GROUP;MAINTENANCE DIVISION;PIPELINE DEPARTMENT;Keselamatan Pertambangan ;2022;Internal Trainer;DEVEL;SOFT;Bali Resort;CC6568;IDR;7500000;Y;FIN;NSGML;Safety;24;CERT-89576;08:00;17:00;16;2;IDR;28/11/2022;09/12/2022;2;Technical Skill;Training;Management Science;Non-STEM General Management Le
EMP089047;;28/01/2023;24/01/2023;Wulan Santoso;Training Interface;Engineer;TRADING;ENGINEERING DIVISION;LOGISTICS DEPARTMENT;strategi transformasi digital;2023;MIT Sloan Executive;TRAIN;SOFT;;CC5819;USD;3500000;X;FIN;NSGML;DIGITAL STRATEGY;24;CERT-59054;08:00;17:00;24;3;IDR;24/01/2023;28/01/2023;2;Leadership;Seminar;Engineering;STEM Engineering
91838;;09/09/2023;30/08/2023;Bayu Purnama;Manual Entry;Supervisor;HUMAN RESOURCES (HOLDING);ENGINEERING DIVISION;LOGISTICS DEPARTMENT;coaching performance;2023;Internal Trainer;TRAIN;COMPL;Jakarta Office;CC6807;IDR;7500000;X;MGS;NSGML;COACHING;12;CERT-93743;08:00;17:00;16;2;IDR;30/08/2023;09/09/2023;4;Leadership;Training;Management Science;Non-STEM General Management Le
EMP089010;;01/11/2023;30/10/2023;Arief Gunawan;Manual Entry;Section Head;MINING OPERATIONS;INTERNAL AUDIT DIVISION;LOGISTICS DEPARTMENT;data analytics advance;2023;Coursera;CERT;SOFT;Surabaya HQ;CC3137;USD;3500000;X;TEC;STEM;DATA ANALYTICS;;;08:00;17:00;40;5;IDR;30/10/2023;01/11/2023;3;Technical Skill;Training;Finance;Non-STEM General Management Le
EMP085349;;25/03/2025;18/03/2025;Budi Permadi;Manual Entry;General Manager;PROPERTY;PRODUCTION OPERATIONS DIVISION;PIPELINE DEPARTMENT;Pengambilan Keputusan Strategis;2025;INSEAD;WORKSHOP;COMPL;Jakarta Office;CC6159;USD;0;;FIN;NSGML;Strategy;24;CERT-99094;08:00;17:00;20;2;IDR;18/03/2025;25/03/2025;5;Leadership;Workshop;Engineering;Non-STEM General Management Le
EMP085333;CERT;02/10/2024;22/09/2024;Leni Cokro;Self Reported;Engineer;FINANCIAL SERVICES;TALENT MANAGEMENT DIVISION;PIPELINE DEPARTMENT;PMP Preparation;2024;PMI Indonesia;CERT;SOFT;Bali Resort;CC3813;USD;7500000;Y;HRS;STEM;PROJECT MANAGEMENT;;;08:00;17:00;32;4;IDR;22/09/2024;02/10/2024;3;Soft Skill;Training;Engineering;STEM Technical
EMP089040;CERT;26/04/2024;15/04/2024;Bambang Pratama;Manual Entry;Senior Operator;FORESTRY & PLANTATION;INTERNAL AUDIT DIVISION;QUALITY CONTROL DEPARTMENT;Leadership Essential ;2024;Internal Trainer;CERT;COMPL;;CC4987;IDR;1500000;;TEC;NSGML;Leadership;;;08:00;17:00;16;2;IDR;15/04/2024;26/04/2024;3;Leadership;Workshop;Engineering;STEM Technical
EMP085477;;27/08/2023;22/08/2023;Tara Kuncoro;Manual Entry;Senior Engineer;MINING OPERATIONS;INTERNAL AUDIT DIVISION;RECRUITMENT DEPARTMENT;Keselamatan Pertambangan;2023;Internal Trainer;WORKSHOP;LEAD;Surabaya HQ;CC9556;IDR;0;X;HRS;NSGML;Safety;24;CERT-81535;08:00;17:00;16;2;IDR;22/08/2023;27/08/2023;5;Technical Skill;Training;Finance;STEM Technical
89925;;27/07/2022;21/07/2022;Dewi Mulyadi;Self Reported;Officer;MINING OPERATIONS;TREASURY DIVISION;IT DEPT DEPARTMENT;MS Excel Lanjutan ;2022;kelas.work;CERT;SOFT;Bali Resort;CC7373;USD;3500000;Y;TEC;NSTEM;MS Excel;;;08:00;17:00;16;2;IDR;21/07/2022;27/07/2022;1;Technical Skill;Training;Finance;STEM Engineering
78633;CERT;15/07/2025;01/07/2025;Budi Hermawan;Self Reported;General Manager;CORPORATE;MAINTENANCE DIVISION;FINANCE DEPT DEPARTMENT;Data Analytics Advance;2025;Coursera;WORKSHOP;COMPL;Jakarta Office;CC1173;USD;7500000;;TEC;NSGML;DATA ANALYTICS;24;CERT-31369;08:00;17:00;40;5;IDR;01/07/2025;15/07/2025;3;Technical Skill;Certification;Engineering;STEM Technical
EMP085143;;07/11/2023;31/10/2023;Arman Gunawan;Manual Entry;Supervisor;FORESTRY & PLANTATION;MAINTENANCE DIVISION;PIPELINE DEPARTMENT;Risk Factor In Merger Acquisition ;2023;Internal Trainer;CERT;TECH;Surabaya HQ;CC9560;IDR;0;;TEC;STEM;M&A;24;CERT-86702;08:00;17:00;8;1;IDR;31/10/2023;07/11/2023;2;Technical Skill;Training;Management Science;STEM Technical
EMP085093;CERT;12/06/2022;30/05/2022;K. Junaedi;Self Reported;Senior Engineer;LOGISTICS;TREASURY DIVISION;PIPELINE DEPARTMENT;sap s4hana basic;2022;SAP Education ID;WORKSHOP;LEAD;Jakarta Office;CC3260;IDR;0;Y;FIN;STEM;SAP;0;CERT-53989;08:00;17:00;32;4;IDR;30/05/2022;12/06/2022;1;Technical Skill;Workshop;Finance;Non-STEM General Management Le
49853;CERT;16/04/2023;12/04/2023;Dian Santoso;Manual Entry;Operator;HUMAN RESOURCES;PRODUCTION DIVISION;HEAVY EQUIPMENT DEPARTMENT;SAP S4HANA Basic;2023;SAP Education ID;TRAIN;LEAD;Jakarta Office;CC2305;IDR;0;X;HRS;NSTEM;SAP;0;CERT-93648;08:00;17:00;32;4;IDR;12/04/2023;16/04/2023;3;Technical Skill;Training;Engineering;STEM Technical
63708;TRAIN;23/03/2023;19/03/2023;Hana Fauzi;Self Reported;Manager;FINANCE & ACCOUNTING;TREASURY DIVISION;FINANCE DEPT DEPARTMENT;Komunikasi Efektif;2023;Dale Carnegie ID;DEVEL;SOFT;Online;CC1863;IDR;1500000;;FIN;STEM;COMMUNICATION;24;CERT-88721;08:00;17:00;8;1;IDR;19/03/2023;23/03/2023;5;Soft Skill;Seminar;Human Capital;STEM Technical
EMP085372;TRAIN;28/02/2023;23/02/2023;Zulfa Chandra;Manual Entry;Officer;CORPORATE CENTER;ENGINEERING DIVISION;TAX DEPARTMENT;Leadership Essential;2023;Internal Trainer;TRAIN;COMPL;Surabaya HQ;CC1083;IDR;7500000;X;MGS;NSGML;Leadership;;;08:00;17:00;16;2;IDR;23/02/2023;28/02/2023;3;Leadership;Seminar;Human Capital;STEM Engineering
20661;;30/12/2024;20/12/2024;Doni Jaya;Training Interface;Supervisor;ENGINEERING;ENGINEERING DIVISION;SUPPLY CHAIN DEPT DEPARTMENT;Leadership Essential;2024;Internal Trainer;TRAIN;SOFT;Jakarta Office;CC1870;IDR;0;X;FIN;NSGML;LEADERSHIP;0;CERT-66828;08:00;17:00;16;2;IDR;20/12/2024;30/12/2024;3;Leadership;Workshop;Human Capital;STEM Technical
EMP085315;CERT;16/12/2023;15/12/2023;Employee EMP085315;Training Interface;Senior Engineer;AGRIBUSINESS;PRODUCTION DIVISION;LOGISTICS DEPARTMENT;pengambilan keputusan strategis;2023;INSEAD;WORKSHOP;SOFT;Online;CC8586;USD;0;X;FIN;NSGML;Strategy;24;CERT-50025;08:00;17:00;20;2;IDR;15/12/2023;16/12/2023;1;Leadership;Seminar;Finance;STEM Engineering
EMP089006;;19/02/2024;08/02/2024;EMPLOYEE EMP089006;Manual Entry;Officer;AGRIBUSINESS;TREASURY DIVISION;PIPELINE DEPARTMENT;Komunikasi Efektif ;2024;Dale Carnegie ID;WORKSHOP;COMPL;Surabaya HQ;CC7724;IDR;0;X;FIN;STEM;COMMUNICATION;;;08:00;17:00;8;1;IDR;08/02/2024;19/02/2024;1;Soft Skill;Certification;Finance;STEM Technical
EMP085044;TRAIN;03/03/2024;22/02/2024;Employee EMP085044;Training Interface;Senior Engineer;CORPORATE CENTER;MAINTENANCE DIVISION;QUALITY CONTROL DEPARTMENT;MS Excel Lanjutan ;2024;kelas.work;DEVEL;COMPL;Bali Resort;CC1804;USD;3500000;Y;TEC;NSTEM;MS EXCEL;12;CERT-48353;08:00;17:00;16;2;IDR;22/02/2024;03/03/2024;2;Technical Skill;Certification;Human Capital;Non-STEM General Management Le
EMP085234;CERT;03/06/2023;26/05/2023;Dewi Hidayat;Manual Entry;Section Head;PROPERTY;TREASURY DIVISION;DRILLING DEPARTMENT;Teknik Negosiasi;2023;Harvard Online;TRAIN;LEAD;;CC9435;USD;7500000;;MGS;NSTEM;Negotiation;;;08:00;17:00;16;2;IDR;26/05/2023;03/06/2023;3;Soft Skill;Seminar;Engineering;Non-STEM General Management Le
EMP085020;TRAIN;30/12/2023;16/12/2023;Fajar J. Basuki;Self Reported;General Manager;MINING OPERATIONS;TALENT MANAGEMENT DIVISION;HEAVY EQUIPMENT DEPARTMENT;Data Analytics Advance ;2023;Coursera;TRAIN;COMPL;Surabaya HQ;CC4118;USD;7500000;X;TEC;NSTEM;Data Analytics;;;08:00;17:00;40;5;IDR;16/12/2023;30/12/2023;4;Technical Skill;Certification;Engineering;STEM Technical
48847;TRAIN;04/11/2025;02/11/2025;Kartika Iskandar;Training Interface;Engineer;HUMAN RESOURCES;PRODUCTION DIVISION;CORPORATE QUALITY CONTROL DEPARTMENT;Data Analytics Advance;2025;Coursera;WORKSHOP;TECH;Surabaya HQ;CC7234;USD;0;;MGS;NSGML;DATA ANALYTICS;;;08:00;17:00;40;5;IDR;02/11/2025;04/11/2025;5;Technical Skill;Workshop;Engineering;STEM Engineering
70708;TRAIN;28/03/2022;25/03/2022;Kevin Siregar;Self Reported;Officer;INFORMATION TECHNOLOGY;MAINTENANCE DIVISION;LEGAL DEPT DEPARTMENT;Data Analytics Advance;2022;Coursera;TRAIN;TECH;Jakarta Office;CC3939;USD;500000;X;FIN;STEM;Data Analytics;36;CERT-92863;08:00;17:00;40;5;IDR;25/03/2022;28/03/2022;2;Technical Skill;Workshop;Engineering;STEM Engineering
EMP087047;TRAIN;23/11/2024;20/11/2024;DIAN MAHENDRA;Training Interface;Senior Analyst;AGRIBUSINESS;INTERNAL AUDIT DIVISION;LOGISTICS DEPARTMENT;sap s4hana basic;2024;SAP Education ID;TRAIN;SOFT;Online;CC4050;IDR;0;X;FIN;STEM;SAP;36;CERT-47809;08:00;17:00;32;4;IDR;20/11/2024;23/11/2024;1;Technical Skill;Certification;Human Capital;Non-STEM General Management Le
46767;CERT;16/12/2022;05/12/2022;Fajar Effendi;Training Interface;Specialist;HUMAN RESOURCES;MAINTENANCE DIVISION;SUPPLY CHAIN DEPT DEPARTMENT;Coaching Performance ;2022;Internal Trainer;TRAIN;SOFT;Bali Resort;CC6656;IDR;0;;FIN;NSGML;Coaching;12;CERT-50737;08:00;17:00;16;2;IDR;05/12/2022;16/12/2022;3;Leadership;Seminar;Finance;Non-STEM General Management Le
20661;CERT;03/02/2025;01/02/2025;Doni Jaya;Manual Entry;Supervisor;ENGINEERING;ENGINEERING DIVISION;SUPPLY CHAIN DEPT DEPARTMENT;MS Excel Lanjutan;2025;kelas.work;CERT;TECH;Surabaya HQ;CC5466;USD;7500000;Y;MGS;NSGML;MS Excel;36;CERT-37795;08:00;17:00;16;2;IDR;01/02/2025;03/02/2025;2;Technical Skill;Certification;Engineering;STEM Technical
EMP087047;;14/10/2023;02/10/2023;DIAN MAHENDRA;Training Interface;Senior Analyst;AGRIBUSINESS;INTERNAL AUDIT DIVISION;LOGISTICS DEPARTMENT;Keselamatan Pertambangan;2023;Internal Trainer;WORKSHOP;COMPL;Bali Resort;CC8533;IDR;0;Y;TEC;STEM;SAFETY;;;08:00;17:00;16;2;IDR;02/10/2023;14/10/2023;1;Technical Skill;Workshop;Human Capital;STEM Technical
EMP089016;TRAIN;24/06/2025;23/06/2025;Maya Purnama;Manual Entry;Senior Analyst;ENERGY GROUP;TREASURY DIVISION;PIPELINE DEPARTMENT;Leadership Essential;2025;Internal Trainer;TRAIN;LEAD;;CC6585;IDR;0;;MGS;NSGML;Leadership;;;08:00;17:00;16;2;IDR;23/06/2025;24/06/2025;5;Leadership;Training;Management Science;Non-STEM General Management Le
84478;;03/03/2025;01/03/2025;Rahmad Jaya;Self Reported;Specialist;CORPORATE AFFAIRS;INTERNAL AUDIT DIVISION;CORPORATE AFFAIRS DEPT DEPARTMENT;Coaching Performance;2025;Internal Trainer;CERT;SOFT;;CC8701;IDR;7500000;X;MGS;NSTEM;Coaching;36;CERT-25493;08:00;17:00;16;2;IDR;01/03/2025;03/03/2025;3;Leadership;Seminar;Finance;Non-STEM General Management Le
EMP087045;TRAIN;15/12/2024;02/12/2024;Joko Nainggolan;Training Interface;Senior Operator;FINANCIAL SERVICES;TALENT MANAGEMENT DIVISION;PAYROLL DEPARTMENT;Finance for Non Finance;2024;Coursera;CERT;LEAD;Online;CC4372;USD;1500000;;MGS;NSTEM;Finance;;;08:00;17:00;12;1;IDR;02/12/2024;15/12/2024;2;Technical Skill;Seminar;Finance;Non-STEM General Management Le
44055;CERT;04/08/2022;02/08/2022;Lukman Fajari;Training Interface;Engineer;HUMAN RESOURCES;PROCUREMENT DIVISION;SUPPLY CHAIN DEPT DEPARTMENT;Coaching Performance;2022;Internal Trainer;WORKSHOP;SOFT;;CC8474;IDR;0;X;MGS;NSTEM;COACHING;36;CERT-79174;08:00;17:00;16;2;IDR;02/08/2022;04/08/2022;5;Leadership;Workshop;Management Science;STEM Technical
EMP085208;;28/11/2024;17/11/2024;Lisa Simbolon;Self Reported;Operator;ENERGY GROUP;TREASURY DIVISION;RECRUITMENT DEPARTMENT;SAP S4HANA Basic ;2024;SAP Education ID;CERT;LEAD;;CC6539;IDR;7500000;X;FIN;NSTEM;SAP;24;CERT-74700;08:00;17:00;32;4;IDR;17/11/2024;28/11/2024;3;Technical Skill;Training;Finance;STEM Engineering
EMP085072;;14/05/2024;06/05/2024;Yola Yusuf;Manual Entry;Specialist;LOGISTICS;PROCUREMENT DIVISION;QUALITY CONTROL DEPARTMENT;Pengambilan Keputusan Strategis;2024;INSEAD;TRAIN;SOFT;Online;CC9284;USD;0;;FIN;NSTEM;Strategy;24;CERT-96412;08:00;17:00;20;2;IDR;06/05/2024;14/05/2024;3;Leadership;Certification;Management Science;STEM Engineering
92921;;09/05/2024;02/05/2024;Hadi Akbar;Manual Entry;Senior Operator;CORPORATE;INTERNAL AUDIT DIVISION;LEGAL DEPT DEPARTMENT;Risk Factor In Merger Acquisition ;2024;Internal Trainer;WORKSHOP;TECH;;CC1789;IDR;1500000;Y;TEC;NSGML;M&A;36;CERT-56325;08:00;17:00;8;1;IDR;02/05/2024;09/05/2024;5;Technical Skill;Seminar;Engineering;STEM Technical
EMP085324;TRAIN;10/11/2022;09/11/2022;Rahmad Salim;Manual Entry;Senior Engineer;FINANCIAL SERVICES;ENGINEERING DIVISION;QUALITY CONTROL DEPARTMENT;Strategi Transformasi Digital;2022;MIT Sloan Executive;CERT;LEAD;Jakarta Office;CC8816;USD;3500000;;HRS;NSGML;DIGITAL STRATEGY;;;08:00;17:00;24;3;IDR;09/11/2022;10/11/2022;5;Leadership;Training;Management Science;STEM Technical
EMP085302;TRAIN;03/10/2024;30/09/2024;Nasrul Nainggolan;Self Reported;Specialist;TRADING;MAINTENANCE DIVISION;QUALITY CONTROL DEPARTMENT;MS Excel Lanjutan;2024;kelas.work;CERT;TECH;Online;CC8976;USD;7500000;Y;FIN;NSTEM;MS EXCEL;0;CERT-44929;08:00;17:00;16;2;IDR;30/09/2024;03/10/2024;5;Technical Skill;Seminar;Human Capital;STEM Engineering
EMP085295;CERT;31/05/2025;27/05/2025;Cika Wahab;Self Reported;Engineer;PETROCHEMICAL;ENGINEERING DIVISION;TAX DEPARTMENT;leadership essential;2025;Internal Trainer;CERT;TECH;Jakarta Office;CC5127;IDR;3500000;X;TEC;NSGML;Leadership;0;CERT-59264;08:00;17:00;16;2;IDR;27/05/2025;31/05/2025;5;Leadership;Workshop;Management Science;Non-STEM General Management Le
EMP089002;TRAIN;01/01/2023;20/12/2022;Agus Nugroho;Training Interface;Analyst;CORPORATE CENTER;TREASURY DIVISION;HEAVY EQUIPMENT DEPARTMENT;Finance for Non Finance;2022;Coursera;CERT;LEAD;;CC5812;USD;0;;HRS;STEM;FINANCE;36;CERT-76517;08:00;17:00;12;1;IDR;20/12/2022;01/01/2023;5;Technical Skill;Training;Human Capital;STEM Technical
EMP085047;TRAIN;;;Hendra Cahyadi;Self Reported;Operator;TRADING;TREASURY DIVISION;PIPELINE DEPARTMENT;Keselamatan Pertambangan ;2025;Internal Trainer;DEVEL;TECH;Online;CC5667;IDR;;X;HRS;STEM;SAFETY;24;CERT-28333;08:00;17:00;;;IDR;;;1;Technical Skill;Workshop;Engineering;STEM Technical
EMP089010;CERT;20/05/2022;14/05/2022;Arief Gunawan;Training Interface;Section Head;MINING OPERATIONS;INTERNAL AUDIT DIVISION;LOGISTICS DEPARTMENT;PMP Preparation;2022;PMI Indonesia;WORKSHOP;LEAD;Surabaya HQ;CC4342;USD;0;Y;MGS;NSTEM;PROJECT MANAGEMENT;36;CERT-63846;08:00;17:00;32;4;IDR;14/05/2022;20/05/2022;4;Soft Skill;Seminar;Finance;STEM Engineering
EMP085270;;04/12/2025;22/11/2025;Victor Rohman;Manual Entry;Manager;ENERGY GROUP;INTERNAL AUDIT DIVISION;HEAVY EQUIPMENT DEPARTMENT;MS Excel Lanjutan;2025;kelas.work;DEVEL;COMPL;;CC1284;USD;3500000;X;HRS;NSGML;MS EXCEL;;;08:00;17:00;16;2;IDR;22/11/2025;04/12/2025;4;Technical Skill;Certification;Finance;STEM Engineering
51446;CERT;15/10/2023;11/10/2023;IMAM PERMADI;Self Reported;Operator;SUPPLY CHAIN;ENGINEERING DIVISION;IT DEPT DEPARTMENT;Teknik Negosiasi;2023;Harvard Online;DEVEL;COMPL;Surabaya HQ;CC8134;USD;7500000;Y;MGS;NSTEM;NEGOTIATION;24;CERT-11058;08:00;17:00;16;2;IDR;11/10/2023;15/10/2023;5;Soft Skill;Training;Management Science;Non-STEM General Management Le
EMP085047;TRAIN;;;Hendra Cahyadi;Manual Entry;Operator;TRADING;TREASURY DIVISION;PIPELINE DEPARTMENT;Risk Factor In Merger Acquisition;2022;Internal Trainer;DEVEL;SOFT;Online;CC5606;IDR;;X;FIN;NSTEM;M&A;36;CERT-46991;08:00;17:00;;;IDR;;;2;Technical Skill;Seminar;Management Science;STEM Engineering
EMP085180;CERT;28/03/2025;27/03/2025;REZA DINATA;Manual Entry;Specialist;ENERGY GROUP;ENGINEERING DIVISION;PLANT 2 DEPARTMENT;Komunikasi Efektif;2025;Dale Carnegie ID;CERT;COMPL;Online;CC5379;IDR;0;X;FIN;NSGML;COMMUNICATION;;;08:00;17:00;8;1;IDR;27/03/2025;28/03/2025;4;Soft Skill;Training;Management Science;STEM Engineering
46936;TRAIN;18/09/2022;09/09/2022;Rina Kusuma;Manual Entry;Specialist;FINANCE & ACCOUNTING;INTERNAL AUDIT DIVISION;PAYROLL DEPARTMENT;Keselamatan Pertambangan;2022;Internal Trainer;TRAIN;COMPL;Bali Resort;CC7604;IDR;0;;FIN;STEM;Safety;;;08:00;17:00;16;2;IDR;09/09/2022;18/09/2022;3;Technical Skill;Training;Management Science;STEM Technical
EMP085395;;19/11/2024;16/11/2024;Agus Rohman;Manual Entry;Senior Analyst;CORPORATE CENTER;PROCUREMENT DIVISION;HEAVY EQUIPMENT DEPARTMENT;MS Excel Lanjutan;2024;kelas.work;DEVEL;TECH;Surabaya HQ;CC3483;USD;3500000;X;TEC;NSTEM;MS EXCEL;0;CERT-38437;08:00;17:00;16;2;IDR;16/11/2024;19/11/2024;3;Technical Skill;Training;Human Capital;Non-STEM General Management Le
EMP085384;CERT;22/04/2022;19/04/2022;Veri Erlangga;Self Reported;General Manager;PETROCHEMICAL;PROCUREMENT DIVISION;PLANT 1 DEPARTMENT;PMP Preparation;2022;PMI Indonesia;CERT;TECH;Bali Resort;CC3262;USD;0;X;FIN;NSTEM;PROJECT MANAGEMENT;24;CERT-34250;08:00;17:00;32;4;IDR;19/04/2022;22/04/2022;2;Soft Skill;Training;Human Capital;STEM Technical
EMP085267;TRAIN;10/03/2025;06/03/2025;Bayu Nugroho;Manual Entry;Manager;CORPORATE CENTER;MAINTENANCE OPERATIONS DIVISION;RECRUITMENT DEPARTMENT;data analytics advance;2025;Coursera;DEVEL;SOFT;Online;CC2984;USD;7500000;X;MGS;NSGML;DATA ANALYTICS;;;08:00;17:00;40;5;IDR;06/03/2025;10/03/2025;2;Technical Skill;Training;Management Science;Non-STEM General Management Le
76760;;17/04/2025;11/04/2025;Arman Dianto;Manual Entry;Engineer;FINANCE & ACCOUNTING;ENGINEERING DIVISION;ACCOUNTING DEPT DEPARTMENT;coaching performance;2025;Internal Trainer;CERT;COMPL;Bali Resort;CC6961;IDR;0;X;MGS;NSTEM;Coaching;;;08:00;17:00;16;2;IDR;11/04/2025;17/04/2025;5;Leadership;Seminar;Management Science;STEM Technical
21841;TRAIN;20/10/2024;08/10/2024;Randa Halim;Self Reported;Senior Analyst;SUPPLY CHAIN;TALENT MANAGEMENT DIVISION;LEGAL DEPT DEPARTMENT;pengambilan keputusan strategis;2024;INSEAD;DEVEL;SOFT;Bali Resort;CC1849;USD;7500000;;FIN;NSGML;Strategy;24;CERT-94319;08:00;17:00;20;2;IDR;08/10/2024;20/10/2024;4;Leadership;Seminar;Finance;STEM Engineering
EMP085058;;19/05/2023;11/05/2023;Eka Fauzi;Training Interface;Engineer;PETROCHEMICAL;INTERNAL AUDIT DIVISION;QUALITY CONTROL DEPARTMENT;MS Excel Lanjutan;2023;kelas.work;DEVEL;LEAD;Online;CC4796;USD;3500000;;TEC;NSGML;MS Excel;0;CERT-60017;08:00;17:00;16;2;IDR;11/05/2023;19/05/2023;1;Technical Skill;Workshop;Management Science;STEM Engineering
EMP085002;CERT;14/03/2023;02/03/2023;Nasrul Basuki;Self Reported;Specialist;PROPERTY;PROCUREMENT DIVISION;TAX DEPARTMENT;teknik negosiasi;2023;Harvard Online;WORKSHOP;COMPL;;CC3855;USD;0;X;HRS;STEM;NEGOTIATION;12;CERT-33682;08:00;17:00;16;2;IDR;02/03/2023;14/03/2023;1;Soft Skill;Workshop;Engineering;STEM Technical
EMP085295;TRAIN;19/08/2025;06/08/2025;Cika Wahab;Self Reported;Engineer;PETROCHEMICAL;ENGINEERING DIVISION;TAX DEPARTMENT;Risk Factor In Merger Acquisition;2025;Internal Trainer;CERT;COMPL;Online;CC8299;IDR;0;Y;TEC;STEM;M&A;12;CERT-93902;08:00;17:00;8;1;IDR;06/08/2025;19/08/2025;1;Technical Skill;Seminar;Human Capital;STEM Engineering
EMP085068;CERT;30/08/2023;27/08/2023;Employee EMP085068;Manual Entry;Senior Analyst;FORESTRY & PLANTATION;ENGINEERING DIVISION;DRILLING DEPARTMENT;Cybersecurity Fundamental;2023;Coursera;CERT;COMPL;Online;CC2320;USD;0;Y;TEC;NSGML;CYBERSECURITY;36;CERT-69725;08:00;17:00;24;3;IDR;27/08/2023;30/08/2023;3;Technical Skill;Training;Finance;STEM Technical
EMP085436;TRAIN;31/12/2025;27/12/2025;Wilda Wardhana;Training Interface;Specialist;PROPERTY;MAINTENANCE DIVISION;PLANT 1 DEPARTMENT;Cybersecurity Fundamental;2025;Coursera;TRAIN;TECH;Jakarta Office;CC9335;USD;1500000;Y;MGS;NSTEM;CYBERSECURITY;0;CERT-28814;08:00;17:00;24;3;IDR;27/12/2025;31/12/2025;1;Technical Skill;Workshop;Engineering;Non-STEM General Management Le
EMP089039;CERT;24/04/2025;17/04/2025;Rina Atmaja;Self Reported;Senior Operator;AGRIBUSINESS;PROCUREMENT DIVISION;DRILLING DEPARTMENT;SAP S4HANA Basic;2025;SAP Education ID;DEVEL;SOFT;Jakarta Office;CC4399;IDR;0;X;HRS;NSGML;SAP;0;CERT-78277;08:00;17:00;32;4;IDR;17/04/2025;24/04/2025;4;Technical Skill;Training;Management Science;STEM Engineering
11609;;13/11/2022;31/10/2022;P. Kurniawan;Manual Entry;Manager;HSE;PROCUREMENT DIVISION;HR DEPT DEPARTMENT;Data Analytics Advance;2022;Coursera;DEVEL;COMPL;Surabaya HQ;CC5596;USD;0;Y;TEC;NSGML;DATA ANALYTICS;24;CERT-64171;08:00;17:00;40;5;IDR;31/10/2022;13/11/2022;1;Technical Skill;Certification;Engineering;STEM Engineering
99593;;23/08/2024;10/08/2024;A. Salim;Self Reported;Department Head;INFORMATION TECHNOLOGY;ENGINEERING DIVISION;ENGINEERING DEPT DEPARTMENT;PMP Preparation;2024;PMI Indonesia;TRAIN;SOFT;Bali Resort;CC3109;USD;0;;TEC;NSTEM;PROJECT MANAGEMENT;36;CERT-99923;08:00;17:00;32;4;IDR;10/08/2024;23/08/2024;4;Soft Skill;Seminar;Management Science;STEM Technical
EMP087003;;30/09/2025;19/09/2025;Sri Santoso;Training Interface;Analyst;PETROCHEMICAL;TREASURY DIVISION;HEAVY EQUIPMENT DEPARTMENT;Cybersecurity Fundamental;2025;Coursera;TRAIN;SOFT;;CC7835;USD;1500000;Y;MGS;STEM;Cybersecurity;0;CERT-13265;08:00;17:00;24;3;IDR;19/09/2025;30/09/2025;1;Technical Skill;Training;Engineering;STEM Technical
EMP085092;CERT;15/03/2022;12/03/2022;Wilda Usman;Manual Entry;Supervisor;FINANCIAL SERVICES;TREASURY DIVISION;PIPELINE DEPARTMENT;Coaching Performance ;2022;Internal Trainer;WORKSHOP;LEAD;;CC5400;IDR;3500000;X;MGS;NSGML;COACHING;0;CERT-87743;08:00;17:00;16;2;IDR;12/03/2022;15/03/2022;1;Leadership;Seminar;Finance;Non-STEM General Management Le
23271;;10/04/2022;03/04/2022;Zulfa Ertanto;Training Interface;General Manager;INFORMATION TECHNOLOGY;TREASURY DIVISION;ACCOUNTING DEPT DEPARTMENT;Finance for Non Finance ;2022;Coursera;TRAIN;LEAD;Jakarta Office;CC2891;USD;0;Y;MGS;STEM;Finance;24;CERT-10641;08:00;17:00;12;1;IDR;03/04/2022;10/04/2022;1;Technical Skill;Certification;Management Science;STEM Engineering
20396;CERT;07/04/2023;06/04/2023;Hana Jaya;Manual Entry;Coordinator;LEGAL & COMPLIANCE;PRODUCTION DIVISION;ENGINEERING DEPT DEPARTMENT;ESG Reporting ;2023;GRI;WORKSHOP;TECH;Surabaya HQ;CC4659;USD;1500000;Y;MGS;NSTEM;ESG;0;CERT-25323;08:00;17:00;12;1;IDR;06/04/2023;07/04/2023;4;Technical Skill;Seminar;Finance;STEM Engineering
80896;;26/10/2025;19/10/2025;Lisa Kuncoro;Self Reported;Analyst;SUPPLY CHAIN;INTERNAL AUDIT DIVISION;HR DEPT DEPARTMENT;Strategi Transformasi Digital;2025;MIT Sloan Executive;DEVEL;TECH;;CC3836;USD;3500000;Y;HRS;NSGML;Digital Strategy;36;CERT-84168;08:00;17:00;24;3;IDR;19/10/2025;26/10/2025;4;Leadership;Workshop;Management Science;Non-STEM General Management Le
30026;;07/10/2023;26/09/2023;Suci Setiawan;Self Reported;General Manager;SUPPLY CHAIN;ENGINEERING DIVISION;ACCOUNTING DEPT DEPARTMENT;Data Analytics Advance;2023;Coursera;TRAIN;COMPL;Online;CC1825;USD;0;X;MGS;NSGML;DATA ANALYTICS;;;08:00;17:00;40;5;IDR;26/09/2023;07/10/2023;1;Technical Skill;Certification;Engineering;STEM Engineering
EMP085312;TRAIN;08/08/2023;07/08/2023;Ivan Permadi;Self Reported;Analyst;ENERGY GROUP;INTERNAL AUDIT DIVISION;PLANT 1 DEPARTMENT;Leadership Essential;2023;Internal Trainer;CERT;SOFT;Surabaya HQ;CC1606;IDR;0;;MGS;STEM;Leadership;;;08:00;17:00;16;2;IDR;07/08/2023;08/08/2023;1;Leadership;Seminar;Management Science;STEM Technical
EMP089034;TRAIN;04/06/2022;25/05/2022;Agus Kurniawan;Training Interface;Officer;FINANCIAL SERVICES;PROCUREMENT DIVISION;LOGISTICS DEPARTMENT;Keselamatan Pertambangan;2022;Internal Trainer;DEVEL;LEAD;Jakarta Office;CC9441;IDR;0;X;HRS;NSGML;Safety;12;CERT-98979;08:00;17:00;16;2;IDR;25/05/2022;04/06/2022;2;Technical Skill;Seminar;Finance;STEM Engineering
EMP085229;TRAIN;10/01/2024;06/01/2024;Dewi Akbar;Training Interface;Engineer;ENERGY GROUP;TALENT MANAGEMENT DIVISION;HEAVY EQUIPMENT DEPARTMENT;Finance for Non Finance;2024;Coursera;CERT;LEAD;Online;CC4577;USD;500000;Y;TEC;STEM;Finance;12;CERT-82500;08:00;17:00;12;1;IDR;06/01/2024;10/01/2024;2;Technical Skill;Seminar;Finance;STEM Technical
EMP089002;TRAIN;20/07/2025;07/07/2025;Agus Nugroho;Self Reported;Analyst;CORPORATE CENTER;TREASURY DIVISION;HEAVY EQUIPMENT DEPARTMENT;data analytics advance;2025;Coursera;TRAIN;SOFT;Jakarta Office;CC6593;USD;1500000;;TEC;NSTEM;DATA ANALYTICS;0;CERT-74805;08:00;17:00;40;5;IDR;07/07/2025;20/07/2025;4;Technical Skill;Workshop;Engineering;Non-STEM General Management Le
56178;CERT;12/09/2025;01/09/2025;BENNY HALIM;Training Interface;Senior Engineer;CORPORATE AFFAIRS;ENGINEERING DIVISION;CORPORATE AFFAIRS DEPT DEPARTMENT;Komunikasi Efektif ;2025;Dale Carnegie ID;DEVEL;LEAD;Jakarta Office;CC5767;IDR;0;X;MGS;NSGML;COMMUNICATION;;;08:00;17:00;8;1;IDR;01/09/2025;12/09/2025;5;Soft Skill;Workshop;Management Science;STEM Engineering
EMP087046;TRAIN;11/02/2023;08/02/2023;Intan Santoso;Manual Entry;Department Head;TRADING;ENGINEERING DIVISION;PLANT 1 DEPARTMENT;Pengambilan Keputusan Strategis;2023;INSEAD;DEVEL;COMPL;Bali Resort;CC3925;USD;0;X;FIN;STEM;Strategy;;;08:00;17:00;20;2;IDR;08/02/2023;11/02/2023;3;Leadership;Certification;Human Capital;Non-STEM General Management Le
EMP085030;CERT;07/01/2022;02/01/2022;Bunga Jaya;Training Interface;Senior Operator;FINANCIAL SERVICES;INTERNAL AUDIT DIVISION;LOGISTICS DEPARTMENT;cybersecurity fundamental;2022;Coursera;CERT;SOFT;Jakarta Office;CC7137;USD;3500000;X;FIN;NSTEM;CYBERSECURITY;;;08:00;17:00;24;3;IDR;02/01/2022;07/01/2022;5;Technical Skill;Seminar;Human Capital;Non-STEM General Management Le
71160;;25/07/2024;16/07/2024;SITI PRATAMA;Self Reported;Senior Engineer;MINING OPERATIONS;INTERNAL AUDIT DIVISION;TAX DEPARTMENT;Teknik Negosiasi;2024;Harvard Online;TRAIN;COMPL;Online;CC3618;USD;500000;Y;HRS;NSTEM;NEGOTIATION;12;CERT-18488;08:00;17:00;16;2;IDR;16/07/2024;25/07/2024;1;Soft Skill;Workshop;Finance;STEM Engineering
91691;TRAIN;13/01/2024;05/01/2024;Nur Pratama;Manual Entry;Coordinator;IT;INTERNAL AUDIT DIVISION;RECRUITMENT DEPARTMENT;Pengambilan Keputusan Strategis;2024;INSEAD;TRAIN;LEAD;;CC6145;USD;3500000;X;TEC;NSGML;STRATEGY;;;08:00;17:00;20;2;IDR;05/01/2024;13/01/2024;3;Leadership;Certification;Human Capital;Non-STEM General Management Le
55527;CERT;25/02/2024;18/02/2024;Jihan Manurung;Self Reported;Department Head;LEGAL & COMPLIANCE;PRODUCTION DIVISION;IT DEPT DEPARTMENT;PMP Preparation ;2024;PMI Indonesia;WORKSHOP;COMPL;Bali Resort;CC3168;USD;3500000;Y;FIN;NSTEM;PROJECT MANAGEMENT;24;CERT-98067;08:00;17:00;32;4;IDR;18/02/2024;25/02/2024;3;Soft Skill;Training;Human Capital;STEM Engineering
EMP085065;CERT;05/07/2025;01/07/2025;Haris Octavian;Training Interface;Officer;CORPORATE CENTER;TALENT MANAGEMENT DIVISION;CORPORATE LOGISTICS DEPARTMENT;SAP S4HANA Basic;2025;SAP Education ID;WORKSHOP;SOFT;;CC7991;IDR;500000;X;MGS;NSTEM;SAP;;;08:00;17:00;32;4;IDR;01/07/2025;05/07/2025;5;Technical Skill;Workshop;Management Science;Non-STEM General Management Le
EMP085337;TRAIN;05/10/2023;26/09/2023;Leni Junaedi;Training Interface;Department Head;CORPORATE CENTER;MAINTENANCE DIVISION;TAX DEPARTMENT;Cybersecurity Fundamental;2023;Coursera;TRAIN;SOFT;Jakarta Office;CC5424;USD;0;X;MGS;STEM;CYBERSECURITY;;;08:00;17:00;24;3;IDR;26/09/2023;05/10/2023;5;Technical Skill;Seminar;Management Science;STEM Technical
EMP085077;TRAIN;14/06/2022;31/05/2022;Irma Kuncoro;Manual Entry;Specialist;CORPORATE CENTER;TREASURY DIVISION;LOGISTICS DEPARTMENT;finance for non finance;2022;Coursera;DEVEL;COMPL;Surabaya HQ;CC2995;USD;7500000;Y;MGS;NSTEM;Finance;;;08:00;17:00;12;1;IDR;31/05/2022;14/06/2022;5;Technical Skill;Seminar;Management Science;STEM Technical
EMP085099;;14/04/2024;04/04/2024;Employee EMP085099;Self Reported;Officer;TRADING;PROCUREMENT DIVISION;DRILLING DEPARTMENT;Leadership Essential;2024;Internal Trainer;CERT;COMPL;Bali Resort;CC6014;IDR;0;;MGS;NSTEM;Leadership;12;CERT-51803;08:00;17:00;16;2;IDR;04/04/2024;14/04/2024;5;Leadership;Training;Human Capital;STEM Engineering
EMP085008;;11/01/2022;06/01/2022;Citra Junaedi;Self Reported;Senior Engineer;MINING OPERATIONS;MAINTENANCE DIVISION;RECRUITMENT DEPARTMENT;PMP Preparation ;2022;PMI Indonesia;CERT;TECH;;CC1771;USD;3500000;Y;TEC;STEM;Project Management;;;08:00;17:00;32;4;IDR;06/01/2022;11/01/2022;4;Soft Skill;Workshop;Engineering;STEM Engineering
EMP085260;;28/11/2025;17/11/2025;Xena Manurung;Self Reported;Senior Analyst;PETROCHEMICAL;INTERNAL AUDIT DIVISION;DRILLING DEPARTMENT;Komunikasi Efektif;2025;Dale Carnegie ID;TRAIN;COMPL;Jakarta Office;CC7163;IDR;7500000;Y;TEC;STEM;Communication;36;CERT-71558;08:00;17:00;8;1;IDR;17/11/2025;28/11/2025;4;Soft Skill;Seminar;Finance;Non-STEM General Management Le
19770;CERT;05/05/2025;24/04/2025;Intan Susanto;Training Interface;Department Head;HUMAN RESOURCES;TALENT MANAGEMENT OPERATIONS DIVISION;SUPPLY CHAIN DEPT DEPARTMENT;data analytics advance;2025;Coursera;CERT;COMPL;Jakarta Office;CC6481;USD;0;;MGS;STEM;DATA ANALYTICS;12;CERT-51854;08:00;17:00;40;5;IDR;24/04/2025;05/05/2025;2;Technical Skill;Seminar;Human Capital;Non-STEM General Management Le
EMP089034;;28/06/2023;16/06/2023;Agus Kurniawan;Manual Entry;Officer;FINANCIAL SERVICES;PROCUREMENT DIVISION;LOGISTICS DEPARTMENT;coaching performance;2023;Internal Trainer;WORKSHOP;TECH;Surabaya HQ;CC5756;IDR;0;Y;HRS;NSTEM;COACHING;;;08:00;17:00;16;2;IDR;16/06/2023;28/06/2023;1;Leadership;Seminar;Human Capital;Non-STEM General Management Le
EMP085056;;16/03/2025;08/03/2025;D. Hermawan;Training Interface;Senior Analyst;AGRIBUSINESS;ENGINEERING DIVISION;LOGISTICS DEPARTMENT;Data Analytics Advance;2025;Coursera;CERT;COMPL;;CC6174;USD;0;Y;MGS;NSTEM;Data Analytics;12;CERT-39802;08:00;17:00;40;5;IDR;08/03/2025;16/03/2025;3;Technical Skill;Seminar;Finance;STEM Engineering
EMP085438;CERT;23/09/2025;10/09/2025;Okky Budiman;Manual Entry;Section Head;FORESTRY & PLANTATION;MAINTENANCE DIVISION;TAX DEPARTMENT;PMP Preparation;2025;PMI Indonesia;CERT;COMPL;Jakarta Office;CC4723;USD;0;;TEC;NSGML;Project Management;36;CERT-55124;08:00;17:00;32;4;IDR;10/09/2025;23/09/2025;5;Soft Skill;Seminar;Finance;Non-STEM General Management Le
EMP085436;CERT;13/12/2022;29/11/2022;Wilda Wardhana;Self Reported;Specialist;PROPERTY;MAINTENANCE DIVISION;PLANT 1 DEPARTMENT;Teknik Negosiasi ;2022;Harvard Online;CERT;COMPL;Jakarta Office;CC7205;USD;500000;;FIN;NSTEM;Negotiation;0;CERT-81742;08:00;17:00;16;2;IDR;29/11/2022;13/12/2022;1;Soft Skill;Seminar;Finance;Non-STEM General Management Le
46927;CERT;15/02/2022;11/02/2022;Oscar Dianto;Training Interface;Senior Engineer;ENGINEERING;TALENT MANAGEMENT DIVISION;OPERATIONS DEPT DEPARTMENT;cybersecurity fundamental;2022;Coursera;TRAIN;SOFT;Jakarta Office;CC4764;USD;0;;MGS;NSTEM;CYBERSECURITY;12;CERT-59220;08:00;17:00;24;3;IDR;11/02/2022;15/02/2022;1;Technical Skill;Workshop;Engineering;Non-STEM General Management Le
EMP085016;TRAIN;12/08/2022;11/08/2022;Reza Dianto;Training Interface;Operator;PETROCHEMICAL;INTERNAL AUDIT DIVISION;DRILLING DEPARTMENT;Coaching Performance;2022;Internal Trainer;DEVEL;SOFT;Jakarta Office;CC9856;IDR;7500000;;HRS;STEM;Coaching;;;08:00;17:00;16;2;IDR;11/08/2022;12/08/2022;4;Leadership;Training;Human Capital;STEM Technical
EMP085063;CERT;08/11/2024;27/10/2024;Xena Octavian;Training Interface;Department Head;PETROCHEMICAL;INTERNAL AUDIT DIVISION;RECRUITMENT DEPARTMENT;Finance for Non Finance;2024;Coursera;TRAIN;LEAD;;CC7320;USD;3500000;;HRS;STEM;FINANCE;;;08:00;17:00;12;1;IDR;27/10/2024;08/11/2024;1;Technical Skill;Training;Human Capital;STEM Technical
EMP085001;;17/10/2023;09/10/2023;Reza Junaedi;Self Reported;General Manager;TRADING;TREASURY DIVISION;PIPELINE DEPARTMENT;Pengambilan Keputusan Strategis;2023;INSEAD;WORKSHOP;LEAD;Jakarta Office;CC7405;USD;1500000;X;FIN;NSTEM;Strategy;0;CERT-54382;08:00;17:00;20;2;IDR;09/10/2023;17/10/2023;1;Leadership;Certification;Management Science;STEM Engineering
EMP085397;TRAIN;13/08/2025;02/08/2025;Qomar Usman;Training Interface;Manager;PROPERTY;PROCUREMENT DIVISION;LOGISTICS DEPARTMENT;Pengambilan Keputusan Strategis;2025;INSEAD;TRAIN;COMPL;;CC7910;USD;7500000;Y;FIN;STEM;Strategy;;;08:00;17:00;20;2;IDR;02/08/2025;13/08/2025;4;Leadership;Seminar;Human Capital;Non-STEM General Management Le
EMP085063;;14/07/2023;04/07/2023;Xena Octavian;Self Reported;Department Head;PETROCHEMICAL;INTERNAL AUDIT DIVISION;RECRUITMENT DEPARTMENT;pengambilan keputusan strategis;2023;INSEAD;CERT;TECH;;CC7607;USD;1500000;Y;TEC;NSGML;Strategy;0;CERT-51719;08:00;17:00;20;2;IDR;04/07/2023;14/07/2023;1;Leadership;Workshop;Finance;STEM Engineering
56156;CERT;12/02/2024;10/02/2024;Wulan Widodo;Self Reported;Coordinator;CORPORATE;ENGINEERING OPERATIONS DIVISION;SUPPLY CHAIN DEPT DEPARTMENT;PMP Preparation;2024;PMI Indonesia;CERT;TECH;Online;CC6292;USD;7500000;X;HRS;STEM;PROJECT MANAGEMENT;0;CERT-68653;08:00;17:00;32;4;IDR;10/02/2024;12/02/2024;1;Soft Skill;Seminar;Finance;STEM Technical
EMP085385;CERT;12/06/2024;09/06/2024;Wendi Salim;Manual Entry;Senior Engineer;TRADING;TREASURY DIVISION;QUALITY CONTROL DEPARTMENT;Finance for Non Finance;2024;Coursera;CERT;COMPL;Bali Resort;CC4484;USD;0;Y;HRS;STEM;Finance;0;CERT-18204;08:00;17:00;12;1;IDR;09/06/2024;12/06/2024;1;Technical Skill;Training;Finance;STEM Technical
EMP085418;;21/12/2022;16/12/2022;Cika Siregar;Training Interface;Manager;AGRIBUSINESS;INTERNAL AUDIT DIVISION;QUALITY CONTROL DEPARTMENT;PMP Preparation ;2022;PMI Indonesia;WORKSHOP;TECH;Online;CC2369;USD;7500000;X;FIN;STEM;Project Management;36;CERT-75893;08:00;17:00;32;4;IDR;16/12/2022;21/12/2022;5;Soft Skill;Training;Management Science;Non-STEM General Management Le
94933;;14/07/2022;11/07/2022;Bambang Kusuma;Training Interface;Engineer;CORPORATE AFFAIRS;MAINTENANCE DIVISION;ENGINEERING DEPT DEPARTMENT;Pengambilan Keputusan Strategis;2022;INSEAD;TRAIN;TECH;Online;CC7236;USD;0;X;HRS;STEM;STRATEGY;0;CERT-78327;08:00;17:00;20;2;IDR;11/07/2022;14/07/2022;4;Leadership;Seminar;Finance;STEM Engineering
96365;TRAIN;19/08/2023;14/08/2023;Fahmi Tanjung;Manual Entry;Coordinator;INFORMATION TECHNOLOGY;ENGINEERING DIVISION;OPERATIONS DEPT DEPARTMENT;MS Excel Lanjutan;2023;kelas.work;CERT;SOFT;Jakarta Office;CC4388;USD;0;;HRS;NSGML;MS Excel;;;08:00;17:00;16;2;IDR;14/08/2023;19/08/2023;1;Technical Skill;Workshop;Management Science;STEM Technical
EMP085402;TRAIN;06/05/2025;22/04/2025;Darmawan Nainggolan;Training Interface;General Manager;FORESTRY & PLANTATION;ENGINEERING DIVISION;RECRUITMENT DEPARTMENT;cybersecurity fundamental;2025;Coursera;DEVEL;SOFT;Surabaya HQ;CC1237;USD;500000;;FIN;STEM;Cybersecurity;;;08:00;17:00;24;3;IDR;22/04/2025;06/05/2025;3;Technical Skill;Training;Finance;Non-STEM General Management Le
EMP085014;;07/03/2023;01/03/2023;Toni Wahab;Self Reported;Department Head;TRADING;TREASURY DIVISION;LOGISTICS DEPARTMENT;Komunikasi Efektif;2023;Dale Carnegie ID;WORKSHOP;LEAD;Surabaya HQ;CC3456;IDR;0;;FIN;NSGML;COMMUNICATION;12;CERT-56732;08:00;17:00;8;1;IDR;01/03/2023;07/03/2023;2;Soft Skill;Workshop;Finance;Non-STEM General Management Le
53970;CERT;25/10/2025;13/10/2025;Agus Kusuma;Self Reported;Coordinator;IT;PRODUCTION DIVISION;PAYROLL DEPARTMENT;Strategi Transformasi Digital;2025;MIT Sloan Executive;CERT;LEAD;Surabaya HQ;CC6339;USD;500000;;TEC;NSGML;DIGITAL STRATEGY;;;08:00;17:00;24;3;IDR;13/10/2025;25/10/2025;1;Leadership;Certification;Human Capital;STEM Engineering
EMP085048;TRAIN;28/03/2023;19/03/2023;Employee EMP085048;Training Interface;Department Head;MINING OPERATIONS;TALENT MANAGEMENT DIVISION;PLANT 2 DEPARTMENT;Finance for Non Finance;2023;Coursera;CERT;TECH;Surabaya HQ;CC4411;USD;0;Y;HRS;STEM;FINANCE;12;CERT-61728;08:00;17:00;12;1;IDR;19/03/2023;28/03/2023;2;Technical Skill;Training;Management Science;STEM Technical
EMP085341;TRAIN;08/01/2024;06/01/2024;FAHMI WIDODO;Self Reported;Supervisor;ENERGY GROUP;ENGINEERING DIVISION;LOGISTICS DEPARTMENT;MS Excel Lanjutan;2024;kelas.work;WORKSHOP;LEAD;Surabaya HQ;CC7652;USD;0;Y;TEC;NSTEM;MS EXCEL;;;08:00;17:00;16;2;IDR;06/01/2024;08/01/2024;2;Technical Skill;Seminar;Engineering;Non-STEM General Management Le
92921;;15/01/2025;11/01/2025;Hadi Akbar;Training Interface;Senior Operator;CORPORATE;INTERNAL AUDIT DIVISION;LEGAL DEPT DEPARTMENT;Cybersecurity Fundamental;2025;Coursera;TRAIN;TECH;Surabaya HQ;CC4123;USD;0;Y;TEC;STEM;Cybersecurity;;;08:00;17:00;24;3;IDR;11/01/2025;15/01/2025;2;Technical Skill;Workshop;Human Capital;STEM Technical
EMP085127;TRAIN;18/03/2025;17/03/2025;F. Nainggolan;Training Interface;Operator;TRADING;PROCUREMENT DIVISION;RECRUITMENT DEPARTMENT;Risk Factor In Merger Acquisition ;2025;Internal Trainer;CERT;LEAD;Surabaya HQ;CC5347;IDR;0;X;TEC;STEM;M&A;24;CERT-33493;08:00;17:00;8;1;IDR;17/03/2025;18/03/2025;2;Technical Skill;Training;Finance;STEM Engineering
94933;CERT;29/01/2025;24/01/2025;Bambang Kusuma;Training Interface;Engineer;CORPORATE AFFAIRS;MAINTENANCE DIVISION;ENGINEERING DEPT DEPARTMENT;Coaching Performance;2025;Internal Trainer;TRAIN;SOFT;Jakarta Office;CC3851;IDR;0;;MGS;NSTEM;COACHING;;;08:00;17:00;16;2;IDR;24/01/2025;29/01/2025;4;Leadership;Workshop;Human Capital;Non-STEM General Management Le
35525;CERT;27/12/2025;26/12/2025;Xena Zulkarnain;Manual Entry;Engineer;SUPPLY CHAIN;PROCUREMENT OPERATIONS DIVISION;CORPORATE AFFAIRS DEPT DEPARTMENT;Data Analytics Advance;2025;Coursera;WORKSHOP;LEAD;Bali Resort;CC2626;USD;0;X;HRS;NSTEM;DATA ANALYTICS;;;08:00;17:00;40;5;IDR;26/12/2025;27/12/2025;5;Technical Skill;Training;Management Science;Non-STEM General Management Le
76975;CERT;26/12/2025;12/12/2025;Lestari Atmaja;Training Interface;Department Head;CORPORATE;PRODUCTION DIVISION;RECRUITMENT DEPARTMENT;Strategi Transformasi Digital;2025;MIT Sloan Executive;WORKSHOP;LEAD;Jakarta Office;CC7534;USD;0;;FIN;NSTEM;DIGITAL STRATEGY;;;08:00;17:00;24;3;IDR;12/12/2025;26/12/2025;5;Leadership;Training;Finance;STEM Engineering
EMP085099;TRAIN;17/05/2023;12/05/2023;Employee EMP085099;Manual Entry;Officer;TRADING;PROCUREMENT DIVISION;DRILLING DEPARTMENT;Pengambilan Keputusan Strategis;2023;INSEAD;TRAIN;LEAD;Bali Resort;CC8692;USD;0;;TEC;STEM;STRATEGY;12;CERT-53636;08:00;17:00;20;2;IDR;12/05/2023;17/05/2023;5;Leadership;Training;Engineering;Non-STEM General Management Le
EMP085413;;18/08/2025;07/08/2025;Benny Budiman;Manual Entry;Engineer;TRADING;MAINTENANCE DIVISION;PAYROLL DEPARTMENT;MS Excel Lanjutan;2025;kelas.work;WORKSHOP;TECH;Surabaya HQ;CC5846;USD;3500000;Y;FIN;STEM;MS EXCEL;12;CERT-98805;08:00;17:00;16;2;IDR;07/08/2025;18/08/2025;1;Technical Skill;Certification;Human Capital;STEM Engineering
EMP085075;;06/04/2022;24/03/2022;Yogi Hermawan;Training Interface;Manager;PETROCHEMICAL;MAINTENANCE DIVISION;PLANT 2 DEPARTMENT;esg reporting;2022;GRI;CERT;COMPL;Surabaya HQ;CC1640;USD;0;Y;TEC;NSTEM;ESG;36;CERT-18334;08:00;17:00;12;1;IDR;24/03/2022;06/04/2022;3;Technical Skill;Certification;Finance;STEM Engineering
21084;TRAIN;11/10/2024;04/10/2024;Udin Lubis;Self Reported;Department Head;FINANCE & ACCOUNTING;ENGINEERING DIVISION;ACCOUNTING DEPT DEPARTMENT;keselamatan pertambangan;2024;Internal Trainer;WORKSHOP;COMPL;Bali Resort;CC2806;IDR;7500000;Y;HRS;NSTEM;SAFETY;;;08:00;17:00;16;2;IDR;04/10/2024;11/10/2024;2;Technical Skill;Seminar;Management Science;STEM Technical
EMP085420;;04/08/2025;23/07/2025;Employee EMP085420;Self Reported;General Manager;TRADING;TALENT MANAGEMENT DIVISION;HEAVY EQUIPMENT DEPARTMENT;Coaching Performance;2025;Internal Trainer;CERT;LEAD;;CC6079;IDR;1500000;Y;HRS;NSGML;COACHING;;;08:00;17:00;16;2;IDR;23/07/2025;04/08/2025;1;Leadership;Certification;Management Science;STEM Engineering
EMP085420;CERT;22/01/2025;11/01/2025;Employee EMP085420;Self Reported;General Manager;TRADING;TALENT MANAGEMENT DIVISION;HEAVY EQUIPMENT DEPARTMENT;Finance for Non Finance;2025;Coursera;DEVEL;SOFT;;CC6934;USD;7500000;;FIN;NSTEM;FINANCE;12;CERT-33331;08:00;17:00;12;1;IDR;11/01/2025;22/01/2025;1;Technical Skill;Training;Management Science;STEM Engineering
88365;TRAIN;17/07/2025;09/07/2025;Zahra Kartono;Self Reported;Engineer;FINANCE & ACCOUNTING;TREASURY DIVISION;HSE DEPT DEPARTMENT;Strategi Transformasi Digital ;2025;MIT Sloan Executive;CERT;TECH;Online;CC4552;USD;7500000;;TEC;NSGML;Digital Strategy;;;08:00;17:00;24;3;IDR;09/07/2025;17/07/2025;5;Leadership;Workshop;Human Capital;STEM Engineering
31179;TRAIN;13/06/2023;10/06/2023;Teguh Akbar;Manual Entry;Manager;LEGAL & COMPLIANCE;TREASURY DIVISION;SUPPLY CHAIN DEPT DEPARTMENT;Data Analytics Advance;2023;Coursera;TRAIN;LEAD;Online;CC9766;USD;500000;X;TEC;STEM;Data Analytics;36;CERT-17268;08:00;17:00;40;5;IDR;10/06/2023;13/06/2023;1;Technical Skill;Workshop;Engineering;STEM Engineering
EMP085358;;10/05/2025;26/04/2025;B. Cokro;Training Interface;Senior Analyst;FINANCIAL SERVICES;INTERNAL AUDIT DIVISION;PLANT 2 DEPARTMENT;ESG Reporting;2025;GRI;CERT;SOFT;Bali Resort;CC4804;USD;7500000;Y;FIN;NSTEM;ESG;;;08:00;17:00;12;1;IDR;26/04/2025;10/05/2025;3;Technical Skill;Workshop;Management Science;Non-STEM General Management Le
EMP085385;CERT;26/01/2023;21/01/2023;Wendi Salim;Manual Entry;Senior Engineer;TRADING;TREASURY DIVISION;QUALITY CONTROL DEPARTMENT;Pengambilan Keputusan Strategis;2023;INSEAD;WORKSHOP;SOFT;;CC7512;USD;3500000;;MGS;STEM;STRATEGY;36;CERT-60006;08:00;17:00;20;2;IDR;21/01/2023;26/01/2023;2;Leadership;Certification;Human Capital;STEM Engineering
56178;;28/02/2024;18/02/2024;BENNY HALIM;Training Interface;Senior Engineer;CORPORATE AFFAIRS;ENGINEERING DIVISION;CORPORATE AFFAIRS DEPT DEPARTMENT;Finance for Non Finance;2024;Coursera;WORKSHOP;COMPL;Bali Resort;CC6980;USD;7500000;;HRS;NSTEM;Finance;;;08:00;17:00;12;1;IDR;18/02/2024;28/02/2024;5;Technical Skill;Workshop;Management Science;STEM Technical
EMP085430;CERT;31/05/2025;29/05/2025;Yanto Rizaldi;Training Interface;Supervisor;LOGISTICS;PRODUCTION DIVISION;RECRUITMENT DEPARTMENT;Coaching Performance ;2025;Internal Trainer;WORKSHOP;TECH;Bali Resort;CC4487;IDR;0;X;HRS;NSGML;COACHING;;;08:00;17:00;16;2;IDR;29/05/2025;31/05/2025;3;Leadership;Certification;Management Science;STEM Technical
EMP089025;;08/10/2023;04/10/2023;Nur Gunawan;Manual Entry;Analyst;FINANCIAL SERVICES;TALENT MANAGEMENT DIVISION;PLANT 2 DEPARTMENT;Risk Factor In Merger Acquisition;2023;Internal Trainer;DEVEL;COMPL;Surabaya HQ;CC4427;IDR;1500000;X;FIN;STEM;M&A;;;08:00;17:00;8;1;IDR;04/10/2023;08/10/2023;2;Technical Skill;Seminar;Human Capital;STEM Technical
EMP085096;TRAIN;02/01/2026;24/12/2025;Employee EMP085096;Manual Entry;Manager;AGRIBUSINESS;TALENT MANAGEMENT DIVISION;HEAVY EQUIPMENT DEPARTMENT;Data Analytics Advance;2025;Coursera;DEVEL;COMPL;;CC5815;USD;0;Y;TEC;NSTEM;Data Analytics;;;08:00;17:00;40;5;IDR;24/12/2025;02/01/2026;5;Technical Skill;Seminar;Engineering;STEM Technical
71160;CERT;26/11/2023;14/11/2023;SITI PRATAMA;Manual Entry;Senior Engineer;MINING OPERATIONS;INTERNAL AUDIT DIVISION;TAX DEPARTMENT;sap s4hana basic;2023;SAP Education ID;WORKSHOP;SOFT;Bali Resort;CC1740;IDR;0;;TEC;NSTEM;SAP;36;CERT-24025;08:00;17:00;32;4;IDR;14/11/2023;26/11/2023;4;Technical Skill;Workshop;Finance;STEM Engineering
EMP089039;CERT;07/12/2025;28/11/2025;Rina Atmaja;Self Reported;Senior Operator;AGRIBUSINESS;PROCUREMENT DIVISION;DRILLING DEPARTMENT;PMP Preparation;2025;PMI Indonesia;DEVEL;TECH;;CC5237;USD;7500000;;HRS;NSGML;PROJECT MANAGEMENT;12;CERT-64357;08:00;17:00;32;4;IDR;28/11/2025;07/12/2025;1;Soft Skill;Certification;Engineering;STEM Engineering
20396;CERT;03/06/2023;23/05/2023;Hana Jaya;Manual Entry;Coordinator;LEGAL & COMPLIANCE;PRODUCTION DIVISION;ENGINEERING DEPT DEPARTMENT;SAP S4HANA Basic;2023;SAP Education ID;CERT;SOFT;;CC2737;IDR;3500000;;FIN;NSGML;SAP;;;08:00;17:00;32;4;IDR;23/05/2023;03/06/2023;2;Technical Skill;Training;Finance;STEM Technical
48683;TRAIN;30/09/2022;24/09/2022;Ayu Halim;Manual Entry;Analyst;SUPPLY CHAIN;TREASURY DIVISION;ACCOUNTING DEPT DEPARTMENT;Finance for Non Finance ;2022;Coursera;TRAIN;SOFT;Bali Resort;CC8697;USD;7500000;;TEC;NSGML;Finance;;;08:00;17:00;12;1;IDR;24/09/2022;30/09/2022;4;Technical Skill;Seminar;Human Capital;Non-STEM General Management Le
26232;CERT;27/05/2025;25/05/2025;Siska Pratama;Training Interface;Supervisor;INFORMATION TECHNOLOGY;ENGINEERING DIVISION;FINANCE DEPT DEPARTMENT;Cybersecurity Fundamental;2025;Coursera;DEVEL;SOFT;;CC5933;USD;0;X;TEC;NSGML;Cybersecurity;;;08:00;17:00;24;3;IDR;25/05/2025;27/05/2025;4;Technical Skill;Workshop;Finance;STEM Technical
22667;CERT;29/01/2023;24/01/2023;Cahyo Wijaya;Self Reported;Manager;LEGAL & COMPLIANCE;ENGINEERING DIVISION;HSE DEPT DEPARTMENT;Cybersecurity Fundamental;2023;Coursera;DEVEL;COMPL;Bali Resort;CC1893;USD;0;;HRS;STEM;Cybersecurity;36;CERT-49918;08:00;17:00;24;3;IDR;24/01/2023;29/01/2023;1;Technical Skill;Training;Engineering;STEM Engineering
EMP085297;CERT;08/08/2022;30/07/2022;Leni Ardhana;Training Interface;Department Head;LOGISTICS;MAINTENANCE DIVISION;QUALITY CONTROL DEPARTMENT;Risk Factor In Merger Acquisition;2022;Internal Trainer;TRAIN;SOFT;Jakarta Office;CC4713;IDR;0;Y;TEC;NSGML;M&A;24;CERT-77048;08:00;17:00;8;1;IDR;30/07/2022;08/08/2022;2;Technical Skill;Seminar;Management Science;STEM Technical
72736;TRAIN;16/08/2022;13/08/2022;Dewi Sari;Self Reported;Department Head;FINANCE & ACCOUNTING;ENGINEERING DIVISION;PIPELINE DEPARTMENT;ESG Reporting;2022;GRI;WORKSHOP;COMPL;Online;CC4791;USD;3500000;;FIN;NSTEM;ESG;;;08:00;17:00;12;1;IDR;13/08/2022;16/08/2022;4;Technical Skill;Workshop;Finance;STEM Engineering
68347;;10/11/2024;02/11/2024;Nina Kartono;Training Interface;Engineer;CORPORATE AFFAIRS;TALENT MANAGEMENT DIVISION;ACCOUNTING DEPT DEPARTMENT;Pengambilan Keputusan Strategis;2024;INSEAD;TRAIN;SOFT;Jakarta Office;CC5762;USD;0;Y;HRS;NSTEM;STRATEGY;0;CERT-99463;08:00;17:00;20;2;IDR;02/11/2024;10/11/2024;2;Leadership;Seminar;Human Capital;STEM Engineering
38435;;22/04/2022;11/04/2022;Yogi Kartono;Manual Entry;Supervisor;HUMAN RESOURCES;MAINTENANCE DIVISION;HR DEPT DEPARTMENT;Risk Factor In Merger Acquisition;2022;Internal Trainer;WORKSHOP;COMPL;Online;CC4704;IDR;500000;Y;HRS;NSGML;M&A;24;CERT-66308;08:00;17:00;8;1;IDR;11/04/2022;22/04/2022;5;Technical Skill;Workshop;Human Capital;STEM Technical
34966;;20/04/2022;15/04/2022;Arief Atmaja;Self Reported;Operator;MINING OPERATIONS (HOLDING);INTERNAL AUDIT DIVISION;PLANT 1 DEPARTMENT;Pengambilan Keputusan Strategis;2022;INSEAD;CERT;SOFT;Jakarta Office;CC8484;USD;1500000;;HRS;NSGML;STRATEGY;36;CERT-72082;08:00;17:00;20;2;IDR;15/04/2022;20/04/2022;1;Leadership;Workshop;Management Science;STEM Engineering
37793;;29/07/2023;17/07/2023;Yuni Darwis;Training Interface;Coordinator;ENGINEERING;PRODUCTION OPERATIONS DIVISION;ACCOUNTING DEPT DEPARTMENT;Risk Factor In Merger Acquisition;2023;Internal Trainer;WORKSHOP;SOFT;Bali Resort;CC5467;IDR;7500000;X;TEC;NSGML;M&A;;;08:00;17:00;8;1;IDR;17/07/2023;29/07/2023;4;Technical Skill;Workshop;Finance;STEM Technical
77276;;12/10/2025;30/09/2025;BUDI SUSANTO;Training Interface;Engineer;HUMAN RESOURCES;MAINTENANCE DIVISION;PLANT 1 DEPARTMENT;SAP S4HANA Basic;2025;SAP Education ID;DEVEL;TECH;Online;CC6317;IDR;7500000;Y;TEC;NSTEM;SAP;;;08:00;17:00;32;4;IDR;30/09/2025;12/10/2025;2;Technical Skill;Training;Human Capital;Non-STEM General Management Le
EMP085129;TRAIN;;;Employee EMP085129;Self Reported;Manager;FORESTRY & PLANTATION;ENGINEERING DIVISION;RECRUITMENT DEPARTMENT;komunikasi efektif;2022;Dale Carnegie ID;DEVEL;TECH;;CC2384;IDR;;;FIN;NSTEM;Communication;0;CERT-30157;08:00;17:00;;;IDR;;;3;Soft Skill;Workshop;Human Capital;Non-STEM General Management Le
19738;CERT;31/08/2025;18/08/2025;Arman Siregar;Training Interface;Department Head;SUPPLY CHAIN;ENGINEERING DIVISION;ACCOUNTING DEPT DEPARTMENT;MS Excel Lanjutan;2025;kelas.work;CERT;SOFT;;CC1325;USD;3500000;X;HRS;STEM;MS Excel;12;CERT-64690;08:00;17:00;16;2;IDR;18/08/2025;31/08/2025;3;Technical Skill;Seminar;Engineering;STEM Technical
EMP085341;TRAIN;22/02/2024;16/02/2024;FAHMI WIDODO;Manual Entry;Supervisor;ENERGY GROUP;ENGINEERING DIVISION;LOGISTICS DEPARTMENT;Teknik Negosiasi;2024;Harvard Online;TRAIN;SOFT;Online;CC8421;USD;500000;;FIN;STEM;Negotiation;36;CERT-96529;08:00;17:00;16;2;IDR;16/02/2024;22/02/2024;2;Soft Skill;Workshop;Finance;STEM Technical
EMP089047;CERT;28/07/2022;27/07/2022;Wulan Santoso;Training Interface;Engineer;TRADING;ENGINEERING DIVISION;LOGISTICS DEPARTMENT;Teknik Negosiasi;2022;Harvard Online;CERT;COMPL;Online;CC7056;USD;0;Y;HRS;NSTEM;Negotiation;;;08:00;17:00;16;2;IDR;27/07/2022;28/07/2022;5;Soft Skill;Seminar;Management Science;Non-STEM General Management Le
EMP085439;CERT;23/04/2024;14/04/2024;Siska Indrawan;Manual Entry;Section Head;TRADING;TALENT MANAGEMENT DIVISION;PIPELINE DEPARTMENT;Komunikasi Efektif;2024;Dale Carnegie ID;CERT;SOFT;Jakarta Office;CC4530;IDR;7500000;;FIN;NSTEM;Communication;36;CERT-32303;08:00;17:00;8;1;IDR;14/04/2024;23/04/2024;3;Soft Skill;Training;Human Capital;STEM Technical
31179;CERT;28/10/2023;23/10/2023;Teguh Akbar;Manual Entry;Manager;LEGAL & COMPLIANCE;TREASURY DIVISION;SUPPLY CHAIN DEPT DEPARTMENT;Leadership Essential;2023;Internal Trainer;TRAIN;SOFT;Surabaya HQ;CC3831;IDR;0;X;TEC;STEM;LEADERSHIP;12;CERT-93554;08:00;17:00;16;2;IDR;23/10/2023;28/10/2023;1;Leadership;Seminar;Management Science;Non-STEM General Management Le
EMP085008;TRAIN;01/03/2025;22/02/2025;Citra Junaedi;Self Reported;Senior Engineer;MINING OPERATIONS;MAINTENANCE DIVISION;RECRUITMENT DEPARTMENT;Coaching Performance;2025;Internal Trainer;WORKSHOP;COMPL;Bali Resort;CC6523;IDR;0;X;MGS;STEM;Coaching;;;08:00;17:00;16;2;IDR;22/02/2025;01/03/2025;1;Leadership;Certification;Engineering;STEM Technical
11891;;30/12/2023;23/12/2023;Jihan Permadi;Self Reported;Analyst;CORPORATE AFFAIRS;ENGINEERING DIVISION;IT DEPT DEPARTMENT;Pengambilan Keputusan Strategis;2023;INSEAD;WORKSHOP;COMPL;Surabaya HQ;CC9629;USD;3500000;;FIN;NSGML;Strategy;;;08:00;17:00;20;2;IDR;23/12/2023;30/12/2023;3;Leadership;Seminar;Finance;Non-STEM General Management Le
30026;CERT;12/01/2023;09/01/2023;Suci Setiawan;Self Reported;General Manager;SUPPLY CHAIN;ENGINEERING DIVISION;ACCOUNTING DEPT DEPARTMENT;Keselamatan Pertambangan;2023;Internal Trainer;TRAIN;LEAD;Bali Resort;CC5263;IDR;0;;TEC;STEM;SAFETY;12;CERT-60225;08:00;17:00;16;2;IDR;09/01/2023;12/01/2023;1;Technical Skill;Seminar;Engineering;Non-STEM General Management Le
EMP087033;TRAIN;12/12/2022;04/12/2022;Dewi Nainggolan;Self Reported;Specialist;FORESTRY & PLANTATION;PROCUREMENT DIVISION;TAX DEPARTMENT;MS Excel Lanjutan;2022;kelas.work;WORKSHOP;SOFT;Bali Resort;CC8860;USD;0;;TEC;STEM;MS Excel;;;08:00;17:00;16;2;IDR;04/12/2022;12/12/2022;1;Technical Skill;Certification;Management Science;Non-STEM General Management Le
EMP087012;CERT;25/09/2023;11/09/2023;Doni Setiawan;Self Reported;Engineer;ENERGY GROUP;MAINTENANCE DIVISION;CORPORATE PLANT 2 DEPARTMENT;esg reporting;2023;GRI;DEVEL;TECH;Online;CC3022;USD;0;X;FIN;NSTEM;ESG;;;08:00;17:00;12;1;IDR;11/09/2023;25/09/2023;4;Technical Skill;Workshop;Engineering;STEM Engineering
36952;CERT;06/02/2025;04/02/2025;Lisa Dinata;Manual Entry;Manager;HUMAN RESOURCES;INTERNAL AUDIT DIVISION;IT DEPT DEPARTMENT;SAP S4HANA Basic;2025;SAP Education ID;TRAIN;COMPL;Online;CC1930;IDR;500000;Y;MGS;NSTEM;SAP;36;CERT-78976;08:00;17:00;32;4;IDR;04/02/2025;06/02/2025;4;Technical Skill;Training;Engineering;STEM Technical
82471;;08/12/2023;03/12/2023;Ivan Oetomo;Self Reported;Senior Engineer;SUPPLY CHAIN;TALENT MANAGEMENT DIVISION;LEGAL DEPT DEPARTMENT;SAP S4HANA Basic;2023;SAP Education ID;WORKSHOP;TECH;Jakarta Office;CC1826;IDR;3500000;X;MGS;STEM;SAP;0;CERT-74724;08:00;17:00;32;4;IDR;03/12/2023;08/12/2023;5;Technical Skill;Seminar;Engineering;STEM Engineering
69304;CERT;18/05/2025;11/05/2025;Kartika Utama;Self Reported;Specialist;FINANCE & ACCOUNTING (HOLDING);TALENT MANAGEMENT DIVISION;ENGINEERING DEPT DEPARTMENT;Cybersecurity Fundamental;2025;Coursera;TRAIN;LEAD;Surabaya HQ;CC5314;USD;500000;X;HRS;NSGML;Cybersecurity;0;CERT-10643;08:00;17:00;24;3;IDR;11/05/2025;18/05/2025;2;Technical Skill;Seminar;Engineering;STEM Engineering
12859;CERT;23/07/2023;13/07/2023;Cika Hidayat;Training Interface;Coordinator;LEGAL & COMPLIANCE;INTERNAL AUDIT DIVISION;SUPPLY CHAIN DEPT DEPARTMENT;Coaching Performance;2023;Internal Trainer;TRAIN;SOFT;Surabaya HQ;CC6708;IDR;3500000;X;FIN;NSGML;COACHING;36;CERT-32684;08:00;17:00;16;2;IDR;13/07/2023;23/07/2023;4;Leadership;Workshop;Engineering;STEM Engineering
EMP085373;;10/09/2022;09/09/2022;Umi Hidayat;Self Reported;Officer;FORESTRY & PLANTATION;PROCUREMENT DIVISION;DRILLING DEPARTMENT;Komunikasi Efektif;2022;Dale Carnegie ID;TRAIN;TECH;Jakarta Office;CC9292;IDR;0;Y;FIN;NSTEM;COMMUNICATION;0;CERT-37030;08:00;17:00;8;1;IDR;09/09/2022;10/09/2022;2;Soft Skill;Certification;Management Science;STEM Engineering
76102;;26/03/2025;22/03/2025;Rizki Cahyadi;Self Reported;Specialist;INFORMATION TECHNOLOGY;ENGINEERING DIVISION;ENGINEERING DEPT DEPARTMENT;Data Analytics Advance;2025;Coursera;WORKSHOP;LEAD;;CC8035;USD;1500000;Y;FIN;NSGML;Data Analytics;0;CERT-97986;08:00;17:00;40;5;IDR;22/03/2025;26/03/2025;4;Technical Skill;Training;Finance;STEM Engineering
14012;CERT;18/09/2025;05/09/2025;Yuni Wijaya;Training Interface;Supervisor;HSE;PRODUCTION DIVISION;HSE DEPT DEPARTMENT;ESG Reporting;2025;GRI;WORKSHOP;LEAD;;CC9163;USD;1500000;;HRS;NSTEM;ESG;0;CERT-74107;08:00;17:00;12;1;IDR;05/09/2025;18/09/2025;1;Technical Skill;Certification;Human Capital;STEM Technical
EMP085219;CERT;20/08/2024;12/08/2024;Bayu Kusuma;Self Reported;Engineer;MINING OPERATIONS;TALENT MANAGEMENT DIVISION;LOGISTICS DEPARTMENT;SAP S4HANA Basic;2024;SAP Education ID;CERT;LEAD;Online;CC9598;IDR;3500000;X;MGS;STEM;SAP;36;CERT-44011;08:00;17:00;32;4;IDR;12/08/2024;20/08/2024;5;Technical Skill;Training;Finance;STEM Engineering
EMP085382;;01/08/2025;30/07/2025;Andi Santoso;Manual Entry;Coordinator;LOGISTICS;INTERNAL AUDIT DIVISION;PAYROLL DEPARTMENT;Data Analytics Advance;2025;Coursera;CERT;LEAD;Surabaya HQ;CC3180;USD;1500000;X;FIN;STEM;DATA ANALYTICS;;;08:00;17:00;40;5;IDR;30/07/2025;01/08/2025;1;Technical Skill;Training;Engineering;Non-STEM General Management Le
EMP085048;TRAIN;26/04/2024;21/04/2024;Employee EMP085048;Training Interface;Department Head;MINING OPERATIONS;TALENT MANAGEMENT DIVISION;PLANT 2 DEPARTMENT;SAP S4HANA Basic;2024;SAP Education ID;TRAIN;LEAD;Bali Resort;CC2394;IDR;0;;FIN;NSTEM;SAP;12;CERT-57640;08:00;17:00;32;4;IDR;21/04/2024;26/04/2024;5;Technical Skill;Seminar;Management Science;Non-STEM General Management Le
EMP085370;CERT;22/02/2025;19/02/2025;Yola Jaya;Manual Entry;Senior Analyst;FORESTRY & PLANTATION;TREASURY DIVISION;LOGISTICS DEPARTMENT;Strategi Transformasi Digital;2025;MIT Sloan Executive;CERT;SOFT;Surabaya HQ;CC1887;USD;3500000;Y;FIN;NSTEM;Digital Strategy;;;08:00;17:00;24;3;IDR;19/02/2025;22/02/2025;4;Leadership;Seminar;Engineering;STEM Engineering
43410;CERT;13/04/2024;31/03/2024;Reza Chandra;Manual Entry;Coordinator;SUPPLY CHAIN;ENGINEERING DIVISION;ACCOUNTING DEPT DEPARTMENT;Keselamatan Pertambangan;2024;Internal Trainer;WORKSHOP;COMPL;Online;CC5765;IDR;0;X;FIN;NSTEM;SAFETY;24;CERT-68273;08:00;17:00;16;2;IDR;31/03/2024;13/04/2024;1;Technical Skill;Workshop;Human Capital;STEM Technical
EMP085444;CERT;27/04/2022;20/04/2022;Andi Junaedi;Training Interface;Engineer;FINANCIAL SERVICES (HOLDING);TALENT MANAGEMENT DIVISION;PLANT 2 DEPARTMENT;Cybersecurity Fundamental;2022;Coursera;TRAIN;SOFT;Online;CC6918;USD;0;;HRS;STEM;CYBERSECURITY;0;CERT-72650;08:00;17:00;24;3;IDR;20/04/2022;27/04/2022;2;Technical Skill;Certification;Engineering;STEM Engineering
EMP085206;;20/09/2022;11/09/2022;Julia Hidayat;Manual Entry;Operator;FINANCIAL SERVICES;PROCUREMENT DIVISION;CORPORATE RECRUITMENT DEPARTMENT;Strategi Transformasi Digital;2022;MIT Sloan Executive;DEVEL;COMPL;Online;CC3207;USD;0;Y;FIN;NSGML;DIGITAL STRATEGY;36;CERT-36033;08:00;17:00;24;3;IDR;11/09/2022;20/09/2022;1;Leadership;Training;Management Science;STEM Engineering
EMP085342;CERT;20/10/2024;15/10/2024;Lisa Cokro;Self Reported;Senior Analyst;MINING OPERATIONS;MAINTENANCE DIVISION;HEAVY EQUIPMENT DEPARTMENT;Finance for Non Finance;2024;Coursera;WORKSHOP;SOFT;Bali Resort;CC3354;USD;500000;X;TEC;NSGML;Finance;24;CERT-99520;08:00;17:00;12;1;IDR;15/10/2024;20/10/2024;1;Technical Skill;Workshop;Human Capital;STEM Technical
EMP085144;CERT;12/12/2023;08/12/2023;GALIH YULIANTO;Self Reported;General Manager;FORESTRY & PLANTATION;PROCUREMENT DIVISION;QUALITY CONTROL DEPARTMENT;Finance for Non Finance;2023;Coursera;WORKSHOP;SOFT;Surabaya HQ;CC3228;USD;3500000;X;FIN;NSTEM;FINANCE;24;CERT-61504;08:00;17:00;12;1;IDR;08/12/2023;12/12/2023;5;Technical Skill;Training;Management Science;STEM Engineering
48683;;22/03/2023;09/03/2023;Ayu Halim;Training Interface;Analyst;SUPPLY CHAIN;TREASURY DIVISION;ACCOUNTING DEPT DEPARTMENT;SAP S4HANA Basic ;2023;SAP Education ID;TRAIN;COMPL;Bali Resort;CC8528;IDR;1500000;Y;MGS;STEM;SAP;;;08:00;17:00;32;4;IDR;09/03/2023;22/03/2023;3;Technical Skill;Seminar;Engineering;STEM Engineering
16411;;11/05/2023;06/05/2023;Nur Santoso;Training Interface;Section Head;IT;TALENT MANAGEMENT DIVISION;PLANT 1 DEPARTMENT;ESG Reporting;2023;GRI;CERT;TECH;Surabaya HQ;CC3314;USD;0;;TEC;STEM;ESG;0;CERT-58976;08:00;17:00;12;1;IDR;06/05/2023;11/05/2023;5;Technical Skill;Seminar;Engineering;STEM Engineering
EMP085426;;08/01/2024;04/01/2024;Zahra Lubis;Manual Entry;Section Head;CORPORATE CENTER;PRODUCTION DIVISION;PLANT 1 DEPARTMENT;MS Excel Lanjutan;2024;kelas.work;DEVEL;SOFT;;CC1133;USD;3500000;X;FIN;NSGML;MS EXCEL;24;CERT-92955;08:00;17:00;16;2;IDR;04/01/2024;08/01/2024;5;Technical Skill;Training;Human Capital;STEM Technical
EMP085260;;03/04/2025;01/04/2025;Xena Manurung;Training Interface;Senior Analyst;PETROCHEMICAL;INTERNAL AUDIT DIVISION;DRILLING DEPARTMENT;Data Analytics Advance;2025;Coursera;WORKSHOP;TECH;Bali Resort;CC5661;USD;7500000;Y;HRS;STEM;DATA ANALYTICS;;;08:00;17:00;40;5;IDR;01/04/2025;03/04/2025;1;Technical Skill;Certification;Human Capital;STEM Engineering
74766;CERT;07/05/2023;26/04/2023;Vina Salim;Training Interface;General Manager;;PRODUCTION DIVISION;IT DEPT DEPARTMENT;MS Excel Lanjutan;2023;kelas.work;CERT;COMPL;Surabaya HQ;CC7425;USD;;;FIN;NSTEM;MS EXCEL;0;CERT-79528;08:00;17:00;16;2;IDR;26/04/2023;07/05/2023;2;Technical Skill;Training;Finance;STEM Technical
35134;CERT;17/03/2023;04/03/2023;Budi Ertanto;Manual Entry;Analyst;CORPORATE;PROCUREMENT DIVISION;OPERATIONS DEPT DEPARTMENT;Coaching Performance;2023;Internal Trainer;WORKSHOP;SOFT;Surabaya HQ;CC7549;IDR;3500000;Y;TEC;NSTEM;COACHING;;;08:00;17:00;16;2;IDR;04/03/2023;17/03/2023;4;Leadership;Certification;Engineering;STEM Technical
48563;TRAIN;25/11/2025;12/11/2025;Taufik Pratama;Training Interface;Senior Operator;FINANCE & ACCOUNTING;TALENT MANAGEMENT DIVISION;HEAVY EQUIPMENT DEPARTMENT;leadership essential;2025;Internal Trainer;CERT;LEAD;;CC2375;IDR;0;Y;HRS;NSGML;Leadership;0;CERT-14001;08:00;17:00;16;2;IDR;12/11/2025;25/11/2025;4;Leadership;Workshop;Human Capital;STEM Technical
EMP089021;;19/10/2024;10/10/2024;Agus Sari;Self Reported;Senior Operator;PROPERTY;PROCUREMENT DIVISION;PLANT 1 DEPARTMENT;Pengambilan Keputusan Strategis;2024;INSEAD;CERT;LEAD;Bali Resort;CC4105;USD;0;X;MGS;NSGML;Strategy;;;08:00;17:00;20;2;IDR;10/10/2024;19/10/2024;2;Leadership;Certification;Finance;STEM Technical
EMP089021;TRAIN;26/01/2023;24/01/2023;Agus Sari;Manual Entry;Senior Operator;PROPERTY;PROCUREMENT DIVISION;PLANT 1 DEPARTMENT;Strategi Transformasi Digital;2023;MIT Sloan Executive;CERT;TECH;Surabaya HQ;CC3191;USD;0;X;TEC;NSTEM;Digital Strategy;24;CERT-53652;08:00;17:00;24;3;IDR;24/01/2023;26/01/2023;5;Leadership;Certification;Finance;STEM Engineering
37232;TRAIN;19/02/2024;11/02/2024;AGUS WIJAYA;Training Interface;Specialist;IT;INTERNAL AUDIT DIVISION;PLANT 2 DEPARTMENT;ESG Reporting;2024;GRI;DEVEL;LEAD;;CC2502;USD;7500000;;MGS;NSTEM;ESG;12;CERT-91373;08:00;17:00;12;1;IDR;11/02/2024;19/02/2024;5;Technical Skill;Training;Finance;STEM Technical
EMP085141;CERT;28/01/2022;24/01/2022;Benny Siregar;Training Interface;Officer;FORESTRY & PLANTATION;PRODUCTION DIVISION;PLANT 1 DEPARTMENT;Finance for Non Finance;2022;Coursera;CERT;SOFT;Surabaya HQ;CC1684;USD;0;;FIN;NSGML;FINANCE;;;08:00;17:00;12;1;IDR;24/01/2022;28/01/2022;5;Technical Skill;Seminar;Engineering;STEM Technical
55127;;15/01/2023;02/01/2023;Wulan Triyanto;Training Interface;Officer;INFORMATION TECHNOLOGY;MAINTENANCE DIVISION;LEGAL DEPT DEPARTMENT;PMP Preparation;2023;PMI Indonesia;TRAIN;LEAD;Surabaya HQ;CC8591;USD;1500000;X;HRS;NSGML;Project Management;0;CERT-28542;08:00;17:00;32;4;IDR;02/01/2023;15/01/2023;1;Soft Skill;Certification;Engineering;Non-STEM General Management Le
EMP085317;CERT;08/01/2023;04/01/2023;M. Wardhana;Manual Entry;Senior Operator;LOGISTICS;INTERNAL AUDIT DIVISION;PLANT 2 DEPARTMENT;Data Analytics Advance ;2023;Coursera;CERT;COMPL;;CC8272;USD;7500000;;HRS;STEM;Data Analytics;;;08:00;17:00;40;5;IDR;04/01/2023;08/01/2023;5;Technical Skill;Workshop;Management Science;STEM Engineering
86126;TRAIN;27/05/2025;14/05/2025;Ayu Ertanto;Training Interface;Senior Analyst;CORPORATE AFFAIRS;TALENT MANAGEMENT DIVISION;CORPORATE AFFAIRS DEPT DEPARTMENT;Strategi Transformasi Digital;2025;MIT Sloan Executive;CERT;SOFT;Online;CC7580;USD;0;X;FIN;NSTEM;DIGITAL STRATEGY;36;CERT-94437;08:00;17:00;24;3;IDR;14/05/2025;27/05/2025;2;Leadership;Workshop;Finance;Non-STEM General Management Le
98052;;23/07/2023;19/07/2023;Prima Setiawan;Training Interface;Section Head;CORPORATE;PROCUREMENT DIVISION;HR DEPT DEPARTMENT;Strategi Transformasi Digital ;2023;MIT Sloan Executive;CERT;COMPL;Surabaya HQ;CC8580;USD;3500000;;MGS;NSTEM;DIGITAL STRATEGY;36;CERT-28702;08:00;17:00;24;3;IDR;19/07/2023;23/07/2023;3;Leadership;Certification;Human Capital;STEM Engineering
EMP085439;CERT;29/06/2024;28/06/2024;Siska Indrawan;Self Reported;Section Head;TRADING;TALENT MANAGEMENT DIVISION;PIPELINE DEPARTMENT;Strategi Transformasi Digital;2024;MIT Sloan Executive;WORKSHOP;SOFT;Surabaya HQ;CC3798;USD;500000;;HRS;NSGML;Digital Strategy;0;CERT-76421;08:00;17:00;24;3;IDR;28/06/2024;29/06/2024;4;Leadership;Seminar;Management Science;STEM Engineering
EMP085198;CERT;29/01/2023;20/01/2023;Nasrul Yulianto;Self Reported;General Manager;TRADING;INTERNAL AUDIT DIVISION;PAYROLL DEPARTMENT;MS Excel Lanjutan;2023;kelas.work;DEVEL;SOFT;Bali Resort;CC2045;USD;7500000;;TEC;STEM;MS Excel;;;08:00;17:00;16;2;IDR;20/01/2023;29/01/2023;3;Technical Skill;Workshop;Finance;STEM Engineering
39919;TRAIN;08/04/2023;02/04/2023;SITI MANURUNG;Self Reported;Specialist;SUPPLY CHAIN;PROCUREMENT DIVISION;SUPPLY CHAIN DEPT DEPARTMENT;PMP Preparation ;2023;PMI Indonesia;CERT;TECH;Online;CC9667;USD;0;X;TEC;STEM;Project Management;36;CERT-58622;08:00;17:00;32;4;IDR;02/04/2023;08/04/2023;3;Soft Skill;Workshop;Management Science;STEM Technical
EMP085326;TRAIN;09/05/2024;03/05/2024;BUDI SALIM;Self Reported;Section Head;PETROCHEMICAL;PRODUCTION DIVISION;RECRUITMENT DEPARTMENT;Cybersecurity Fundamental;2024;Coursera;TRAIN;SOFT;;CC9420;USD;0;;TEC;NSGML;Cybersecurity;12;CERT-70050;08:00;17:00;24;3;IDR;03/05/2024;09/05/2024;4;Technical Skill;Training;Engineering;STEM Engineering
EMP089020;;25/04/2024;22/04/2024;Sri Wijaya;Training Interface;Operator;TRADING;ENGINEERING DIVISION;DRILLING DEPARTMENT;pengambilan keputusan strategis;2024;INSEAD;TRAIN;LEAD;Jakarta Office;CC6567;USD;0;Y;FIN;STEM;STRATEGY;;;08:00;17:00;20;2;IDR;22/04/2024;25/04/2024;4;Leadership;Seminar;Management Science;STEM Technical
83072;TRAIN;17/10/2024;13/10/2024;Kevin Ardhana;Self Reported;Senior Operator;FINANCE & ACCOUNTING;PRODUCTION DIVISION;IT DEPT DEPARTMENT;cybersecurity fundamental;2024;Coursera;DEVEL;SOFT;Surabaya HQ;CC1734;USD;1500000;Y;MGS;STEM;CYBERSECURITY;;;08:00;17:00;24;3;IDR;13/10/2024;17/10/2024;3;Technical Skill;Workshop;Finance;Non-STEM General Management Le
87637;CERT;22/12/2024;15/12/2024;Oka Ertanto;Manual Entry;Coordinator;HSE;PROCUREMENT DIVISION;IT DEPT DEPARTMENT;Komunikasi Efektif;2024;Dale Carnegie ID;DEVEL;LEAD;;CC5099;IDR;7500000;;MGS;STEM;COMMUNICATION;24;CERT-67393;08:00;17:00;8;1;IDR;15/12/2024;22/12/2024;4;Soft Skill;Training;Engineering;STEM Technical
EMP085410;CERT;10/12/2022;30/11/2022;Maya Jaya;Training Interface;Senior Operator;LOGISTICS;ENGINEERING DIVISION;LOGISTICS DEPARTMENT;Teknik Negosiasi;2022;Harvard Online;TRAIN;LEAD;Bali Resort;CC7873;USD;500000;;FIN;NSGML;NEGOTIATION;0;CERT-51901;08:00;17:00;16;2;IDR;30/11/2022;10/12/2022;5;Soft Skill;Workshop;Engineering;Non-STEM General Management Le
EMP085015;;30/12/2024;26/12/2024;Citra Salim;Self Reported;Officer;FINANCIAL SERVICES;TREASURY DIVISION;PIPELINE DEPARTMENT;Komunikasi Efektif;2024;Dale Carnegie ID;TRAIN;LEAD;Surabaya HQ;CC7258;IDR;500000;;FIN;NSTEM;Communication;0;CERT-61127;08:00;17:00;8;1;IDR;26/12/2024;30/12/2024;1;Soft Skill;Certification;Human Capital;STEM Engineering
EMP085113;TRAIN;11/09/2023;08/09/2023;Yanto Cokro;Manual Entry;Officer;TRADING;TREASURY DIVISION;DRILLING DEPARTMENT;PMP Preparation ;2023;PMI Indonesia;WORKSHOP;LEAD;;CC1781;USD;1500000;;MGS;NSGML;Project Management;;;08:00;17:00;32;4;IDR;08/09/2023;11/09/2023;5;Soft Skill;Seminar;Human Capital;Non-STEM General Management Le
82471;TRAIN;10/10/2024;28/09/2024;Ivan Oetomo;Training Interface;Senior Engineer;SUPPLY CHAIN;TALENT MANAGEMENT DIVISION;LEGAL DEPT DEPARTMENT;Risk Factor In Merger Acquisition;2024;Internal Trainer;DEVEL;LEAD;;CC4653;IDR;500000;X;TEC;STEM;M&A;12;CERT-72220;08:00;17:00;8;1;IDR;28/09/2024;10/10/2024;2;Technical Skill;Workshop;Engineering;STEM Technical
EMP085241;;01/11/2023;22/10/2023;Haris Adiputra;Manual Entry;Senior Operator;AGRIBUSINESS;PROCUREMENT DIVISION;DRILLING DEPARTMENT;Data Analytics Advance;2023;Coursera;WORKSHOP;LEAD;Jakarta Office;CC1458;USD;0;;FIN;NSTEM;DATA ANALYTICS;;;08:00;17:00;40;5;IDR;22/10/2023;01/11/2023;5;Technical Skill;Workshop;Finance;STEM Engineering
EMP089043;CERT;10/02/2022;27/01/2022;Andi Atmaja;Self Reported;General Manager;AGRIBUSINESS;TALENT MANAGEMENT DIVISION;QUALITY CONTROL DEPARTMENT;Risk Factor In Merger Acquisition ;2022;Internal Trainer;CERT;SOFT;Bali Resort;CC4887;IDR;0;;TEC;NSTEM;M&A;12;CERT-43227;08:00;17:00;8;1;IDR;27/01/2022;10/02/2022;4;Technical Skill;Seminar;Engineering;Non-STEM General Management Le
EMP085362;CERT;19/01/2024;10/01/2024;Nanda Mulyadi;Training Interface;Engineer;PROPERTY;TALENT MANAGEMENT DIVISION;PAYROLL DEPARTMENT;leadership essential;2024;Internal Trainer;DEVEL;COMPL;Online;CC2849;IDR;3500000;Y;HRS;NSTEM;Leadership;;;08:00;17:00;16;2;IDR;10/01/2024;19/01/2024;4;Leadership;Training;Human Capital;Non-STEM General Management Le
20178;TRAIN;28/06/2025;14/06/2025;Hana Pangestu;Manual Entry;Analyst;LEGAL & COMPLIANCE;TREASURY DIVISION;LEGAL DEPT DEPARTMENT;Risk Factor In Merger Acquisition;2025;Internal Trainer;WORKSHOP;COMPL;Online;CC2637;IDR;0;X;HRS;STEM;M&A;0;CERT-28722;08:00;17:00;8;1;IDR;14/06/2025;28/06/2025;3;Technical Skill;Certification;Management Science;STEM Engineering
EMP085130;CERT;09/06/2022;07/06/2022;Dewi Ertanto;Manual Entry;Engineer;PROPERTY;TALENT MANAGEMENT DIVISION;PIPELINE DEPARTMENT;keselamatan pertambangan;2022;Internal Trainer;WORKSHOP;TECH;Surabaya HQ;CC8182;IDR;3500000;Y;HRS;NSGML;Safety;12;CERT-35368;08:00;17:00;16;2;IDR;07/06/2022;09/06/2022;4;Technical Skill;Workshop;Management Science;Non-STEM General Management Le
77276;CERT;16/03/2024;06/03/2024;BUDI SUSANTO;Self Reported;Engineer;HUMAN RESOURCES;MAINTENANCE DIVISION;PLANT 1 DEPARTMENT;Keselamatan Pertambangan;2024;Internal Trainer;WORKSHOP;TECH;Online;CC2804;IDR;0;X;TEC;NSGML;Safety;;;08:00;17:00;16;2;IDR;06/03/2024;16/03/2024;1;Technical Skill;Training;Management Science;STEM Engineering
EMP085250;TRAIN;23/11/2022;09/11/2022;Wilda Susanto;Manual Entry;General Manager;MINING OPERATIONS;TREASURY DIVISION;PIPELINE DEPARTMENT;Keselamatan Pertambangan;2022;Internal Trainer;TRAIN;SOFT;Surabaya HQ;CC7419;IDR;0;Y;HRS;NSGML;Safety;;;08:00;17:00;16;2;IDR;09/11/2022;23/11/2022;3;Technical Skill;Seminar;Human Capital;STEM Technical
51446;;10/01/2025;02/01/2025;IMAM PERMADI;Training Interface;Operator;SUPPLY CHAIN;ENGINEERING DIVISION;IT DEPT DEPARTMENT;Data Analytics Advance;2025;Coursera;CERT;TECH;Jakarta Office;CC5098;USD;500000;X;TEC;STEM;Data Analytics;;;08:00;17:00;40;5;IDR;02/01/2025;10/01/2025;2;Technical Skill;Training;Management Science;STEM Technical
84082;TRAIN;21/01/2023;09/01/2023;Doni Nugroho;Training Interface;Manager;CORPORATE AFFAIRS;MAINTENANCE DIVISION;HR DEPT DEPARTMENT;Komunikasi Efektif;2023;Dale Carnegie ID;DEVEL;LEAD;Surabaya HQ;CC2331;IDR;0;;HRS;STEM;Communication;12;CERT-51615;08:00;17:00;8;1;IDR;09/01/2023;21/01/2023;2;Soft Skill;Certification;Management Science;STEM Technical
EMP085198;;01/04/2024;26/03/2024;Nasrul Yulianto;Manual Entry;General Manager;TRADING;INTERNAL AUDIT DIVISION;PAYROLL DEPARTMENT;SAP S4HANA Basic;2024;SAP Education ID;CERT;COMPL;Online;CC9782;IDR;7500000;X;TEC;STEM;SAP;24;CERT-31285;08:00;17:00;32;4;IDR;26/03/2024;01/04/2024;4;Technical Skill;Training;Engineering;Non-STEM General Management Le
EMP089029;TRAIN;03/03/2022;20/02/2022;Hendra Wahyudi;Training Interface;Senior Engineer;AGRIBUSINESS;ENGINEERING DIVISION;PAYROLL DEPARTMENT;risk factor in merger acquisition;2022;Internal Trainer;CERT;LEAD;Online;CC9932;IDR;7500000;Y;TEC;NSGML;M&A;12;CERT-88791;08:00;17:00;8;1;IDR;20/02/2022;03/03/2022;1;Technical Skill;Workshop;Finance;Non-STEM General Management Le
EMP085483;TRAIN;04/09/2022;31/08/2022;Aldhi Haryadi;Self Reported;Engineer;MINING OPERATIONS;ENGINEERING DIVISION;RECRUITMENT DEPARTMENT;Pengambilan Keputusan Strategis;2022;INSEAD;TRAIN;TECH;Surabaya HQ;CC5885;USD;500000;X;TEC;NSGML;STRATEGY;0;CERT-57798;08:00;17:00;20;2;IDR;31/08/2022;04/09/2022;2;Leadership;Workshop;Finance;Non-STEM General Management Le
EMP085172;TRAIN;16/09/2023;10/09/2023;Mulia Ilham;Training Interface;Section Head;TRADING;INTERNAL AUDIT DIVISION;LOGISTICS DEPARTMENT;Coaching Performance;2023;Internal Trainer;DEVEL;LEAD;Online;CC6059;IDR;0;;FIN;NSTEM;COACHING;36;CERT-77507;08:00;17:00;16;2;IDR;10/09/2023;16/09/2023;5;Leadership;Workshop;Finance;STEM Engineering
96834;;11/03/2023;10/03/2023;Galih Manurung;Training Interface;Department Head;LEGAL & COMPLIANCE;INTERNAL AUDIT DIVISION;ENGINEERING DEPT DEPARTMENT;Data Analytics Advance;2023;Coursera;DEVEL;SOFT;Bali Resort;CC6964;USD;500000;X;TEC;STEM;Data Analytics;;;08:00;17:00;40;5;IDR;10/03/2023;11/03/2023;4;Technical Skill;Seminar;Human Capital;Non-STEM General Management Le
EMP085267;;09/03/2024;01/03/2024;Bayu Nugroho;Manual Entry;Manager;CORPORATE CENTER;MAINTENANCE OPERATIONS DIVISION;RECRUITMENT DEPARTMENT;Risk Factor In Merger Acquisition;2024;Internal Trainer;WORKSHOP;COMPL;Jakarta Office;CC1183;IDR;0;;MGS;STEM;M&A;36;CERT-25022;08:00;17:00;8;1;IDR;01/03/2024;09/03/2024;1;Technical Skill;Certification;Management Science;STEM Engineering
EMP085292;CERT;24/12/2023;22/12/2023;Veri Fajari;Self Reported;Senior Analyst;FORESTRY & PLANTATION;TREASURY DIVISION;LOGISTICS DEPARTMENT;SAP S4HANA Basic;2023;SAP Education ID;TRAIN;COMPL;;CC3484;IDR;0;;FIN;STEM;SAP;24;CERT-99165;08:00;17:00;32;4;IDR;22/12/2023;24/12/2023;4;Technical Skill;Certification;Human Capital;Non-STEM General Management Le
10475;;01/09/2025;25/08/2025;IMAM KURNIAWAN;Manual Entry;Officer;ENGINEERING;MAINTENANCE DIVISION;HR DEPT DEPARTMENT;Teknik Negosiasi;2025;Harvard Online;CERT;LEAD;Online;CC8055;USD;500000;;FIN;NSTEM;NEGOTIATION;;;08:00;17:00;16;2;IDR;25/08/2025;01/09/2025;1;Soft Skill;Certification;Finance;Non-STEM General Management Le
EMP085261;;08/10/2022;29/09/2022;QOMAR ARDHANA;Self Reported;Senior Engineer;ENERGY GROUP;TREASURY DIVISION;LOGISTICS DEPARTMENT;MS Excel Lanjutan;2022;kelas.work;WORKSHOP;TECH;;CC1836;USD;7500000;Y;MGS;NSGML;MS EXCEL;36;CERT-37227;08:00;17:00;16;2;IDR;29/09/2022;08/10/2022;1;Technical Skill;Seminar;Engineering;Non-STEM General Management Le
10475;;20/12/2023;09/12/2023;IMAM KURNIAWAN;Training Interface;Officer;ENGINEERING;MAINTENANCE DIVISION;HR DEPT DEPARTMENT;Coaching Performance;2023;Internal Trainer;TRAIN;COMPL;Online;CC6489;IDR;500000;;FIN;NSGML;COACHING;;;08:00;17:00;16;2;IDR;09/12/2023;20/12/2023;2;Leadership;Training;Finance;STEM Technical
54100;;11/10/2023;30/09/2023;Teguh Tambunan;Training Interface;Engineer;CORPORATE;TALENT MANAGEMENT DIVISION;ENGINEERING DEPT DEPARTMENT;MS Excel Lanjutan;2023;kelas.work;TRAIN;LEAD;Bali Resort;CC6064;USD;1500000;Y;TEC;NSTEM;MS Excel;;;08:00;17:00;16;2;IDR;30/09/2023;11/10/2023;3;Technical Skill;Workshop;Finance;STEM Engineering
EMP089009;TRAIN;05/05/2025;27/04/2025;Maya Setiawan;Manual Entry;Senior Operator;PROPERTY;MAINTENANCE DIVISION;TAX DEPARTMENT;Strategi Transformasi Digital;2025;MIT Sloan Executive;DEVEL;SOFT;Surabaya HQ;CC7697;USD;7500000;Y;FIN;NSGML;Digital Strategy;0;CERT-99088;08:00;17:00;24;3;IDR;27/04/2025;05/05/2025;1;Leadership;Seminar;Human Capital;Non-STEM General Management Le
10475;CERT;16/05/2024;02/05/2024;IMAM KURNIAWAN;Manual Entry;Officer;ENGINEERING;MAINTENANCE DIVISION;HR DEPT DEPARTMENT;cybersecurity fundamental;2024;Coursera;CERT;SOFT;Online;CC1480;USD;0;;TEC;STEM;CYBERSECURITY;36;CERT-66908;08:00;17:00;24;3;IDR;02/05/2024;16/05/2024;1;Technical Skill;Certification;Engineering;Non-STEM General Management Le
EMP085239;TRAIN;12/10/2024;28/09/2024;Miko Wardhana;Training Interface;Specialist;TRADING;TALENT MANAGEMENT DIVISION;PAYROLL DEPARTMENT;Coaching Performance;2024;Internal Trainer;DEVEL;TECH;Jakarta Office;CC5081;IDR;1500000;Y;HRS;NSTEM;COACHING;0;CERT-27980;08:00;17:00;16;2;IDR;28/09/2024;12/10/2024;1;Leadership;Seminar;Engineering;STEM Engineering
97072;TRAIN;04/10/2023;21/09/2023;Wahyu Junaedi;Self Reported;Manager;SUPPLY CHAIN;TALENT MANAGEMENT DIVISION;SUPPLY CHAIN DEPT DEPARTMENT;Cybersecurity Fundamental;2023;Coursera;CERT;SOFT;Bali Resort;CC5916;USD;1500000;X;TEC;NSTEM;CYBERSECURITY;;;08:00;17:00;24;3;IDR;21/09/2023;04/10/2023;3;Technical Skill;Seminar;Human Capital;Non-STEM General Management Le
74766;CERT;02/11/2023;29/10/2023;Vina Salim;Manual Entry;General Manager;;PRODUCTION DIVISION;IT DEPT DEPARTMENT;Leadership Essential;2023;Internal Trainer;TRAIN;LEAD;Surabaya HQ;CC3098;IDR;;Y;TEC;NSTEM;LEADERSHIP;;;08:00;17:00;16;2;IDR;29/10/2023;02/11/2023;2;Leadership;Training;Finance;STEM Technical
EMP085004;;30/10/2023;21/10/2023;Arman Rohman;Manual Entry;General Manager;PETROCHEMICAL;PROCUREMENT DIVISION;CORPORATE TAX DEPARTMENT;ESG Reporting;2023;GRI;TRAIN;TECH;Online;CC2461;USD;1500000;Y;HRS;NSTEM;ESG;0;CERT-60961;08:00;17:00;12;1;IDR;21/10/2023;30/10/2023;5;Technical Skill;Training;Management Science;STEM Technical
EMP085162;;15/06/2024;02/06/2024;Hadi Zulkarnain;Manual Entry;Specialist;LOGISTICS;MAINTENANCE DIVISION;QUALITY CONTROL DEPARTMENT;Pengambilan Keputusan Strategis;2024;INSEAD;WORKSHOP;COMPL;Bali Resort;CC7972;USD;7500000;;HRS;NSGML;STRATEGY;0;CERT-77478;08:00;17:00;20;2;IDR;02/06/2024;15/06/2024;4;Leadership;Workshop;Engineering;STEM Engineering
EMP085442;TRAIN;05/01/2026;24/12/2025;T. Mulyadi;Manual Entry;Senior Engineer;AGRIBUSINESS;PROCUREMENT DIVISION;PIPELINE DEPARTMENT;Komunikasi Efektif;2025;Dale Carnegie ID;TRAIN;SOFT;;CC4124;IDR;500000;Y;HRS;NSTEM;Communication;36;CERT-82208;08:00;17:00;8;1;IDR;24/12/2025;05/01/2026;5;Soft Skill;Seminar;Management Science;STEM Technical
11248;TRAIN;20/05/2024;14/05/2024;LENI HALIM;Self Reported;Supervisor;HSE;ENGINEERING DIVISION;IT DEPT DEPARTMENT;PMP Preparation ;2024;PMI Indonesia;CERT;TECH;Jakarta Office;CC2208;USD;1500000;;FIN;STEM;Project Management;36;CERT-82999;08:00;17:00;32;4;IDR;14/05/2024;20/05/2024;4;Soft Skill;Certification;Human Capital;STEM Engineering
76102;;14/01/2022;06/01/2022;Rizki Cahyadi;Self Reported;Specialist;INFORMATION TECHNOLOGY;ENGINEERING DIVISION;ENGINEERING DEPT DEPARTMENT;SAP S4HANA Basic;2022;SAP Education ID;DEVEL;TECH;Surabaya HQ;CC3413;IDR;0;X;FIN;NSTEM;SAP;36;CERT-73278;08:00;17:00;32;4;IDR;06/01/2022;14/01/2022;5;Technical Skill;Training;Finance;Non-STEM General Management Le
EMP085024;TRAIN;07/05/2023;26/04/2023;Hana Cokro;Self Reported;Senior Engineer;AGRIBUSINESS;TALENT MANAGEMENT DIVISION;CORPORATE PLANT 2 DEPARTMENT;Teknik Negosiasi;2023;Harvard Online;CERT;SOFT;;CC3525;USD;0;X;FIN;STEM;NEGOTIATION;24;CERT-86807;08:00;17:00;16;2;IDR;26/04/2023;07/05/2023;1;Soft Skill;Workshop;Finance;STEM Engineering
EMP085430;CERT;18/01/2023;11/01/2023;Yanto Rizaldi;Manual Entry;Supervisor;LOGISTICS;PRODUCTION DIVISION;RECRUITMENT DEPARTMENT;Cybersecurity Fundamental;2023;Coursera;DEVEL;SOFT;;CC5321;USD;3500000;Y;MGS;NSGML;CYBERSECURITY;0;CERT-73620;08:00;17:00;24;3;IDR;11/01/2023;18/01/2023;5;Technical Skill;Seminar;Engineering;STEM Technical
EMP085260;;25/06/2022;19/06/2022;Xena Manurung;Training Interface;Senior Analyst;PETROCHEMICAL;INTERNAL AUDIT DIVISION;DRILLING DEPARTMENT;Leadership Essential;2022;Internal Trainer;WORKSHOP;TECH;Jakarta Office;CC9256;IDR;3500000;X;HRS;STEM;LEADERSHIP;12;CERT-22606;08:00;17:00;16;2;IDR;19/06/2022;25/06/2022;3;Leadership;Seminar;Finance;STEM Engineering
34528;TRAIN;29/06/2023;24/06/2023;Wahyu Hermawan;Manual Entry;General Manager;FINANCE & ACCOUNTING;MAINTENANCE DIVISION;FINANCE DEPT DEPARTMENT;Finance for Non Finance;2023;Coursera;CERT;TECH;Surabaya HQ;CC3157;USD;3500000;;TEC;STEM;FINANCE;36;CERT-56189;08:00;17:00;12;1;IDR;24/06/2023;29/06/2023;5;Technical Skill;Workshop;Finance;STEM Engineering
12226;CERT;01/10/2025;23/09/2025;Zahra Indrawan;Training Interface;Coordinator;LEGAL & COMPLIANCE;PROCUREMENT DIVISION;ENGINEERING DEPT DEPARTMENT;Keselamatan Pertambangan;2025;Internal Trainer;TRAIN;LEAD;Bali Resort;CC5123;IDR;0;;FIN;STEM;Safety;;;08:00;17:00;16;2;IDR;23/09/2025;01/10/2025;3;Technical Skill;Certification;Management Science;Non-STEM General Management Le
EMP085353;;29/04/2024;24/04/2024;Wendi Handoko;Manual Entry;Section Head;PROPERTY;TALENT MANAGEMENT DIVISION;QUALITY CONTROL DEPARTMENT;Strategi Transformasi Digital;2024;MIT Sloan Executive;DEVEL;COMPL;Online;CC2860;USD;1500000;X;HRS;NSGML;DIGITAL STRATEGY;;;08:00;17:00;24;3;IDR;24/04/2024;29/04/2024;3;Leadership;Seminar;Human Capital;STEM Engineering
14404;CERT;06/09/2022;03/09/2022;Guntur Bachtiar;Manual Entry;Operator;INFORMATION TECHNOLOGY;PRODUCTION DIVISION;ACCOUNTING DEPT DEPARTMENT;Finance for Non Finance;2022;Coursera;WORKSHOP;SOFT;Bali Resort;CC9863;USD;0;X;FIN;NSGML;FINANCE;;;08:00;17:00;12;1;IDR;03/09/2022;06/09/2022;2;Technical Skill;Seminar;Finance;STEM Technical
44492;TRAIN;20/05/2023;18/05/2023;Dian Halim;Manual Entry;Engineer;HUMAN RESOURCES;PROCUREMENT DIVISION;TAX DEPARTMENT;Strategi Transformasi Digital;2023;MIT Sloan Executive;CERT;COMPL;Jakarta Office;CC1787;USD;0;Y;HRS;NSTEM;Digital Strategy;24;CERT-15258;08:00;17:00;24;3;IDR;18/05/2023;20/05/2023;5;Leadership;Certification;Human Capital;STEM Technical
69460;CERT;08/09/2024;07/09/2024;Mega Laksono;Manual Entry;Specialist;MINING OPERATIONS;PRODUCTION DIVISION;RECRUITMENT DEPARTMENT;SAP S4HANA Basic;2024;SAP Education ID;DEVEL;COMPL;Bali Resort;CC2515;IDR;0;Y;MGS;NSTEM;SAP;12;CERT-82215;08:00;17:00;32;4;IDR;07/09/2024;08/09/2024;3;Technical Skill;Workshop;Management Science;Non-STEM General Management Le
EMP085371;;07/01/2025;06/01/2025;Zahra Kuncoro;Self Reported;Supervisor;TRADING;INTERNAL AUDIT DIVISION;PLANT 1 DEPARTMENT;ESG Reporting;2025;GRI;CERT;COMPL;;CC5782;USD;1500000;Y;TEC;STEM;ESG;;;08:00;17:00;12;1;IDR;06/01/2025;07/01/2025;3;Technical Skill;Training;Engineering;STEM Technical
31595;;18/03/2023;14/03/2023;Hendra Usman;Manual Entry;Senior Operator;HUMAN RESOURCES;TALENT MANAGEMENT DIVISION;OPERATIONS DEPT DEPARTMENT;sap s4hana basic;2023;SAP Education ID;TRAIN;TECH;Online;CC6313;IDR;0;;HRS;NSGML;SAP;;;08:00;17:00;32;4;IDR;14/03/2023;18/03/2023;4;Technical Skill;Seminar;Finance;Non-STEM General Management Le
EMP089042;CERT;13/07/2025;10/07/2025;Bayu Wahyudi;Manual Entry;Specialist;LOGISTICS;PRODUCTION DIVISION;DRILLING DEPARTMENT;data analytics advance;2025;Coursera;TRAIN;SOFT;Surabaya HQ;CC6356;USD;0;X;FIN;NSTEM;Data Analytics;0;CERT-16927;08:00;17:00;40;5;IDR;10/07/2025;13/07/2025;5;Technical Skill;Seminar;Human Capital;Non-STEM General Management Le
EMP089022;;08/06/2025;06/06/2025;Fahmi Susanto;Training Interface;Section Head;TRADING;PRODUCTION DIVISION;PIPELINE DEPARTMENT;SAP S4HANA Basic ;2025;SAP Education ID;CERT;COMPL;Jakarta Office;CC1290;IDR;1500000;Y;FIN;STEM;SAP;24;CERT-79420;08:00;17:00;32;4;IDR;06/06/2025;08/06/2025;2;Technical Skill;Certification;Human Capital;STEM Technical
EMP089025;CERT;09/07/2024;25/06/2024;Nur Gunawan;Manual Entry;Analyst;FINANCIAL SERVICES;TALENT MANAGEMENT DIVISION;PLANT 2 DEPARTMENT;MS Excel Lanjutan;2024;kelas.work;CERT;TECH;Bali Resort;CC8612;USD;0;X;HRS;NSGML;MS Excel;36;CERT-75824;08:00;17:00;16;2;IDR;25/06/2024;09/07/2024;5;Technical Skill;Certification;Management Science;STEM Engineering
EMP087013;TRAIN;24/03/2022;11/03/2022;Sri Rahayu;Manual Entry;Engineer;CORPORATE CENTER;INTERNAL AUDIT DIVISION;HEAVY EQUIPMENT DEPARTMENT;Cybersecurity Fundamental;2022;Coursera;CERT;COMPL;Surabaya HQ;CC1935;USD;3500000;;TEC;STEM;Cybersecurity;12;CERT-73509;08:00;17:00;24;3;IDR;11/03/2022;24/03/2022;4;Technical Skill;Workshop;Management Science;STEM Technical
EMP085496;;18/05/2024;08/05/2024;Dewi Santoso;Self Reported;Manager;FINANCIAL SERVICES;MAINTENANCE DIVISION;LOGISTICS DEPARTMENT;Komunikasi Efektif;2024;Dale Carnegie ID;CERT;COMPL;Online;CC1272;IDR;7500000;;HRS;NSTEM;COMMUNICATION;;;08:00;17:00;8;1;IDR;08/05/2024;18/05/2024;3;Soft Skill;Seminar;Human Capital;Non-STEM General Management Le
EMP085453;CERT;04/07/2022;02/07/2022;Bambang Fajari;Training Interface;Coordinator;ENERGY GROUP;TALENT MANAGEMENT DIVISION;QUALITY CONTROL DEPARTMENT;MS Excel Lanjutan ;2022;kelas.work;CERT;SOFT;Surabaya HQ;CC6047;USD;0;X;HRS;STEM;MS EXCEL;;;08:00;17:00;16;2;IDR;02/07/2022;04/07/2022;1;Technical Skill;Seminar;Human Capital;STEM Engineering
18466;CERT;13/03/2022;27/02/2022;Fitri Ramadhan;Self Reported;General Manager;HSE;MAINTENANCE DIVISION;HR DEPT DEPARTMENT;Data Analytics Advance;2022;Coursera;WORKSHOP;COMPL;;CC3791;USD;0;Y;HRS;NSTEM;Data Analytics;24;CERT-49709;08:00;17:00;40;5;IDR;27/02/2022;13/03/2022;5;Technical Skill;Certification;Human Capital;STEM Technical
35243;;16/06/2023;03/06/2023;Wendi Pratama;Self Reported;Officer;HSE;PRODUCTION DIVISION;IT DEPT DEPARTMENT;Coaching Performance;2023;Internal Trainer;DEVEL;COMPL;Jakarta Office;CC2190;IDR;0;Y;TEC;NSGML;COACHING;36;CERT-67594;08:00;17:00;16;2;IDR;03/06/2023;16/06/2023;1;Leadership;Workshop;Human Capital;Non-STEM General Management Le
EMP085093;TRAIN;04/05/2025;27/04/2025;K. Junaedi;Training Interface;Senior Engineer;LOGISTICS;TREASURY DIVISION;PIPELINE DEPARTMENT;ESG Reporting;2025;GRI;WORKSHOP;LEAD;;CC2219;USD;500000;Y;MGS;NSTEM;ESG;;;08:00;17:00;12;1;IDR;27/04/2025;04/05/2025;3;Technical Skill;Certification;Finance;Non-STEM General Management Le
EMP085218;CERT;19/04/2025;07/04/2025;Cika Junaedi;Training Interface;Specialist;LOGISTICS;PRODUCTION DIVISION;LOGISTICS DEPARTMENT;pmp preparation;2025;PMI Indonesia;CERT;TECH;;CC7342;USD;0;Y;HRS;NSGML;Project Management;;;08:00;17:00;32;4;IDR;07/04/2025;19/04/2025;2;Soft Skill;Training;Human Capital;STEM Technical
31203;CERT;10/02/2025;03/02/2025;Siska Triyanto;Self Reported;Department Head;CORPORATE AFFAIRS;ENGINEERING DIVISION;IT DEPT DEPARTMENT;Strategi Transformasi Digital ;2025;MIT Sloan Executive;WORKSHOP;COMPL;Jakarta Office;CC7138;USD;0;X;FIN;STEM;Digital Strategy;24;CERT-71548;08:00;17:00;24;3;IDR;03/02/2025;10/02/2025;3;Leadership;Seminar;Engineering;Non-STEM General Management Le
EMP089024;;14/11/2025;04/11/2025;Yuni Wibowo;Training Interface;Department Head;LOGISTICS;ENGINEERING DIVISION;LOGISTICS DEPARTMENT;komunikasi efektif;2025;Dale Carnegie ID;DEVEL;SOFT;Jakarta Office;CC3976;IDR;0;X;FIN;NSTEM;COMMUNICATION;;;08:00;17:00;8;1;IDR;04/11/2025;14/11/2025;2;Soft Skill;Certification;Management Science;Non-STEM General Management Le
54699;TRAIN;09/03/2023;26/02/2023;Qomar Wahab;Manual Entry;Senior Analyst;CORPORATE;TREASURY DIVISION;FINANCE DEPT DEPARTMENT;MS Excel Lanjutan;2023;kelas.work;TRAIN;TECH;Surabaya HQ;CC9485;USD;3500000;Y;FIN;NSGML;MS EXCEL;36;CERT-59533;08:00;17:00;16;2;IDR;26/02/2023;09/03/2023;1;Technical Skill;Seminar;Human Capital;STEM Technical
EMP085255;CERT;24/11/2024;21/11/2024;Tara Tambunan;Manual Entry;Senior Analyst;MINING OPERATIONS;INTERNAL AUDIT DIVISION;PIPELINE DEPARTMENT;ESG Reporting ;2024;GRI;CERT;COMPL;Jakarta Office;CC6027;USD;0;X;MGS;NSTEM;ESG;;;08:00;17:00;12;1;IDR;21/11/2024;24/11/2024;4;Technical Skill;Training;Finance;STEM Engineering
15955;TRAIN;08/03/2023;23/02/2023;Krisna Oetomo;Self Reported;Analyst;INFORMATION TECHNOLOGY;ENGINEERING DIVISION;FINANCE DEPT DEPARTMENT;Coaching Performance;2023;Internal Trainer;DEVEL;COMPL;Bali Resort;CC4436;IDR;500000;Y;MGS;NSGML;COACHING;36;CERT-61363;08:00;17:00;16;2;IDR;23/02/2023;08/03/2023;1;Leadership;Certification;Human Capital;Non-STEM General Management Le
EMP085447;CERT;07/04/2023;04/04/2023;FERI BUDIMAN;Self Reported;Coordinator;LOGISTICS;INTERNAL AUDIT DIVISION;HEAVY EQUIPMENT DEPARTMENT;Data Analytics Advance;2023;Coursera;DEVEL;LEAD;Jakarta Office;CC8073;USD;0;Y;HRS;NSGML;DATA ANALYTICS;12;CERT-32852;08:00;17:00;40;5;IDR;04/04/2023;07/04/2023;4;Technical Skill;Workshop;Finance;Non-STEM General Management Le
EMP085287;;15/01/2023;01/01/2023;Putri Cahyadi;Self Reported;Manager;PETROCHEMICAL;MAINTENANCE DIVISION;DRILLING DEPARTMENT;Komunikasi Efektif;2023;Dale Carnegie ID;CERT;COMPL;;CC7858;IDR;0;X;TEC;STEM;Communication;12;CERT-15504;08:00;17:00;8;1;IDR;01/01/2023;15/01/2023;1;Soft Skill;Seminar;Management Science;STEM Engineering
93919;CERT;10/05/2025;04/05/2025;Zahra Nainggolan;Manual Entry;General Manager;ENGINEERING;PRODUCTION DIVISION;LEGAL DEPT DEPARTMENT;cybersecurity fundamental;2025;Coursera;TRAIN;LEAD;Bali Resort;CC5885;USD;3500000;;MGS;STEM;CYBERSECURITY;12;CERT-81319;08:00;17:00;24;3;IDR;04/05/2025;10/05/2025;5;Technical Skill;Seminar;Management Science;STEM Technical
90635;CERT;20/04/2022;17/04/2022;M. Susanto;Self Reported;Manager;FINANCE & ACCOUNTING;INTERNAL AUDIT DIVISION;QUALITY CONTROL DEPARTMENT;Komunikasi Efektif;2022;Dale Carnegie ID;TRAIN;SOFT;;CC7442;IDR;3500000;Y;TEC;NSTEM;COMMUNICATION;24;CERT-67630;08:00;17:00;8;1;IDR;17/04/2022;20/04/2022;5;Soft Skill;Certification;Management Science;STEM Engineering
EMP085045;TRAIN;12/01/2023;04/01/2023;Employee EMP085045;Training Interface;Analyst;MINING OPERATIONS;INTERNAL AUDIT DIVISION;RECRUITMENT DEPARTMENT;Data Analytics Advance;2023;Coursera;CERT;SOFT;Surabaya HQ;CC3411;USD;0;X;MGS;NSGML;Data Analytics;;;08:00;17:00;40;5;IDR;04/01/2023;12/01/2023;2;Technical Skill;Certification;Management Science;STEM Engineering
70890;CERT;23/06/2024;10/06/2024;Bayu Cokro;Self Reported;General Manager;MINING OPERATIONS;PRODUCTION DIVISION;OPERATIONS DEPT DEPARTMENT;Data Analytics Advance;2024;Coursera;WORKSHOP;COMPL;Online;CC1600;USD;0;Y;MGS;STEM;DATA ANALYTICS;;;08:00;17:00;40;5;IDR;10/06/2024;23/06/2024;4;Technical Skill;Workshop;Management Science;STEM Engineering
68347;CERT;27/08/2025;24/08/2025;Nina Kartono;Training Interface;Engineer;CORPORATE AFFAIRS;TALENT MANAGEMENT DIVISION;ACCOUNTING DEPT DEPARTMENT;Risk Factor In Merger Acquisition;2025;Internal Trainer;CERT;LEAD;Surabaya HQ;CC7701;IDR;0;;HRS;STEM;M&A;;;08:00;17:00;8;1;IDR;24/08/2025;27/08/2025;5;Technical Skill;Certification;Finance;Non-STEM General Management Le
EMP089016;;07/04/2022;04/04/2022;Maya Purnama;Manual Entry;Senior Analyst;ENERGY GROUP;TREASURY DIVISION;PIPELINE DEPARTMENT;Coaching Performance ;2022;Internal Trainer;WORKSHOP;SOFT;;CC1241;IDR;1500000;X;FIN;NSGML;Coaching;12;CERT-58588;08:00;17:00;16;2;IDR;04/04/2022;07/04/2022;2;Leadership;Certification;Human Capital;Non-STEM General Management Le
EMP085354;TRAIN;04/11/2025;26/10/2025;Nur Manurung;Manual Entry;Supervisor;LOGISTICS;MAINTENANCE DIVISION;QUALITY CONTROL DEPARTMENT;Data Analytics Advance;2025;Coursera;WORKSHOP;COMPL;Online;CC8337;USD;500000;;FIN;NSGML;DATA ANALYTICS;;;08:00;17:00;40;5;IDR;26/10/2025;04/11/2025;5;Technical Skill;Training;Finance;Non-STEM General Management Le
EMP085397;CERT;30/04/2023;17/04/2023;Qomar Usman;Self Reported;Manager;PROPERTY;PROCUREMENT DIVISION;LOGISTICS DEPARTMENT;teknik negosiasi;2023;Harvard Online;WORKSHOP;SOFT;;CC3453;USD;1500000;Y;HRS;NSTEM;NEGOTIATION;;;08:00;17:00;16;2;IDR;17/04/2023;30/04/2023;3;Soft Skill;Workshop;Human Capital;Non-STEM General Management Le
EMP085267;CERT;27/10/2023;16/10/2023;Bayu Nugroho;Self Reported;Manager;CORPORATE CENTER;MAINTENANCE OPERATIONS DIVISION;RECRUITMENT DEPARTMENT;Coaching Performance;2023;Internal Trainer;WORKSHOP;SOFT;Online;CC6158;IDR;0;Y;TEC;NSTEM;COACHING;0;CERT-21147;08:00;17:00;16;2;IDR;16/10/2023;27/10/2023;1;Leadership;Training;Engineering;STEM Engineering
EMP085308;TRAIN;07/03/2023;26/02/2023;Eko Halim;Training Interface;Coordinator;PROPERTY;TREASURY DIVISION;PLANT 1 DEPARTMENT;Keselamatan Pertambangan;2023;Internal Trainer;WORKSHOP;COMPL;Surabaya HQ;CC7172;IDR;3500000;X;MGS;NSTEM;Safety;;;08:00;17:00;16;2;IDR;26/02/2023;07/03/2023;2;Technical Skill;Certification;Finance;STEM Engineering
EMP085109;TRAIN;24/02/2024;13/02/2024;Nur Siregar;Training Interface;Senior Analyst;CORPORATE CENTER;TREASURY DIVISION;LOGISTICS DEPARTMENT;Risk Factor In Merger Acquisition;2024;Internal Trainer;WORKSHOP;TECH;Jakarta Office;CC9875;IDR;0;;HRS;NSGML;M&A;36;CERT-45389;08:00;17:00;8;1;IDR;13/02/2024;24/02/2024;2;Technical Skill;Certification;Finance;STEM Technical
90635;CERT;18/12/2022;07/12/2022;M. Susanto;Manual Entry;Manager;FINANCE & ACCOUNTING;INTERNAL AUDIT DIVISION;QUALITY CONTROL DEPARTMENT;ESG Reporting;2022;GRI;WORKSHOP;COMPL;Bali Resort;CC2970;USD;0;;TEC;NSTEM;ESG;;;08:00;17:00;12;1;IDR;07/12/2022;18/12/2022;1;Technical Skill;Certification;Human Capital;STEM Engineering
44492;;07/07/2024;24/06/2024;Dian Halim;Manual Entry;Engineer;HUMAN RESOURCES;PROCUREMENT DIVISION;TAX DEPARTMENT;sap s4hana basic;2024;SAP Education ID;DEVEL;TECH;Surabaya HQ;CC8719;IDR;0;Y;FIN;NSGML;SAP;;;08:00;17:00;32;4;IDR;24/06/2024;07/07/2024;1;Technical Skill;Training;Human Capital;STEM Engineering
EMP089041;CERT;23/12/2025;16/12/2025;Agus Sari;Manual Entry;Department Head;PETROCHEMICAL;ENGINEERING DIVISION;RECRUITMENT DEPARTMENT;pmp preparation;2025;PMI Indonesia;WORKSHOP;COMPL;Jakarta Office;CC8425;USD;1500000;X;HRS;STEM;PROJECT MANAGEMENT;36;CERT-53583;08:00;17:00;32;4;IDR;16/12/2025;23/12/2025;4;Soft Skill;Seminar;Management Science;STEM Technical
48683;CERT;18/06/2023;13/06/2023;Ayu Halim;Manual Entry;Analyst;SUPPLY CHAIN;TREASURY DIVISION;ACCOUNTING DEPT DEPARTMENT;Pengambilan Keputusan Strategis;2023;INSEAD;WORKSHOP;COMPL;Online;CC7166;USD;1500000;Y;TEC;NSGML;STRATEGY;36;CERT-50070;08:00;17:00;20;2;IDR;13/06/2023;18/06/2023;3;Leadership;Workshop;Management Science;Non-STEM General Management Le
EMP085323;CERT;20/03/2022;17/03/2022;Intan Tambunan;Self Reported;Engineer;PROPERTY;TREASURY DIVISION;PLANT 1 DEPARTMENT;SAP S4HANA Basic;2022;SAP Education ID;TRAIN;TECH;Jakarta Office;CC7831;IDR;7500000;X;HRS;NSTEM;SAP;;;08:00;17:00;32;4;IDR;17/03/2022;20/03/2022;5;Technical Skill;Workshop;Human Capital;STEM Engineering
44163;TRAIN;21/04/2023;19/04/2023;LUKMAN ISKANDAR;Training Interface;Coordinator;FINANCE & ACCOUNTING;PROCUREMENT DIVISION;QUALITY CONTROL DEPARTMENT;Leadership Essential;2023;Internal Trainer;WORKSHOP;COMPL;Jakarta Office;CC8542;IDR;0;Y;TEC;NSTEM;Leadership;;;08:00;17:00;16;2;IDR;19/04/2023;21/04/2023;3;Leadership;Workshop;Engineering;STEM Engineering
EMP085339;TRAIN;20/05/2025;15/05/2025;Yola Usman;Manual Entry;General Manager;FORESTRY & PLANTATION;ENGINEERING DIVISION;QUALITY CONTROL DEPARTMENT;Coaching Performance;2025;Internal Trainer;CERT;TECH;Surabaya HQ;CC4838;IDR;7500000;Y;TEC;NSTEM;COACHING;0;CERT-52769;08:00;17:00;16;2;IDR;15/05/2025;20/05/2025;4;Leadership;Certification;Finance;STEM Engineering
EMP085075;TRAIN;12/12/2024;11/12/2024;Yogi Hermawan;Manual Entry;Manager;PETROCHEMICAL;MAINTENANCE DIVISION;PLANT 2 DEPARTMENT;Teknik Negosiasi;2024;Harvard Online;WORKSHOP;SOFT;;CC2542;USD;7500000;;MGS;STEM;NEGOTIATION;;;08:00;17:00;16;2;IDR;11/12/2024;12/12/2024;3;Soft Skill;Seminar;Human Capital;STEM Engineering
EMP087048;;07/10/2025;28/09/2025;Employee EMP087048;Self Reported;Department Head;LOGISTICS;INTERNAL AUDIT DIVISION;TAX DEPARTMENT;pengambilan keputusan strategis;2025;INSEAD;WORKSHOP;COMPL;Online;CC5253;USD;0;;MGS;STEM;STRATEGY;36;CERT-37236;08:00;17:00;20;2;IDR;28/09/2025;07/10/2025;4;Leadership;Seminar;Finance;STEM Technical
39727;CERT;06/12/2023;01/12/2023;RINA ATMAJA;Manual Entry;Operator;FINANCE & ACCOUNTING;PRODUCTION DIVISION;HEAVY EQUIPMENT DEPARTMENT;Cybersecurity Fundamental ;2023;Coursera;DEVEL;SOFT;;CC7909;USD;3500000;X;HRS;STEM;CYBERSECURITY;36;CERT-21171;08:00;17:00;24;3;IDR;01/12/2023;06/12/2023;4;Technical Skill;Certification;Management Science;STEM Technical
EMP085300;;24/06/2024;22/06/2024;Lukman Basuki;Manual Entry;General Manager;FINANCIAL SERVICES;PROCUREMENT DIVISION;PLANT 2 DEPARTMENT;leadership essential;2024;Internal Trainer;TRAIN;SOFT;;CC5603;IDR;7500000;;FIN;NSGML;Leadership;;;08:00;17:00;16;2;IDR;22/06/2024;24/06/2024;4;Leadership;Training;Human Capital;STEM Engineering
88365;CERT;12/02/2022;04/02/2022;Zahra Kartono;Manual Entry;Engineer;FINANCE & ACCOUNTING;TREASURY DIVISION;HSE DEPT DEPARTMENT;PMP Preparation;2022;PMI Indonesia;CERT;LEAD;;CC7816;USD;0;Y;FIN;NSTEM;Project Management;0;CERT-47358;08:00;17:00;32;4;IDR;04/02/2022;12/02/2022;4;Soft Skill;Seminar;Engineering;Non-STEM General Management Le
94854;CERT;17/10/2025;13/10/2025;Fina Susanto;Manual Entry;Engineer;INFORMATION TECHNOLOGY;TALENT MANAGEMENT DIVISION;IT DEPT DEPARTMENT;Coaching Performance;2025;Internal Trainer;TRAIN;COMPL;Bali Resort;CC7606;IDR;3500000;X;HRS;NSGML;COACHING;36;CERT-71250;08:00;17:00;16;2;IDR;13/10/2025;17/10/2025;3;Leadership;Certification;Finance;STEM Technical
EMP089040;;21/12/2024;09/12/2024;Bambang Pratama;Self Reported;Senior Operator;FORESTRY & PLANTATION;INTERNAL AUDIT DIVISION;QUALITY CONTROL DEPARTMENT;Pengambilan Keputusan Strategis;2024;INSEAD;DEVEL;COMPL;Online;CC5380;USD;1500000;Y;TEC;NSTEM;Strategy;12;CERT-83638;08:00;17:00;20;2;IDR;09/12/2024;21/12/2024;3;Leadership;Training;Human Capital;STEM Engineering
EMP085028;CERT;28/11/2025;27/11/2025;RAHMAD SIREGAR;Self Reported;Senior Operator;ENERGY GROUP;MAINTENANCE DIVISION;RECRUITMENT DEPARTMENT;Leadership Essential;2025;Internal Trainer;DEVEL;COMPL;Surabaya HQ;CC8836;IDR;0;X;FIN;STEM;LEADERSHIP;36;CERT-96422;08:00;17:00;16;2;IDR;27/11/2025;28/11/2025;2;Leadership;Workshop;Management Science;STEM Technical
EMP089041;CERT;17/10/2025;11/10/2025;Agus Sari;Training Interface;Department Head;PETROCHEMICAL;ENGINEERING DIVISION;RECRUITMENT DEPARTMENT;Pengambilan Keputusan Strategis;2025;INSEAD;TRAIN;COMPL;;CC7713;USD;0;Y;FIN;NSTEM;STRATEGY;36;CERT-57320;08:00;17:00;20;2;IDR;11/10/2025;17/10/2025;3;Leadership;Seminar;Finance;Non-STEM General Management Le
EMP085382;TRAIN;21/07/2022;11/07/2022;Andi Santoso;Training Interface;Coordinator;LOGISTICS;INTERNAL AUDIT DIVISION;PAYROLL DEPARTMENT;Leadership Essential;2022;Internal Trainer;CERT;LEAD;Surabaya HQ;CC2797;IDR;0;Y;FIN;NSTEM;Leadership;;;08:00;17:00;16;2;IDR;11/07/2022;21/07/2022;1;Leadership;Training;Engineering;STEM Engineering
EMP085359;;11/08/2023;03/08/2023;Fitri Hidayat;Manual Entry;Operator;MINING OPERATIONS;INTERNAL AUDIT DIVISION;LOGISTICS DEPARTMENT;Coaching Performance;2023;Internal Trainer;DEVEL;LEAD;Bali Resort;CC8175;IDR;3500000;;TEC;NSGML;COACHING;;;08:00;17:00;16;2;IDR;03/08/2023;11/08/2023;1;Leadership;Seminar;Human Capital;STEM Engineering
31173;TRAIN;23/03/2024;15/03/2024;Teguh Kartono;Training Interface;Senior Engineer;LEGAL & COMPLIANCE;INTERNAL AUDIT DIVISION;ENGINEERING DEPT DEPARTMENT;Risk Factor In Merger Acquisition;2024;Internal Trainer;TRAIN;LEAD;;CC2645;IDR;7500000;X;HRS;STEM;M&A;12;CERT-67749;08:00;17:00;8;1;IDR;15/03/2024;23/03/2024;2;Technical Skill;Workshop;Human Capital;Non-STEM General Management Le
59754;TRAIN;13/08/2023;11/08/2023;Gina Lesmana;Self Reported;Department Head;HUMAN RESOURCES;TALENT MANAGEMENT DIVISION;ACCOUNTING DEPT DEPARTMENT;Leadership Essential;2023;Internal Trainer;TRAIN;SOFT;Online;CC4791;IDR;3500000;X;FIN;STEM;LEADERSHIP;;;08:00;17:00;16;2;IDR;11/08/2023;13/08/2023;5;Leadership;Certification;Engineering;STEM Technical
EMP085059;CERT;13/06/2024;03/06/2024;HADI TANJUNG;Self Reported;Specialist;AGRIBUSINESS;TREASURY DIVISION;LOGISTICS DEPARTMENT;ms excel lanjutan;2024;kelas.work;DEVEL;COMPL;Surabaya HQ;CC7539;USD;0;X;FIN;STEM;MS Excel;;;08:00;17:00;16;2;IDR;03/06/2024;13/06/2024;2;Technical Skill;Seminar;Finance;STEM Engineering
16061;CERT;19/05/2023;17/05/2023;VICTOR DIANTO;Self Reported;Specialist;INFORMATION TECHNOLOGY;INTERNAL AUDIT DIVISION;FINANCE DEPT DEPARTMENT;PMP Preparation ;2023;PMI Indonesia;WORKSHOP;LEAD;Jakarta Office;CC4871;USD;0;X;TEC;NSTEM;PROJECT MANAGEMENT;;;08:00;17:00;32;4;IDR;17/05/2023;19/05/2023;5;Soft Skill;Certification;Management Science;STEM Engineering
EMP085258;;29/05/2025;21/05/2025;Aldhi Usman;Manual Entry;Operator;TRADING;TALENT MANAGEMENT DIVISION;TAX DEPARTMENT;Strategi Transformasi Digital ;2025;MIT Sloan Executive;CERT;TECH;Bali Resort;CC6679;USD;7500000;Y;HRS;STEM;DIGITAL STRATEGY;;;08:00;17:00;24;3;IDR;21/05/2025;29/05/2025;1;Leadership;Certification;Human Capital;STEM Technical
55127;TRAIN;02/02/2025;01/02/2025;Wulan Triyanto;Training Interface;Officer;INFORMATION TECHNOLOGY;MAINTENANCE DIVISION;LEGAL DEPT DEPARTMENT;Komunikasi Efektif;2025;Dale Carnegie ID;DEVEL;TECH;Bali Resort;CC9592;IDR;0;X;TEC;NSTEM;COMMUNICATION;24;CERT-66550;08:00;17:00;8;1;IDR;01/02/2025;02/02/2025;5;Soft Skill;Training;Human Capital;Non-STEM General Management Le
EMP085383;TRAIN;23/02/2025;22/02/2025;Jaka Budiman;Manual Entry;Officer;TRADING;MAINTENANCE DIVISION;QUALITY CONTROL DEPARTMENT;Teknik Negosiasi;2025;Harvard Online;WORKSHOP;TECH;Bali Resort;CC8451;USD;0;;HRS;NSGML;NEGOTIATION;12;CERT-62342;08:00;17:00;16;2;IDR;22/02/2025;23/02/2025;5;Soft Skill;Seminar;Management Science;STEM Technical
EMP085209;CERT;11/10/2024;02/10/2024;Sri Wardhana;Training Interface;Engineer;FINANCIAL SERVICES;PROCUREMENT DIVISION;LOGISTICS DEPARTMENT;Keselamatan Pertambangan;2024;Internal Trainer;TRAIN;SOFT;Bali Resort;CC7857;IDR;3500000;Y;HRS;NSGML;Safety;0;CERT-47610;08:00;17:00;16;2;IDR;02/10/2024;11/10/2024;2;Technical Skill;Workshop;Engineering;Non-STEM General Management Le
EMP087047;;15/02/2025;03/02/2025;DIAN MAHENDRA;Manual Entry;Senior Analyst;AGRIBUSINESS;INTERNAL AUDIT DIVISION;LOGISTICS DEPARTMENT;MS Excel Lanjutan;2025;kelas.work;TRAIN;COMPL;;CC7610;USD;0;X;HRS;NSGML;MS EXCEL;12;CERT-19020;08:00;17:00;16;2;IDR;03/02/2025;15/02/2025;4;Technical Skill;Certification;Engineering;STEM Technical
79196;TRAIN;26/06/2022;25/06/2022;Fahmi Gunawan;Self Reported;Department Head;LEGAL & COMPLIANCE;PRODUCTION DIVISION;LEGAL DEPT DEPARTMENT;Data Analytics Advance;2022;Coursera;CERT;SOFT;;CC5346;USD;0;Y;MGS;NSTEM;Data Analytics;0;CERT-91032;08:00;17:00;40;5;IDR;25/06/2022;26/06/2022;5;Technical Skill;Workshop;Management Science;STEM Technical
48116;TRAIN;07/08/2022;31/07/2022;Julia Cokro;Self Reported;Engineer;INFORMATION TECHNOLOGY;PRODUCTION DIVISION;OPERATIONS DEPT DEPARTMENT;Risk Factor In Merger Acquisition;2022;Internal Trainer;WORKSHOP;LEAD;Jakarta Office;CC2494;IDR;3500000;;MGS;NSGML;M&A;0;CERT-51649;08:00;17:00;8;1;IDR;31/07/2022;07/08/2022;4;Technical Skill;Workshop;Human Capital;STEM Engineering
EMP085086;TRAIN;06/08/2024;26/07/2024;Vina Ginanjar;Self Reported;Senior Analyst;FORESTRY & PLANTATION;PRODUCTION OPERATIONS DIVISION;HEAVY EQUIPMENT DEPARTMENT;Komunikasi Efektif;2024;Dale Carnegie ID;DEVEL;SOFT;Bali Resort;CC3975;IDR;7500000;Y;TEC;STEM;COMMUNICATION;0;CERT-85511;08:00;17:00;8;1;IDR;26/07/2024;06/08/2024;3;Soft Skill;Seminar;Engineering;STEM Technical
EMP089046;CERT;07/08/2024;31/07/2024;Sri Gunawan;Training Interface;Manager;MINING OPERATIONS;ENGINEERING DIVISION;PLANT 1 DEPARTMENT;SAP S4HANA Basic;2024;SAP Education ID;WORKSHOP;COMPL;Online;CC3612;IDR;500000;X;FIN;NSTEM;SAP;;;08:00;17:00;32;4;IDR;31/07/2024;07/08/2024;2;Technical Skill;Workshop;Engineering;Non-STEM General Management Le
EMP089038;CERT;18/08/2024;07/08/2024;Hendra Susanto;Self Reported;Coordinator;FINANCIAL SERVICES;TREASURY DIVISION;PIPELINE DEPARTMENT;Finance for Non Finance ;2024;Coursera;DEVEL;LEAD;Surabaya HQ;CC6157;USD;0;;HRS;NSGML;Finance;;;08:00;17:00;12;1;IDR;07/08/2024;18/08/2024;2;Technical Skill;Certification;Human Capital;Non-STEM General Management Le
EMP087039;;10/03/2025;06/03/2025;Siti Setiawan;Self Reported;Senior Engineer;FORESTRY & PLANTATION;TREASURY DIVISION;PAYROLL DEPARTMENT;Cybersecurity Fundamental;2025;Coursera;CERT;SOFT;Online;CC7351;USD;0;Y;MGS;NSTEM;CYBERSECURITY;;;08:00;17:00;24;3;IDR;06/03/2025;10/03/2025;4;Technical Skill;Certification;Finance;Non-STEM General Management Le
EMP085472;;04/12/2025;01/12/2025;Andi Chandra;Self Reported;Manager;MINING OPERATIONS;PROCUREMENT DIVISION;QUALITY CONTROL DEPARTMENT;Finance for Non Finance;2025;Coursera;WORKSHOP;COMPL;Jakarta Office;CC6492;USD;0;Y;HRS;NSTEM;Finance;;;08:00;17:00;12;1;IDR;01/12/2025;04/12/2025;3;Technical Skill;Certification;Human Capital;Non-STEM General Management Le
74079;;15/03/2022;01/03/2022;Ivan Hermawan;Self Reported;General Manager;SUPPLY CHAIN;INTERNAL AUDIT DIVISION;CORPORATE AFFAIRS DEPT DEPARTMENT;SAP S4HANA Basic;2022;SAP Education ID;WORKSHOP;TECH;Online;CC8888;IDR;0;X;TEC;NSTEM;SAP;36;CERT-53321;08:00;17:00;32;4;IDR;01/03/2022;15/03/2022;4;Technical Skill;Training;Finance;STEM Engineering
EMP085497;;27/10/2024;20/10/2024;Jihan Gunadi;Manual Entry;Senior Operator;PROPERTY;PROCUREMENT DIVISION;PLANT 1 DEPARTMENT;Finance for Non Finance;2024;Coursera;DEVEL;COMPL;Jakarta Office;CC8186;USD;7500000;;MGS;NSTEM;Finance;;;08:00;17:00;12;1;IDR;20/10/2024;27/10/2024;1;Technical Skill;Seminar;Engineering;Non-STEM General Management Le
EMP089029;CERT;23/03/2022;17/03/2022;Hendra Wahyudi;Self Reported;Senior Engineer;AGRIBUSINESS;ENGINEERING DIVISION;PAYROLL DEPARTMENT;Keselamatan Pertambangan;2022;Internal Trainer;TRAIN;LEAD;Bali Resort;CC7411;IDR;0;X;FIN;NSGML;Safety;12;CERT-30077;08:00;17:00;16;2;IDR;17/03/2022;23/03/2022;2;Technical Skill;Certification;Management Science;STEM Technical
EMP085231;;27/01/2025;13/01/2025;E. EMP085231;Manual Entry;Supervisor;PROPERTY;TREASURY DIVISION;LOGISTICS DEPARTMENT;PMP Preparation;2025;PMI Indonesia;CERT;LEAD;Jakarta Office;CC7613;USD;0;X;FIN;STEM;PROJECT MANAGEMENT;24;CERT-81950;08:00;17:00;32;4;IDR;13/01/2025;27/01/2025;3;Soft Skill;Training;Engineering;Non-STEM General Management Le
EMP085126;;07/09/2023;26/08/2023;Feri Darwis;Self Reported;Supervisor;MINING OPERATIONS;TREASURY DIVISION;RECRUITMENT DEPARTMENT;Risk Factor In Merger Acquisition;2023;Internal Trainer;CERT;SOFT;Bali Resort;CC5734;IDR;1500000;;TEC;NSTEM;M&A;;;08:00;17:00;8;1;IDR;26/08/2023;07/09/2023;3;Technical Skill;Workshop;Human Capital;Non-STEM General Management Le
EMP085422;CERT;23/06/2022;17/06/2022;Employee EMP085422;Manual Entry;Manager;TRADING;PROCUREMENT DIVISION;TAX DEPARTMENT;Pengambilan Keputusan Strategis;2022;INSEAD;TRAIN;COMPL;Jakarta Office;CC9845;USD;500000;X;HRS;NSTEM;Strategy;0;CERT-74297;08:00;17:00;20;2;IDR;17/06/2022;23/06/2022;1;Leadership;Training;Engineering;STEM Engineering
EMP085453;;19/12/2022;16/12/2022;Bambang Fajari;Training Interface;Coordinator;ENERGY GROUP;TALENT MANAGEMENT DIVISION;QUALITY CONTROL DEPARTMENT;Teknik Negosiasi ;2022;Harvard Online;WORKSHOP;SOFT;Online;CC4292;USD;500000;X;HRS;NSGML;NEGOTIATION;36;CERT-27607;08:00;17:00;16;2;IDR;16/12/2022;19/12/2022;4;Soft Skill;Training;Engineering;Non-STEM General Management Le
86126;;18/07/2025;16/07/2025;Ayu Ertanto;Manual Entry;Senior Analyst;CORPORATE AFFAIRS;TALENT MANAGEMENT DIVISION;CORPORATE AFFAIRS DEPT DEPARTMENT;Teknik Negosiasi;2025;Harvard Online;WORKSHOP;COMPL;Online;CC2805;USD;0;;FIN;NSTEM;NEGOTIATION;36;CERT-79871;08:00;17:00;16;2;IDR;16/07/2025;18/07/2025;1;Soft Skill;Seminar;Management Science;Non-STEM General Management Le
37926;CERT;12/07/2024;09/07/2024;HARIS GUNAWAN;Manual Entry;Specialist;HUMAN RESOURCES;MAINTENANCE DIVISION;LOGISTICS DEPARTMENT;Coaching Performance;2024;Internal Trainer;WORKSHOP;LEAD;;CC9691;IDR;0;Y;TEC;NSGML;COACHING;;;08:00;17:00;16;2;IDR;09/07/2024;12/07/2024;3;Leadership;Seminar;Engineering;STEM Technical
13707;CERT;15/06/2022;04/06/2022;Siti Gunawan;Self Reported;Senior Analyst;MINING OPERATIONS;PRODUCTION DIVISION;QUALITY CONTROL DEPARTMENT;Risk Factor In Merger Acquisition;2022;Internal Trainer;CERT;COMPL;Jakarta Office;CC9126;IDR;0;X;HRS;NSTEM;M&A;0;CERT-28682;08:00;17:00;8;1;IDR;04/06/2022;15/06/2022;4;Technical Skill;Training;Human Capital;STEM Technical
EMP085266;CERT;18/07/2024;10/07/2024;Bambang Kusuma;Self Reported;General Manager;PROPERTY;INTERNAL AUDIT DIVISION;PAYROLL DEPARTMENT;PMP Preparation;2024;PMI Indonesia;WORKSHOP;SOFT;;CC1256;USD;3500000;X;TEC;STEM;PROJECT MANAGEMENT;;;08:00;17:00;32;4;IDR;10/07/2024;18/07/2024;4;Soft Skill;Workshop;Engineering;STEM Engineering
37793;;15/11/2022;07/11/2022;Yuni Darwis;Training Interface;Coordinator;ENGINEERING;PRODUCTION OPERATIONS DIVISION;ACCOUNTING DEPT DEPARTMENT;Teknik Negosiasi;2022;Harvard Online;WORKSHOP;LEAD;Surabaya HQ;CC1528;USD;7500000;;MGS;NSTEM;NEGOTIATION;;;08:00;17:00;16;2;IDR;07/11/2022;15/11/2022;3;Soft Skill;Training;Engineering;STEM Engineering
EMP085450;TRAIN;12/04/2022;10/04/2022;Citra Tanjung;Manual Entry;Supervisor;FINANCIAL SERVICES;PROCUREMENT DIVISION;RECRUITMENT DEPARTMENT;ESG Reporting;2022;GRI;TRAIN;LEAD;Online;CC1147;USD;3500000;X;TEC;NSGML;ESG;;;08:00;17:00;12;1;IDR;10/04/2022;12/04/2022;2;Technical Skill;Training;Finance;STEM Engineering
EMP085191;;18/12/2024;11/12/2024;Budi Kartono;Manual Entry;Senior Operator;FINANCIAL SERVICES;ENGINEERING DIVISION;HEAVY EQUIPMENT DEPARTMENT;Komunikasi Efektif;2024;Dale Carnegie ID;CERT;COMPL;Online;CC5560;IDR;1500000;;FIN;STEM;COMMUNICATION;36;CERT-32871;08:00;17:00;8;1;IDR;11/12/2024;18/12/2024;4;Soft Skill;Seminar;Engineering;STEM Engineering
EMP085135;CERT;30/08/2023;19/08/2023;Yanto Wahyudi;Training Interface;Department Head;FORESTRY & PLANTATION;MAINTENANCE DIVISION;HEAVY EQUIPMENT DEPARTMENT;Leadership Essential ;2023;Internal Trainer;CERT;SOFT;Online;CC3082;IDR;7500000;X;MGS;STEM;Leadership;24;CERT-45477;08:00;17:00;16;2;IDR;19/08/2023;30/08/2023;5;Leadership;Seminar;Human Capital;STEM Technical
75831;CERT;24/11/2024;11/11/2024;Mulia Akbar;Self Reported;Coordinator;HSE;MAINTENANCE DIVISION;ACCOUNTING DEPT DEPARTMENT;PMP Preparation;2024;PMI Indonesia;WORKSHOP;LEAD;Surabaya HQ;CC2888;USD;0;X;TEC;NSTEM;PROJECT MANAGEMENT;36;CERT-58852;08:00;17:00;32;4;IDR;11/11/2024;24/11/2024;1;Soft Skill;Workshop;Human Capital;Non-STEM General Management Le
EMP085270;;28/05/2024;27/05/2024;Victor Rohman;Manual Entry;Manager;ENERGY GROUP;INTERNAL AUDIT DIVISION;HEAVY EQUIPMENT DEPARTMENT;ESG Reporting;2024;GRI;CERT;SOFT;Online;CC3242;USD;0;Y;TEC;NSGML;ESG;0;CERT-73869;08:00;17:00;12;1;IDR;27/05/2024;28/05/2024;3;Technical Skill;Seminar;Management Science;Non-STEM General Management Le
EMP085277;CERT;16/10/2023;04/10/2023;Employee EMP085277;Manual Entry;Section Head;AGRIBUSINESS;TREASURY DIVISION;PIPELINE DEPARTMENT;MS Excel Lanjutan;2023;kelas.work;TRAIN;LEAD;Online;CC3073;USD;0;;TEC;NSGML;MS Excel;0;CERT-12708;08:00;17:00;16;2;IDR;04/10/2023;16/10/2023;1;Technical Skill;Workshop;Management Science;Non-STEM General Management Le
EMP085324;CERT;16/03/2024;05/03/2024;Rahmad Salim;Self Reported;Senior Engineer;FINANCIAL SERVICES;ENGINEERING DIVISION;QUALITY CONTROL DEPARTMENT;Leadership Essential;2024;Internal Trainer;DEVEL;TECH;;CC9555;IDR;1500000;Y;HRS;NSTEM;LEADERSHIP;;;08:00;17:00;16;2;IDR;05/03/2024;16/03/2024;5;Leadership;Training;Management Science;STEM Engineering
EMP085231;CERT;15/08/2022;07/08/2022;E. EMP085231;Training Interface;Supervisor;PROPERTY;TREASURY DIVISION;LOGISTICS DEPARTMENT;Cybersecurity Fundamental;2022;Coursera;DEVEL;TECH;Bali Resort;CC3758;USD;0;X;MGS;NSTEM;Cybersecurity;36;CERT-57333;08:00;17:00;24;3;IDR;07/08/2022;15/08/2022;2;Technical Skill;Workshop;Engineering;STEM Engineering
99593;;17/08/2023;03/08/2023;A. Salim;Self Reported;Department Head;INFORMATION TECHNOLOGY;ENGINEERING DIVISION;ENGINEERING DEPT DEPARTMENT;Keselamatan Pertambangan;2023;Internal Trainer;TRAIN;LEAD;Surabaya HQ;CC1440;IDR;0;X;HRS;NSGML;SAFETY;;;08:00;17:00;16;2;IDR;03/08/2023;17/08/2023;3;Technical Skill;Training;Human Capital;Non-STEM General Management Le
EMP085094;TRAIN;20/10/2023;15/10/2023;Vina Iskandar;Training Interface;Supervisor;TRADING;TREASURY DIVISION;PIPELINE DEPARTMENT;Cybersecurity Fundamental ;2023;Coursera;TRAIN;SOFT;Online;CC9055;USD;0;;HRS;NSGML;CYBERSECURITY;24;CERT-29403;08:00;17:00;24;3;IDR;15/10/2023;20/10/2023;1;Technical Skill;Workshop;Engineering;Non-STEM General Management Le
77151;TRAIN;08/05/2024;06/05/2024;BAMBANG WIJAYA;Manual Entry;Manager;CORPORATE;TALENT MANAGEMENT DIVISION;PLANT 2 DEPARTMENT;MS Excel Lanjutan;2024;kelas.work;DEVEL;SOFT;Bali Resort;CC4697;USD;7500000;Y;TEC;NSGML;MS Excel;;;08:00;17:00;16;2;IDR;06/05/2024;08/05/2024;1;Technical Skill;Training;Management Science;Non-STEM General Management Le
EMP085245;CERT;30/04/2024;18/04/2024;Doni Widodo;Self Reported;Specialist;AGRIBUSINESS;PROCUREMENT DIVISION;TAX DEPARTMENT;Coaching Performance;2024;Internal Trainer;WORKSHOP;TECH;Jakarta Office;CC1868;IDR;0;X;TEC;NSGML;COACHING;0;CERT-39878;08:00;17:00;16;2;IDR;18/04/2024;30/04/2024;2;Leadership;Certification;Finance;STEM Technical
46927;;27/10/2022;14/10/2022;Oscar Dianto;Training Interface;Senior Engineer;ENGINEERING;TALENT MANAGEMENT DIVISION;OPERATIONS DEPT DEPARTMENT;strategi transformasi digital;2022;MIT Sloan Executive;WORKSHOP;TECH;Surabaya HQ;CC9957;USD;0;X;FIN;STEM;DIGITAL STRATEGY;;;08:00;17:00;24;3;IDR;14/10/2022;27/10/2022;3;Leadership;Certification;Management Science;Non-STEM General Management Le
90085;CERT;23/02/2025;19/02/2025;Qomar Haryadi;Training Interface;Section Head;SUPPLY CHAIN;INTERNAL AUDIT DIVISION;HSE DEPT DEPARTMENT;Cybersecurity Fundamental;2025;Coursera;WORKSHOP;SOFT;Online;CC8652;USD;7500000;Y;HRS;NSGML;Cybersecurity;36;CERT-69398;08:00;17:00;24;3;IDR;19/02/2025;23/02/2025;2;Technical Skill;Certification;Management Science;STEM Engineering
92921;;27/05/2025;22/05/2025;Hadi Akbar;Manual Entry;Senior Operator;CORPORATE;INTERNAL AUDIT DIVISION;LEGAL DEPT DEPARTMENT;PMP Preparation;2025;PMI Indonesia;CERT;TECH;;CC7999;USD;0;;FIN;STEM;Project Management;;;08:00;17:00;32;4;IDR;22/05/2025;27/05/2025;2;Soft Skill;Certification;Finance;Non-STEM General Management Le
EMP085239;;13/10/2024;10/10/2024;Miko Wardhana;Training Interface;Specialist;TRADING;TALENT MANAGEMENT DIVISION;PAYROLL DEPARTMENT;PMP Preparation ;2024;PMI Indonesia;CERT;LEAD;Bali Resort;CC6320;USD;7500000;X;HRS;NSTEM;Project Management;12;CERT-45481;08:00;17:00;32;4;IDR;10/10/2024;13/10/2024;3;Soft Skill;Workshop;Finance;Non-STEM General Management Le
EMP089034;;16/04/2025;08/04/2025;Agus Kurniawan;Manual Entry;Officer;FINANCIAL SERVICES;PROCUREMENT DIVISION;LOGISTICS DEPARTMENT;Komunikasi Efektif;2025;Dale Carnegie ID;CERT;COMPL;Jakarta Office;CC6775;IDR;7500000;X;FIN;STEM;Communication;24;CERT-67770;08:00;17:00;8;1;IDR;08/04/2025;16/04/2025;4;Soft Skill;Certification;Management Science;STEM Engineering
97448;CERT;23/06/2024;22/06/2024;Taufik Zulkarnain;Manual Entry;Operator;INFORMATION TECHNOLOGY;TREASURY DIVISION;FINANCE DEPT DEPARTMENT;Leadership Essential;2024;Internal Trainer;DEVEL;SOFT;Bali Resort;CC3994;IDR;0;X;HRS;STEM;Leadership;;;08:00;17:00;16;2;IDR;22/06/2024;23/06/2024;4;Leadership;Certification;Finance;STEM Technical
EMP085471;;10/05/2023;28/04/2023;Pitra Mahendra;Self Reported;Officer;FINANCIAL SERVICES;INTERNAL AUDIT DIVISION;LOGISTICS DEPARTMENT;risk factor in merger acquisition;2023;Internal Trainer;DEVEL;SOFT;Bali Resort;CC5532;IDR;0;Y;HRS;NSTEM;M&A;24;CERT-78581;08:00;17:00;8;1;IDR;28/04/2023;10/05/2023;1;Technical Skill;Workshop;Management Science;STEM Engineering
11248;;14/01/2024;12/01/2024;LENI HALIM;Self Reported;Supervisor;HSE;ENGINEERING DIVISION;IT DEPT DEPARTMENT;Leadership Essential ;2024;Internal Trainer;DEVEL;COMPL;Surabaya HQ;CC4764;IDR;1500000;;HRS;NSTEM;LEADERSHIP;36;CERT-76275;08:00;17:00;16;2;IDR;12/01/2024;14/01/2024;5;Leadership;Workshop;Finance;STEM Technical
EMP085181;;18/09/2025;17/09/2025;Ivan Ginanjar;Manual Entry;General Manager;FORESTRY & PLANTATION (HOLDING);MAINTENANCE DIVISION;RECRUITMENT DEPARTMENT;Risk Factor In Merger Acquisition;2025;Internal Trainer;TRAIN;TECH;Jakarta Office;CC8232;IDR;500000;;HRS;NSTEM;M&A;12;CERT-28415;08:00;17:00;8;1;IDR;17/09/2025;18/09/2025;4;Technical Skill;Certification;Engineering;STEM Technical
EMP085426;CERT;27/10/2025;22/10/2025;Zahra Lubis;Self Reported;Section Head;CORPORATE CENTER;PRODUCTION DIVISION;PLANT 1 DEPARTMENT;Cybersecurity Fundamental;2025;Coursera;CERT;LEAD;;CC6817;USD;0;;TEC;NSTEM;Cybersecurity;;;08:00;17:00;24;3;IDR;22/10/2025;27/10/2025;3;Technical Skill;Certification;Finance;Non-STEM General Management Le
30644;;17/10/2024;12/10/2024;F. Nugroho;Training Interface;Manager;MINING OPERATIONS;TALENT MANAGEMENT DIVISION;ENGINEERING DEPT DEPARTMENT;MS Excel Lanjutan;2024;kelas.work;WORKSHOP;SOFT;Surabaya HQ;CC2722;USD;0;;FIN;NSTEM;MS EXCEL;0;CERT-23871;08:00;17:00;16;2;IDR;12/10/2024;17/10/2024;2;Technical Skill;Workshop;Human Capital;STEM Engineering
EMP085289;;20/01/2024;12/01/2024;Sandra Jaya;Manual Entry;Specialist;AGRIBUSINESS;MAINTENANCE DIVISION;CORPORATE PIPELINE DEPARTMENT;Komunikasi Efektif;2024;Dale Carnegie ID;CERT;LEAD;Bali Resort;CC7394;IDR;0;X;TEC;NSGML;Communication;24;CERT-24841;08:00;17:00;8;1;IDR;12/01/2024;20/01/2024;2;Soft Skill;Certification;Human Capital;STEM Technical
EMP085081;TRAIN;04/03/2024;22/02/2024;Miko Chandra;Self Reported;Operator;FORESTRY & PLANTATION;INTERNAL AUDIT DIVISION;HEAVY EQUIPMENT DEPARTMENT;Risk Factor In Merger Acquisition;2024;Internal Trainer;CERT;COMPL;Online;CC4070;IDR;0;X;HRS;NSGML;M&A;12;CERT-59069;08:00;17:00;8;1;IDR;22/02/2024;04/03/2024;5;Technical Skill;Workshop;Management Science;STEM Technical
31203;CERT;29/07/2024;22/07/2024;Siska Triyanto;Manual Entry;Department Head;CORPORATE AFFAIRS;ENGINEERING DIVISION;IT DEPT DEPARTMENT;Leadership Essential;2024;Internal Trainer;CERT;TECH;Online;CC8517;IDR;0;Y;FIN;NSGML;Leadership;12;CERT-56165;08:00;17:00;16;2;IDR;22/07/2024;29/07/2024;5;Leadership;Seminar;Human Capital;STEM Technical
EMP085344;;14/02/2022;04/02/2022;Putri Darwis;Manual Entry;Manager;ENERGY GROUP;ENGINEERING DIVISION;LOGISTICS DEPARTMENT;Keselamatan Pertambangan;2022;Internal Trainer;WORKSHOP;LEAD;Surabaya HQ;CC6050;IDR;0;;MGS;STEM;SAFETY;24;CERT-63154;08:00;17:00;16;2;IDR;04/02/2022;14/02/2022;3;Technical Skill;Certification;Human Capital;Non-STEM General Management Le
EMP085012;;15/08/2022;09/08/2022;Budi Zulkarnain;Training Interface;Senior Operator;LOGISTICS;TALENT MANAGEMENT DIVISION;PAYROLL DEPARTMENT;PMP Preparation ;2022;PMI Indonesia;CERT;SOFT;Surabaya HQ;CC8796;USD;500000;;MGS;NSGML;Project Management;;;08:00;17:00;32;4;IDR;09/08/2022;15/08/2022;4;Soft Skill;Certification;Management Science;Non-STEM General Management Le
EMP085150;CERT;20/06/2025;19/06/2025;Putri Tanjung;Self Reported;Section Head;AGRIBUSINESS;PRODUCTION DIVISION;TAX DEPARTMENT;Cybersecurity Fundamental ;2025;Coursera;TRAIN;COMPL;Surabaya HQ;CC5227;USD;0;Y;HRS;NSGML;CYBERSECURITY;24;CERT-81011;08:00;17:00;24;3;IDR;19/06/2025;20/06/2025;2;Technical Skill;Workshop;Human Capital;Non-STEM General Management Le
85246;;02/09/2022;25/08/2022;Gina Kurniawan;Training Interface;General Manager;SUPPLY CHAIN;ENGINEERING DIVISION;FINANCE DEPT DEPARTMENT;SAP S4HANA Basic;2022;SAP Education ID;CERT;COMPL;Bali Resort;CC2918;IDR;0;Y;FIN;NSGML;SAP;12;CERT-48493;08:00;17:00;32;4;IDR;25/08/2022;02/09/2022;1;Technical Skill;Workshop;Engineering;Non-STEM General Management Le
35473;;21/11/2025;11/11/2025;Veri Purwanto;Manual Entry;Senior Analyst;FINANCE & ACCOUNTING;PRODUCTION DIVISION;IT DEPT DEPARTMENT;Cybersecurity Fundamental;2025;Coursera;CERT;LEAD;Surabaya HQ;CC2434;USD;500000;Y;HRS;NSGML;Cybersecurity;0;CERT-67881;08:00;17:00;24;3;IDR;11/11/2025;21/11/2025;4;Technical Skill;Workshop;Engineering;Non-STEM General Management Le
12226;TRAIN;06/03/2023;26/02/2023;Zahra Indrawan;Manual Entry;Coordinator;LEGAL & COMPLIANCE;PROCUREMENT DIVISION;ENGINEERING DEPT DEPARTMENT;strategi transformasi digital;2023;MIT Sloan Executive;TRAIN;LEAD;;CC2681;USD;0;;TEC;NSGML;Digital Strategy;24;CERT-46106;08:00;17:00;24;3;IDR;26/02/2023;06/03/2023;1;Leadership;Seminar;Engineering;Non-STEM General Management Le
57985;CERT;17/09/2022;07/09/2022;Yanto Fauzi;Training Interface;Senior Analyst;FINANCE & ACCOUNTING;TREASURY DIVISION;FINANCE DEPT DEPARTMENT;Data Analytics Advance;2022;Coursera;TRAIN;SOFT;;CC2733;USD;500000;;TEC;NSTEM;DATA ANALYTICS;36;CERT-98736;08:00;17:00;40;5;IDR;07/09/2022;17/09/2022;3;Technical Skill;Training;Management Science;STEM Engineering
EMP089000;TRAIN;06/11/2023;05/11/2023;Lestari Sari;Manual Entry;Analyst;AGRIBUSINESS;INTERNAL AUDIT DIVISION;QUALITY CONTROL DEPARTMENT;Coaching Performance;2023;Internal Trainer;TRAIN;SOFT;Surabaya HQ;CC7056;IDR;1500000;Y;TEC;NSGML;Coaching;;;08:00;17:00;16;2;IDR;05/11/2023;06/11/2023;4;Leadership;Seminar;Management Science;STEM Engineering
EMP085434;;12/10/2022;29/09/2022;Veri Utama;Self Reported;Senior Analyst;TRADING;TALENT MANAGEMENT DIVISION;PLANT 2 DEPARTMENT;Leadership Essential;2022;Internal Trainer;DEVEL;LEAD;Jakarta Office;CC7711;IDR;3500000;Y;HRS;STEM;LEADERSHIP;0;CERT-93422;08:00;17:00;16;2;IDR;29/09/2022;12/10/2022;4;Leadership;Certification;Management Science;Non-STEM General Management Le
EMP085134;TRAIN;25/02/2022;14/02/2022;Siska Nugroho;Training Interface;General Manager;FINANCIAL SERVICES;ENGINEERING DIVISION;LOGISTICS DEPARTMENT;Data Analytics Advance;2022;Coursera;DEVEL;SOFT;Bali Resort;CC1734;USD;3500000;Y;MGS;STEM;DATA ANALYTICS;12;CERT-59061;08:00;17:00;40;5;IDR;14/02/2022;25/02/2022;2;Technical Skill;Certification;Management Science;Non-STEM General Management Le
76102;CERT;28/01/2022;24/01/2022;Rizki Cahyadi;Self Reported;Specialist;INFORMATION TECHNOLOGY;ENGINEERING DIVISION;ENGINEERING DEPT DEPARTMENT;Teknik Negosiasi ;2022;Harvard Online;WORKSHOP;COMPL;Jakarta Office;CC1173;USD;0;Y;TEC;STEM;NEGOTIATION;12;CERT-73135;08:00;17:00;16;2;IDR;24/01/2022;28/01/2022;4;Soft Skill;Seminar;Engineering;STEM Engineering
43260;;12/02/2024;30/01/2024;ULFA TRIYANTO;Manual Entry;Senior Engineer;FINANCE & ACCOUNTING;TALENT MANAGEMENT DIVISION;OPERATIONS DEPT DEPARTMENT;pengambilan keputusan strategis;2024;INSEAD;WORKSHOP;TECH;Jakarta Office;CC5849;USD;7500000;;FIN;STEM;STRATEGY;12;CERT-49617;08:00;17:00;20;2;IDR;30/01/2024;12/02/2024;5;Leadership;Workshop;Finance;STEM Engineering
90382;TRAIN;06/02/2022;05/02/2022;Zain Bachtiar;Manual Entry;Senior Analyst;FINANCE & ACCOUNTING;TALENT MANAGEMENT DIVISION;HR DEPT DEPARTMENT;PMP Preparation ;2022;PMI Indonesia;CERT;TECH;;CC2903;USD;7500000;;TEC;NSGML;Project Management;24;CERT-30902;08:00;17:00;32;4;IDR;05/02/2022;06/02/2022;3;Soft Skill;Training;Finance;STEM Engineering
EMP089021;;01/10/2022;28/09/2022;Agus Sari;Training Interface;Senior Operator;PROPERTY;PROCUREMENT DIVISION;PLANT 1 DEPARTMENT;cybersecurity fundamental;2022;Coursera;DEVEL;TECH;;CC1890;USD;0;Y;TEC;STEM;CYBERSECURITY;12;CERT-73368;08:00;17:00;24;3;IDR;28/09/2022;01/10/2022;4;Technical Skill;Workshop;Finance;STEM Technical
EMP085134;;03/10/2022;27/09/2022;Siska Nugroho;Training Interface;General Manager;FINANCIAL SERVICES;ENGINEERING DIVISION;LOGISTICS DEPARTMENT;Pengambilan Keputusan Strategis;2022;INSEAD;TRAIN;SOFT;Bali Resort;CC1349;USD;0;Y;HRS;NSTEM;Strategy;24;CERT-14665;08:00;17:00;20;2;IDR;27/09/2022;03/10/2022;1;Leadership;Seminar;Management Science;STEM Technical
20644;TRAIN;27/06/2022;21/06/2022;Joko Atmaja;Self Reported;Manager;CORPORATE;MAINTENANCE DIVISION;PLANT 1 DEPARTMENT;ESG Reporting ;2022;GRI;DEVEL;LEAD;Surabaya HQ;CC8376;USD;1500000;X;TEC;NSTEM;ESG;36;CERT-68900;08:00;17:00;12;1;IDR;21/06/2022;27/06/2022;4;Technical Skill;Certification;Finance;STEM Technical
EMP085042;;21/07/2025;10/07/2025;CAHYO ILHAM;Self Reported;Engineer;LOGISTICS;PROCUREMENT DIVISION;HEAVY EQUIPMENT DEPARTMENT;PMP Preparation;2025;PMI Indonesia;TRAIN;SOFT;Jakarta Office;CC5277;USD;0;;FIN;NSTEM;PROJECT MANAGEMENT;;;08:00;17:00;32;4;IDR;10/07/2025;21/07/2025;3;Soft Skill;Certification;Human Capital;STEM Technical
EMP085437;;24/12/2022;11/12/2022;Toni Permadi;Self Reported;Supervisor;PETROCHEMICAL;PRODUCTION DIVISION;HEAVY EQUIPMENT DEPARTMENT;SAP S4HANA Basic ;2022;SAP Education ID;DEVEL;LEAD;Online;CC1208;IDR;500000;X;HRS;NSGML;SAP;;;08:00;17:00;32;4;IDR;11/12/2022;24/12/2022;3;Technical Skill;Training;Finance;STEM Engineering
EMP085235;CERT;27/10/2023;18/10/2023;Dewi Tanjung;Self Reported;Section Head;AGRIBUSINESS;TREASURY DIVISION;DRILLING DEPARTMENT;Pengambilan Keputusan Strategis;2023;INSEAD;WORKSHOP;TECH;Bali Resort;CC9017;USD;3500000;X;MGS;NSTEM;STRATEGY;36;CERT-28724;08:00;17:00;20;2;IDR;18/10/2023;27/10/2023;5;Leadership;Certification;Management Science;STEM Technical
EMP085207;CERT;28/08/2025;26/08/2025;Hendra Chandra;Manual Entry;Manager;FINANCIAL SERVICES;PROCUREMENT DIVISION;DRILLING DEPARTMENT;PMP Preparation;2025;PMI Indonesia;DEVEL;SOFT;Jakarta Office;CC6564;USD;1500000;Y;HRS;STEM;PROJECT MANAGEMENT;;;08:00;17:00;32;4;IDR;26/08/2025;28/08/2025;2;Soft Skill;Training;Management Science;STEM Engineering
EMP085203;CERT;01/03/2025;28/02/2025;Rahmad Zulkarnain;Training Interface;Analyst;CORPORATE CENTER;PRODUCTION DIVISION;TAX DEPARTMENT;esg reporting;2025;GRI;TRAIN;COMPL;Surabaya HQ;CC3965;USD;0;Y;TEC;NSTEM;ESG;;;08:00;17:00;12;1;IDR;28/02/2025;01/03/2025;1;Technical Skill;Training;Human Capital;Non-STEM General Management Le
EMP089022;;21/08/2024;07/08/2024;Fahmi Susanto;Self Reported;Section Head;TRADING;PRODUCTION DIVISION;PIPELINE DEPARTMENT;Teknik Negosiasi ;2024;Harvard Online;WORKSHOP;TECH;Online;CC6189;USD;500000;Y;HRS;STEM;NEGOTIATION;;;08:00;17:00;16;2;IDR;07/08/2024;21/08/2024;4;Soft Skill;Workshop;Engineering;STEM Engineering
37926;TRAIN;08/03/2022;02/03/2022;HARIS GUNAWAN;Self Reported;Specialist;HUMAN RESOURCES;MAINTENANCE DIVISION;LOGISTICS DEPARTMENT;esg reporting;2022;GRI;CERT;COMPL;Online;CC2506;USD;0;Y;FIN;STEM;ESG;36;CERT-20937;08:00;17:00;12;1;IDR;02/03/2022;08/03/2022;4;Technical Skill;Seminar;Engineering;STEM Technical
EMP085242;TRAIN;11/04/2022;09/04/2022;Sri Sari;Self Reported;Manager;PROPERTY;PRODUCTION DIVISION;PLANT 1 DEPARTMENT;Teknik Negosiasi;2022;Harvard Online;TRAIN;LEAD;Jakarta Office;CC8424;USD;1500000;Y;HRS;NSTEM;Negotiation;36;CERT-17338;08:00;17:00;16;2;IDR;09/04/2022;11/04/2022;4;Soft Skill;Workshop;Management Science;STEM Engineering
EMP087032;TRAIN;02/07/2023;22/06/2023;Nanda Wijaya;Manual Entry;Officer;LOGISTICS;TALENT MANAGEMENT DIVISION;QUALITY CONTROL DEPARTMENT;Pengambilan Keputusan Strategis;2023;INSEAD;DEVEL;SOFT;Jakarta Office;CC7997;USD;3500000;X;FIN;STEM;STRATEGY;;;08:00;17:00;20;2;IDR;22/06/2023;02/07/2023;3;Leadership;Seminar;Finance;STEM Technical
EMP085192;TRAIN;12/05/2024;29/04/2024;Suci Laksono;Self Reported;General Manager;LOGISTICS;TALENT MANAGEMENT DIVISION;PIPELINE DEPARTMENT;Risk Factor In Merger Acquisition;2024;Internal Trainer;WORKSHOP;COMPL;Online;CC1385;IDR;7500000;;HRS;STEM;M&A;;;08:00;17:00;8;1;IDR;29/04/2024;12/05/2024;5;Technical Skill;Seminar;Finance;STEM Engineering
EMP085162;TRAIN;02/08/2022;20/07/2022;Hadi Zulkarnain;Self Reported;Specialist;LOGISTICS;MAINTENANCE DIVISION;QUALITY CONTROL DEPARTMENT;MS Excel Lanjutan;2022;kelas.work;WORKSHOP;LEAD;Surabaya HQ;CC2304;USD;3500000;;MGS;NSGML;MS Excel;;;08:00;17:00;16;2;IDR;20/07/2022;02/08/2022;2;Technical Skill;Certification;Management Science;STEM Engineering
EMP085113;TRAIN;27/05/2025;22/05/2025;Yanto Cokro;Training Interface;Officer;TRADING;TREASURY DIVISION;DRILLING DEPARTMENT;SAP S4HANA Basic;2025;SAP Education ID;WORKSHOP;TECH;Jakarta Office;CC3813;IDR;7500000;;TEC;STEM;SAP;;;08:00;17:00;32;4;IDR;22/05/2025;27/05/2025;5;Technical Skill;Seminar;Finance;STEM Engineering
EMP085448;CERT;24/12/2025;12/12/2025;S. Rahayu;Manual Entry;Senior Operator;FORESTRY & PLANTATION;PRODUCTION DIVISION;PIPELINE DEPARTMENT;Coaching Performance;2025;Internal Trainer;WORKSHOP;LEAD;;CC5018;IDR;1500000;X;FIN;STEM;COACHING;0;CERT-74049;08:00;17:00;16;2;IDR;12/12/2025;24/12/2025;1;Leadership;Seminar;Management Science;STEM Technical
76760;;10/03/2023;08/03/2023;Arman Dianto;Training Interface;Engineer;FINANCE & ACCOUNTING;ENGINEERING DIVISION;ACCOUNTING DEPT DEPARTMENT;Cybersecurity Fundamental ;2023;Coursera;WORKSHOP;COMPL;;CC2681;USD;0;X;MGS;NSGML;Cybersecurity;24;CERT-11823;08:00;17:00;24;3;IDR;08/03/2023;10/03/2023;4;Technical Skill;Training;Engineering;STEM Engineering
EMP085266;;21/08/2023;15/08/2023;Bambang Kusuma;Self Reported;General Manager;PROPERTY;INTERNAL AUDIT DIVISION;PAYROLL DEPARTMENT;Data Analytics Advance;2023;Coursera;WORKSHOP;TECH;Bali Resort;CC9934;USD;0;;HRS;NSGML;Data Analytics;24;CERT-77857;08:00;17:00;40;5;IDR;15/08/2023;21/08/2023;5;Technical Skill;Seminar;Finance;STEM Technical
16061;;07/10/2025;05/10/2025;VICTOR DIANTO;Self Reported;Specialist;INFORMATION TECHNOLOGY;INTERNAL AUDIT DIVISION;FINANCE DEPT DEPARTMENT;SAP S4HANA Basic;2025;SAP Education ID;WORKSHOP;COMPL;Bali Resort;CC4028;IDR;500000;X;TEC;NSGML;SAP;0;CERT-59279;08:00;17:00;32;4;IDR;05/10/2025;07/10/2025;3;Technical Skill;Workshop;Human Capital;Non-STEM General Management Le
EMP085164;;08/01/2024;26/12/2023;Yola Indrawan;Self Reported;Department Head;LOGISTICS;PRODUCTION DIVISION;DRILLING DEPARTMENT;Teknik Negosiasi;2023;Harvard Online;CERT;COMPL;Online;CC9243;USD;0;Y;HRS;NSGML;NEGOTIATION;;;08:00;17:00;16;2;IDR;26/12/2023;08/01/2024;5;Soft Skill;Certification;Finance;Non-STEM General Management Le
97152;TRAIN;08/11/2023;02/11/2023;Mulia Cokro;Self Reported;Department Head;INFORMATION TECHNOLOGY;PRODUCTION DIVISION;ACCOUNTING DEPT DEPARTMENT;Cybersecurity Fundamental;2023;Coursera;TRAIN;TECH;;CC2881;USD;0;;FIN;NSTEM;Cybersecurity;24;CERT-99709;08:00;17:00;24;3;IDR;02/11/2023;08/11/2023;2;Technical Skill;Workshop;Human Capital;Non-STEM General Management Le
EMP085491;CERT;14/03/2024;08/03/2024;Intan Zulkarnain;Manual Entry;Supervisor;MINING OPERATIONS;ENGINEERING DIVISION;HEAVY EQUIPMENT DEPARTMENT;Risk Factor In Merger Acquisition ;2024;Internal Trainer;CERT;TECH;;CC3895;IDR;3500000;Y;HRS;NSTEM;M&A;36;CERT-90405;08:00;17:00;8;1;IDR;08/03/2024;14/03/2024;3;Technical Skill;Seminar;Engineering;Non-STEM General Management Le
EMP085437;;05/08/2025;27/07/2025;Toni Permadi;Training Interface;Supervisor;PETROCHEMICAL;PRODUCTION DIVISION;HEAVY EQUIPMENT DEPARTMENT;ESG Reporting;2025;GRI;DEVEL;LEAD;Surabaya HQ;CC8828;USD;7500000;X;TEC;NSGML;ESG;;;08:00;17:00;12;1;IDR;27/07/2025;05/08/2025;5;Technical Skill;Certification;Human Capital;STEM Technical
EMP085081;CERT;19/09/2024;13/09/2024;Miko Chandra;Self Reported;Operator;FORESTRY & PLANTATION;INTERNAL AUDIT DIVISION;HEAVY EQUIPMENT DEPARTMENT;Leadership Essential;2024;Internal Trainer;CERT;SOFT;Online;CC5543;IDR;1500000;X;FIN;NSTEM;LEADERSHIP;36;CERT-72371;08:00;17:00;16;2;IDR;13/09/2024;19/09/2024;5;Leadership;Training;Human Capital;STEM Technical
EMP085418;CERT;12/03/2025;04/03/2025;Cika Siregar;Self Reported;Manager;AGRIBUSINESS;INTERNAL AUDIT DIVISION;QUALITY CONTROL DEPARTMENT;Data Analytics Advance;2025;Coursera;TRAIN;TECH;;CC1791;USD;3500000;X;FIN;STEM;DATA ANALYTICS;0;CERT-85531;08:00;17:00;40;5;IDR;04/03/2025;12/03/2025;2;Technical Skill;Seminar;Human Capital;STEM Technical
EMP085461;CERT;03/06/2022;02/06/2022;Yuni Budiman;Training Interface;General Manager;LOGISTICS;ENGINEERING DIVISION;PIPELINE DEPARTMENT;Risk Factor In Merger Acquisition;2022;Internal Trainer;CERT;LEAD;Online;CC9974;IDR;1500000;Y;TEC;STEM;M&A;;;08:00;17:00;8;1;IDR;02/06/2022;03/06/2022;2;Technical Skill;Seminar;Finance;STEM Technical
EMP085002;CERT;22/07/2024;14/07/2024;Nasrul Basuki;Manual Entry;Specialist;PROPERTY;PROCUREMENT DIVISION;TAX DEPARTMENT;Cybersecurity Fundamental;2024;Coursera;DEVEL;TECH;Jakarta Office;CC4421;USD;1500000;X;MGS;NSTEM;CYBERSECURITY;0;CERT-90254;08:00;17:00;24;3;IDR;14/07/2024;22/07/2024;2;Technical Skill;Seminar;Engineering;STEM Engineering
